DATAAREAID,FSMAKEBUYDECISIONID,SORTINGID,Type,ProductionID,Hours,Category,RouteID,NAME,PartCategory,Lvl4FSDs,Lvl1FSDs,Ops,OpsComplete,ProductPool,Cost,V_DIE_PURCHASE_COMPONENT,V_DIE_MSD_COST,V_DIE_LSD,V_DIE_MSD,V_DIE_FSD,V_DIE_COST
gmna,Make,2018,Actual,P00044312,30.5,Process Planning,D3H450275,NEW_CONS_FTD_MISC_LINE_UNDER_5.0_FSDS_PREP,REAR FLOOR,3.51,4.56,1,1,DIE-PREP,2825.825,18739.82,55820.57,0.81,0.28,1.09,214688.16
gmna,Make,2018,Actual,P00043605,318.5,Assembly,D3L300055,NEW-CONS_FTD_UB_BETWN_5.0_7.0_FSD'S_DRAW_LINE_DAS_TL-Stg,QTR INR,5.62,8.8,1,1,DAS,29509.025,39808.98,74756.68,0.76,0.38,1.14,224473.67
gmna,Make,2018,Actual,P00043600,219.1,Assembly,D3L300055,NEW-CONS_FTD_UB_BETWN_5.0_7.0_FSD'S_DRAW_LINE_DAS_TL-Stg,QTR INR,5.62,8.8,1,1,DAS,20299.615,32232.21,73534.65,0.97,0.37,1.34,264366.69
gmna,MAKE,2018,Actual,P00049951,150.7,V6,D3D200580,FTD_FENDER_DD_14-17_FSD,FENDER OTR,11.61,15.39,1,1,DD,14054.282,,,,,,
gmna,MAKE,2018,Actual,P00049951,654.6,Iteration,D3D200580,FTD_FENDER_DD_14-17_FSD,FENDER OTR,11.61,15.39,2,2,DD,61047.996,,,,,,
gmna,MAKE,2018,Actual,P00049951,5652,Iteration,D3D200580,FTD_FENDER_DD_14-17_FSD,FENDER OTR,11.61,15.39,2,2,DD,527105.52,,,,,,
gmna,MAKE,2018,Actual,P00049951,703.5,Iteration,D3D200580,FTD_FENDER_DD_14-17_FSD,FENDER OTR,11.61,15.39,2,2,DD,64999.735,,,,,,
gmna,MAKE,2018,Actual,P00049951,7443.7,Iteration,D3D200580,FTD_FENDER_DD_14-17_FSD,FENDER OTR,11.61,15.39,2,2,DD,688821.103,,,,,,
gmna,MAKE,2018,Actual,P00049951,322,Iteration,D3D200580,FTD_FENDER_DD_14-17_FSD,FENDER OTR,11.61,15.39,2,2,DD,29717.38,,,,,,
gmna,MAKE,2018,Actual,P00047601,897,V2,D3E350080,CONS_FTD_FENDER_IVER2_Line_V2_TOOL,FENDER OTR,11.61,15.39,1,1,V2,82784.13,82399.52,167004.54,1.73,0.85,2.58,508203.68
gmna,MAKE,2018,Actual,P00047597,689.7,V2,D3E350080,CONS_FTD_FENDER_IVER2_Line_V2_TOOL,FENDER OTR,11.61,15.39,1,1,V2,63652.413,62731.48,159230.06,1.94,0.81,2.75,542636.32
gmna,MAKE,2018,Actual,P00047605,255.7,V2,D3E350080,CONS_FTD_FENDER_IVER2_Line_V2_TOOL,FENDER OTR,11.61,15.39,1,1,V2,23598.553,59750.79,138705.48,1.43,0.7,2.14,421381.56
gmna,MAKE,2018,Actual,P00047609,190.4,V2,D3E350080,CONS_FTD_FENDER_IVER2_Line_V2_TOOL,FENDER OTR,11.61,15.39,1,1,V2,17572.016,76608.77,147356.32,1.29,0.75,2.04,402705.69
gmna,MAKE,2018,Actual,P00047593,911.1,V1,D3E300080,CONS_FTD_FENDER_IVER2_DRAW-010_V1_TOOL,FENDER OTR,11.61,15.39,1,1,V1,84085.419,14614.92,101376.63,1.59,0.51,2.1,415017.81
gmna,MAKE,2018,Actual,P00047599,1003,Total,D3E450265,NEW_CONS_FTD_FENDER_IVER2_PREP_LINE_DIE,FENDER OTR,11.61,15.39,6,6,DIE-PREP,92566.87,82399.52,167004.54,1.73,0.85,2.58,508203.68
gmna,Make,2018,Actual,P00043595,528.4,Assembly,D3L300055,NEW-CONS_FTD_UB_BETWN_5.0_7.0_FSD'S_DRAW_LINE_DAS_TL-Stg,QTR INR,5.62,8.8,1,1,DAS,48956.26,12185.95,50517.25,1.09,0.26,1.35,266143.18
gmna,Make,2018,Actual,P00043603,115.7,Design,D2Y350520,NEW_DSGN_FTD_LINE_FSD'S_BETWEEN_5.0_7.0,QTR INR,5.62,8.8,6,6,DSGN,7798.18,32232.21,73534.65,0.97,0.37,1.34,264366.69
gmna,Make,2018,Actual,P00043615,124.5,Design,D2Y350520,NEW_DSGN_FTD_LINE_FSD'S_BETWEEN_5.0_7.0,QTR INR,5.62,8.8,6,6,DSGN,8391.3,21241.45,53435.79,0.58,0.27,0.85,167086.29
gmna,Make,2018,Actual,P00045272,137,Design,D2Y350540,NEW_DSGN_FTD_LINE_FSD'S_QTR_INR,QTR INR,5.62,8.8,6,6,DSGN,9233.8,13546.6,45423.14,0.71,0.23,0.94,185717.15
gmna,Make,2018,Actual,P00043596,155.1,Patterns,D3I450270,NEW_CONS_FTD_MISC_DRAW_BETWEEN_5.0_7.0_FSDS_PREP,QTR INR,5.62,8.8,2,2,DIE-PREP,14370.015,12185.95,50517.25,1.09,0.26,1.35,266143.18
gmna,Make,2018,Actual,P00043600,381,Initial Machining,D3L300055,NEW-CONS_FTD_UB_BETWN_5.0_7.0_FSD'S_DRAW_LINE_DAS_TL-Stg,QTR INR,5.62,8.8,1,1,DAS,35299.65,32232.21,73534.65,0.97,0.37,1.34,264366.69
gmna,Make,2018,Actual,P00045268,205.9,Initial Machining,D3M300055,NEW-CONS_FTD_QTR_INR_BETWN_9_12_FSD'S_DRAW_LINE_DAS_TL-Stg,QTR INR,5.62,8.8,1,1,DAS,19076.635,13546.6,45423.14,0.71,0.23,0.94,185717.15
gmna,Make,2018,Actual,P00043611,203.2,Initial Machining,D3L300055,NEW-CONS_FTD_UB_BETWN_5.0_7.0_FSD'S_DRAW_LINE_DAS_TL-Stg,QTR INR,5.62,8.8,1,1,DAS,18826.48,21241.45,53435.79,0.58,0.27,0.85,167086.29
gmna,Make,2018,Actual,P00043596,247.2,Foundry,D3I450270,NEW_CONS_FTD_MISC_DRAW_BETWEEN_5.0_7.0_FSDS_PREP,QTR INR,5.62,8.8,2,2,DIE-PREP,22903.08,12185.95,50517.25,1.09,0.26,1.35,266143.18
gmna,MAKE,2018,Actual,P00047602,960.1,Total,D3E360055,NEW-CONS_FTD_FENDER_IVER2_Line_DAS_TL-Stg,FENDER OTR,11.61,15.39,4,4,DAS,88607.629,59750.79,138705.48,1.43,0.7,2.14,421381.56
gmna,Make,2018,Actual,P00043601,143,Foundry,D3I450275,NEW_CONS_FTD_MISC_LINE_BETWEEN_5.0_7.0_FSDS_PREP,QTR INR,5.62,8.8,3,3,DIE-PREP,13248.95,32232.21,73534.65,0.97,0.37,1.34,264366.69
gmna,Make,2018,Actual,P00043600,240.6,Final Machining,D3L300055,NEW-CONS_FTD_UB_BETWN_5.0_7.0_FSD'S_DRAW_LINE_DAS_TL-Stg,QTR INR,5.62,8.8,1,1,DAS,22291.59,32232.21,73534.65,0.97,0.37,1.34,264366.69
gmna,Make,2018,Actual,P00043605,194.5,Final Machining,D3L300055,NEW-CONS_FTD_UB_BETWN_5.0_7.0_FSD'S_DRAW_LINE_DAS_TL-Stg,QTR INR,5.62,8.8,1,1,DAS,18020.425,39808.98,74756.68,0.76,0.38,1.14,224473.67
gmna,Make,2018,Actual,P00043595,176,Final Machining,D3L300055,NEW-CONS_FTD_UB_BETWN_5.0_7.0_FSD'S_DRAW_LINE_DAS_TL-Stg,QTR INR,5.62,8.8,1,1,DAS,16306.4,12185.95,50517.25,1.09,0.26,1.35,266143.18
gmna,Make,2018,Actual,P00043611,115.4,Final Machining,D3L300055,NEW-CONS_FTD_UB_BETWN_5.0_7.0_FSD'S_DRAW_LINE_DAS_TL-Stg,QTR INR,5.62,8.8,1,1,DAS,10691.81,21241.45,53435.79,0.58,0.27,0.85,167086.29
gmna,Make,2018,Actual,P00045268,108.5,Final Machining,D3M300055,NEW-CONS_FTD_QTR_INR_BETWN_9_12_FSD'S_DRAW_LINE_DAS_TL-Stg,QTR INR,5.62,8.8,1,1,DAS,10052.525,13546.6,45423.14,0.71,0.23,0.94,185717.15
gmna,Make,2018,Actual,P00043598,143.6,Design,D2Y300800,NEW_DSGN_FTD_DRAW-010_FSD'S_BETWEEN_5.0_7.0,QTR INR,5.62,8.8,5,5,DSGN,9678.64,12185.95,50517.25,1.09,0.26,1.35,266143.18
gmna,Make,2018,Actual,P00043609,141.2,Design,D2Y350520,NEW_DSGN_FTD_LINE_FSD'S_BETWEEN_5.0_7.0,QTR INR,5.62,8.8,6,6,DSGN,9516.88,39808.98,74756.68,0.76,0.38,1.14,224473.67
gmna,Make,2018,Actual,P00043606,179.5,Foundry,D3I450275,NEW_CONS_FTD_MISC_LINE_BETWEEN_5.0_7.0_FSDS_PREP,QTR INR,5.62,8.8,3,3,DIE-PREP,16630.675,39808.98,74756.68,0.76,0.38,1.14,224473.67
gmna,MAKE,2018,Actual,P00047606,930.4,Total,D3E360055,NEW-CONS_FTD_FENDER_IVER2_Line_DAS_TL-Stg,FENDER OTR,11.61,15.39,4,4,DAS,85866.616,76608.77,147356.32,1.29,0.75,2.04,402705.69
gmna,MAKE,2018,Actual,P00047593,911.1,Total,D3E300080,CONS_FTD_FENDER_IVER2_DRAW-010_V1_TOOL,FENDER OTR,11.61,15.39,1,1,V1,84085.419,14614.92,101376.63,1.59,0.51,2.1,415017.81
gmna,MAKE,2018,Actual,P00047601,897,Total,D3E350080,CONS_FTD_FENDER_IVER2_Line_V2_TOOL,FENDER OTR,11.61,15.39,1,1,V2,82784.13,82399.52,167004.54,1.73,0.85,2.58,508203.68
gmna,MAKE,2018,Actual,P00047591,321.9,Patterns,D3E450260,NEW_CONS_FTD_FENDER_IVER2_PREP_DRAW,FENDER OTR,11.61,15.39,2,2,DIE-PREP,29031.328,14614.92,101376.63,1.59,0.51,2.1,415017.81
gmna,MAKE,2018,Actual,P00047595,319.3,Patterns,D3E450265,NEW_CONS_FTD_FENDER_IVER2_PREP_LINE_DIE,FENDER OTR,11.61,15.39,2,2,DIE-PREP,29416.117,62731.48,159230.06,1.94,0.81,2.75,542636.32
gmna,MAKE,2018,Actual,P00047607,315.9,Patterns,D3E450265,NEW_CONS_FTD_FENDER_IVER2_PREP_LINE_DIE,FENDER OTR,11.61,15.39,2,2,DIE-PREP,29154.411,76608.77,147356.32,1.29,0.75,2.04,402705.69
gmna,MAKE,2018,Actual,P00047603,314.4,Patterns,D3E450265,NEW_CONS_FTD_FENDER_IVER2_PREP_LINE_DIE,FENDER OTR,11.61,15.39,2,2,DIE-PREP,29015.976,59750.79,138705.48,1.43,0.7,2.14,421381.56
gmna,MAKE,2018,Actual,P00047599,268.1,Patterns,D3E450265,NEW_CONS_FTD_FENDER_IVER2_PREP_LINE_DIE,FENDER OTR,11.61,15.39,2,2,DIE-PREP,24742.949,82399.52,167004.54,1.73,0.85,2.58,508203.68
gmna,MAKE,2018,Actual,P00047590,525.9,Initial Machining,D3E300055,NEW-CONS_FTD_FENDER_IVER2_Draw_010_DAS_TL-Stg,FENDER OTR,11.61,15.39,1,1,DAS,48535.311,14614.92,101376.63,1.59,0.51,2.1,415017.81
gmna,MAKE,2018,Actual,P00047598,446.9,Initial Machining,D3E360055,NEW-CONS_FTD_FENDER_IVER2_Line_DAS_TL-Stg,FENDER OTR,11.61,15.39,1,1,DAS,41244.401,82399.52,167004.54,1.73,0.85,2.58,508203.68
gmna,MAKE,2018,Actual,P00047595,16,Process Planning,D3E450265,NEW_CONS_FTD_FENDER_IVER2_PREP_LINE_DIE,FENDER OTR,11.61,15.39,1,1,DIE-PREP,1476.64,62731.48,159230.06,1.94,0.81,2.75,542636.32
gmna,MAKE,2018,Actual,P00047602,317.8,Initial Machining,D3E360055,NEW-CONS_FTD_FENDER_IVER2_Line_DAS_TL-Stg,FENDER OTR,11.61,15.39,1,1,DAS,29329.762,59750.79,138705.48,1.43,0.7,2.14,421381.56
gmna,MAKE,2018,Actual,P00047595,430.7,Foundry,D3E450265,NEW_CONS_FTD_FENDER_IVER2_PREP_LINE_DIE,FENDER OTR,11.61,15.39,3,3,DIE-PREP,39749.303,62731.48,159230.06,1.94,0.81,2.75,542636.32
gmna,MAKE,2018,Actual,P00047603,357.8,Foundry,D3E450265,NEW_CONS_FTD_FENDER_IVER2_PREP_LINE_DIE,FENDER OTR,11.61,15.39,3,3,DIE-PREP,33021.362,59750.79,138705.48,1.43,0.7,2.14,421381.56
gmna,MAKE,2018,Actual,P00047607,136.7,Foundry,D3E450265,NEW_CONS_FTD_FENDER_IVER2_PREP_LINE_DIE,FENDER OTR,11.61,15.39,3,3,DIE-PREP,12616.043,76608.77,147356.32,1.29,0.75,2.04,402705.69
gmna,MAKE,2018,Actual,P00047591,136.1,Foundry,D3E450260,NEW_CONS_FTD_FENDER_IVER2_PREP_DRAW,FENDER OTR,11.61,15.39,2,2,DIE-PREP,12560.669,14614.92,101376.63,1.59,0.51,2.1,415017.81
gmna,MAKE,2018,Actual,P00047598,447.6,Final Machining,D3E360055,NEW-CONS_FTD_FENDER_IVER2_Line_DAS_TL-Stg,FENDER OTR,11.61,15.39,1,1,DAS,41309.004,82399.52,167004.54,1.73,0.85,2.58,508203.68
gmna,MAKE,2018,Actual,P00047590,423.4,Final Machining,D3E300055,NEW-CONS_FTD_FENDER_IVER2_Draw_010_DAS_TL-Stg,FENDER OTR,11.61,15.39,1,1,DAS,39075.586,14614.92,101376.63,1.59,0.51,2.1,415017.81
gmna,MAKE,2018,Actual,P00047606,212.4,Initial Machining,D3E360055,NEW-CONS_FTD_FENDER_IVER2_Line_DAS_TL-Stg,FENDER OTR,11.61,15.39,1,1,DAS,19602.396,76608.77,147356.32,1.29,0.75,2.04,402705.69
gmna,Make,2018,Actual,P00045270,162.3,Patterns,D3J450275,NEW_CONS_FTD_QTR_INR_LINE_BETWEEN_9.0_12.0_FSDS_PREP,QTR INR,5.62,8.8,2,2,DIE-PREP,15037.095,13546.6,45423.14,0.71,0.23,0.94,185717.15
gmna,MAKE,2018,Actual,P00047607,20,Process Planning,D3E450265,NEW_CONS_FTD_FENDER_IVER2_PREP_LINE_DIE,FENDER OTR,11.61,15.39,1,1,DIE-PREP,1845.8,76608.77,147356.32,1.29,0.75,2.04,402705.69
gmna,MAKE,2018,Actual,P00047591,61.1,Process Planning,D3E450260,NEW_CONS_FTD_FENDER_IVER2_PREP_DRAW,FENDER OTR,11.61,15.39,1,1,DIE-PREP,5638.919,14614.92,101376.63,1.59,0.51,2.1,415017.81
gmna,MAKE,2018,Actual,P00047595,766,Total,D3E450265,NEW_CONS_FTD_FENDER_IVER2_PREP_LINE_DIE,FENDER OTR,11.61,15.39,6,6,DIE-PREP,70642.06,62731.48,159230.06,1.94,0.81,2.75,542636.32
gmna,MAKE,2018,Actual,P00047603,727.8,Total,D3E450265,NEW_CONS_FTD_FENDER_IVER2_PREP_LINE_DIE,FENDER OTR,11.61,15.39,6,6,DIE-PREP,67168.662,59750.79,138705.48,1.43,0.7,2.14,421381.56
gmna,MAKE,2018,Actual,P00047597,689.7,Total,D3E350080,CONS_FTD_FENDER_IVER2_Line_V2_TOOL,FENDER OTR,11.61,15.39,1,1,V2,63652.413,62731.48,159230.06,1.94,0.81,2.75,542636.32
gmna,MAKE,2018,Actual,P00047537,620.2,Total,D2Y350140,NEW_DSGN_FTD_LINE_CAM_FENDER_CATEGORY-2,FENDER OTR,11.61,15.39,6,6,DSGN,41858.32,62731.48,159230.06,1.94,0.81,2.75,542636.32
gmna,MAKE,2018,Actual,P00047540,534,Total,D2Y350140,NEW_DSGN_FTD_LINE_CAM_FENDER_CATEGORY-2,FENDER OTR,11.61,15.39,6,6,DSGN,35991.6,76608.77,147356.32,1.29,0.75,2.04,402705.69
gmna,MAKE,2018,Actual,P00047591,519.1,Total,D3E450260,NEW_CONS_FTD_FENDER_IVER2_PREP_DRAW,FENDER OTR,11.61,15.39,5,5,DIE-PREP,47230.916,14614.92,101376.63,1.59,0.51,2.1,415017.81
gmna,MAKE,2018,Actual,P00047539,514.4,Total,D2Y350140,NEW_DSGN_FTD_LINE_CAM_FENDER_CATEGORY-2,FENDER OTR,11.61,15.39,6,6,DSGN,34670.56,59750.79,138705.48,1.43,0.7,2.14,421381.56
gmna,MAKE,2018,Actual,P00047538,484.2,Total,D2Y350140,NEW_DSGN_FTD_LINE_CAM_FENDER_CATEGORY-2,FENDER OTR,11.61,15.39,6,6,DSGN,32635.08,82399.52,167004.54,1.73,0.85,2.58,508203.68
gmna,MAKE,2018,Actual,P00047603,55.6,Process Planning,D3E450265,NEW_CONS_FTD_FENDER_IVER2_PREP_LINE_DIE,FENDER OTR,11.61,15.39,1,1,DIE-PREP,5131.324,59750.79,138705.48,1.43,0.7,2.14,421381.56
gmna,MAKE,2018,Actual,P00047536,477.6,Total,D2Y300060,NEW_DSGN_FTD_DRAW-010_FENDER_CATEGORY-2,FENDER OTR,11.61,15.39,5,5,DSGN,32190.24,14614.92,101376.63,1.59,0.51,2.1,415017.81
gmna,MAKE,2018,Actual,P00047605,255.7,Total,D3E350080,CONS_FTD_FENDER_IVER2_Line_V2_TOOL,FENDER OTR,11.61,15.39,1,1,V2,23598.553,59750.79,138705.48,1.43,0.7,2.14,421381.56
gmna,MAKE,2018,Actual,P00047609,190.4,Total,D3E350080,CONS_FTD_FENDER_IVER2_Line_V2_TOOL,FENDER OTR,11.61,15.39,1,1,V2,17572.016,76608.77,147356.32,1.29,0.75,2.04,402705.69
gmna,MAKE,2018,Actual,P00047598,476.9,Subassembly,D3E360055,NEW-CONS_FTD_FENDER_IVER2_Line_DAS_TL-Stg,FENDER OTR,11.61,15.39,1,1,DAS,44013.101,82399.52,167004.54,1.73,0.85,2.58,508203.68
gmna,MAKE,2018,Actual,P00047606,244,Subassembly,D3E360055,NEW-CONS_FTD_FENDER_IVER2_Line_DAS_TL-Stg,FENDER OTR,11.61,15.39,1,1,DAS,22518.76,76608.77,147356.32,1.29,0.75,2.04,402705.69
gmna,MAKE,2018,Actual,P00047590,166.5,Subassembly,D3E300055,NEW-CONS_FTD_FENDER_IVER2_Draw_010_DAS_TL-Stg,FENDER OTR,11.61,15.39,1,1,DAS,15366.285,14614.92,101376.63,1.59,0.51,2.1,415017.81
gmna,MAKE,2018,Actual,P00047602,96,Subassembly,D3E360055,NEW-CONS_FTD_FENDER_IVER2_Line_DAS_TL-Stg,FENDER OTR,11.61,15.39,1,1,DAS,8859.84,59750.79,138705.48,1.43,0.7,2.14,421381.56
gmna,MAKE,2018,Actual,P00047599,90.6,Process Planning,D3E450265,NEW_CONS_FTD_FENDER_IVER2_PREP_LINE_DIE,FENDER OTR,11.61,15.39,1,1,DIE-PREP,8361.474,82399.52,167004.54,1.73,0.85,2.58,508203.68
gmna,MAKE,2018,Actual,P00047607,472.6,Total,D3E450265,NEW_CONS_FTD_FENDER_IVER2_PREP_LINE_DIE,FENDER OTR,11.61,15.39,6,6,DIE-PREP,43616.254,76608.77,147356.32,1.29,0.75,2.04,402705.69
gmna,MAKE,2018,Actual,P00047606,205,Final Machining,D3E360055,NEW-CONS_FTD_FENDER_IVER2_Line_DAS_TL-Stg,FENDER OTR,11.61,15.39,1,1,DAS,18919.45,76608.77,147356.32,1.29,0.75,2.04,402705.69
gmna,MAKE,2018,Actual,P00047527,521.6,Design,D2Y350060,NEW_DSGN_FTD_LINE_CAM_BSO_CATEGORY-1,BODY SI OTR,12.57,20.62,6,6,DSGN,35155.84,71298.31,165161.78,1.5,0.84,2.33,460228.68
gmna,MAKE,2018,Actual,P00047522,478.4,Design,D2Y350060,NEW_DSGN_FTD_LINE_CAM_BSO_CATEGORY-1,BODY SI OTR,12.57,20.62,6,6,DSGN,32244.16,97940.52,208497.24,2.19,1.06,3.24,639441.56
gmna,MAKE,2018,Actual,P00047526,476,Design,D2Y350060,NEW_DSGN_FTD_LINE_CAM_BSO_CATEGORY-1,BODY SI OTR,12.57,20.62,6,6,DSGN,32082.4,116982.99,217845.63,2.13,1.1,3.23,637198.84
gmna,MAKE,2018,Actual,P00047520,438.6,Design,D2Y300020,NEW_DSGN_FTD_DRAW-010_BSO_CATEGORY-1,BODY SI OTR,12.57,20.62,5,5,DSGN,29561.64,30119.52,160937.47,2.95,0.82,3.77,742629.13
gmna,MAKE,2018,Actual,P00047551,827.5,Assembly,D3D360055,NEW-CONS_FTD_BSO_IVER1_LINE_DAS_TL-Stg,BODY SI OTR,12.57,20.62,1,1,DAS,76369.975,97940.52,208497.24,2.19,1.06,3.24,639441.56
gmna,MAKE,2018,Actual,P00047559,652.2,Assembly,D3D360055,NEW-CONS_FTD_BSO_IVER1_LINE_DAS_TL-Stg,BODY SI OTR,12.57,20.62,1,1,DAS,60191.538,71298.31,165161.78,1.5,0.84,2.33,460228.68
gmna,Make,2018,Actual,P00043678,158.5,Patterns,D3J450275,NEW_CONS_FTD_QTR_INR_LINE_BETWEEN_9.0_12.0_FSDS_PREP,QTR INR,5.35,7.74,2,2,DIE-PREP,14685.025,27159.7,68065.23,0.94,0.35,1.29,254176.78
gmna,Make,2018,Actual,P00043690,134.7,Patterns,D3J450275,NEW_CONS_FTD_QTR_INR_LINE_BETWEEN_9.0_12.0_FSDS_PREP,QTR INR,5.35,7.74,2,2,DIE-PREP,12479.955,21906.52,54121.24,0.62,0.27,0.89,175579.13
gmna,Make,2018,Actual,P00043677,328.5,Initial Machining,D3M300055,NEW-CONS_FTD_QTR_INR_BETWN_9_12_FSD'S_DRAW_LINE_DAS_TL-Stg,QTR INR,5.35,7.74,1,1,DAS,30435.525,27159.7,68065.23,0.94,0.35,1.29,254176.78
gmna,Make,2018,Actual,P00043671,172.2,Initial Machining,D3M300055,NEW-CONS_FTD_QTR_INR_BETWN_9_12_FSD'S_DRAW_LINE_DAS_TL-Stg,QTR INR,5.35,7.74,1,1,DAS,15954.33,11879.88,52099.04,0.78,0.26,1.04,204943.98
gmna,MAKE,2018,Actual,P00047559,348.6,Final Machining,D3D360055,NEW-CONS_FTD_BSO_IVER1_LINE_DAS_TL-Stg,BODY SI OTR,12.57,20.62,1,1,DAS,32172.294,71298.31,165161.78,1.5,0.84,2.33,460228.68
gmna,MAKE,2018,Actual,P00047551,742.6,Final Machining,D3D360055,NEW-CONS_FTD_BSO_IVER1_LINE_DAS_TL-Stg,BODY SI OTR,12.57,20.62,1,1,DAS,68534.554,97940.52,208497.24,2.19,1.06,3.24,639441.56
gmna,MAKE,2018,Actual,P00047544,400,Subassembly,D3D300055,NEW-CONS_FTD_IVER1_DRAW-010_DAS_TL-Stg,BODY SI OTR,12.57,20.62,1,1,DAS,36916,30119.52,160937.47,2.95,0.82,3.77,742629.13
gmna,MAKE,2018,Actual,P00047559,265.3,Subassembly,D3D360055,NEW-CONS_FTD_BSO_IVER1_LINE_DAS_TL-Stg,BODY SI OTR,12.57,20.62,1,1,DAS,24484.537,71298.31,165161.78,1.5,0.84,2.33,460228.68
gmna,MAKE,2018,Actual,P00047552,77.5,Process Planning,D3D450255,NEW_CONS_FTD_BSO_IVER1_PREP_LINE_DIE,BODY SI OTR,12.57,20.62,1,1,DIE-PREP,7089.545,97940.52,208497.24,2.19,1.06,3.24,639441.56
gmna,MAKE,2018,Actual,P00047560,47.9,Process Planning,D3D450255,NEW_CONS_FTD_BSO_IVER1_PREP_LINE_DIE,BODY SI OTR,12.57,20.62,1,1,DIE-PREP,4420.691,71298.31,165161.78,1.5,0.84,2.33,460228.68
gmna,MAKE,2018,Actual,P00047556,24.5,Process Planning,D3D450255,NEW_CONS_FTD_BSO_IVER1_PREP_LINE_DIE,BODY SI OTR,12.57,20.62,1,1,DIE-PREP,2207.94,116982.99,217845.63,2.13,1.1,3.23,637198.84
gmna,MAKE,2018,Actual,P00047545,362.5,Patterns,D3D450250,NEW_CONS_FTD_BSO_IVER1_PREP_DRAW,BODY SI OTR,12.57,20.62,2,2,DIE-PREP,33585.625,30119.52,160937.47,2.95,0.82,3.77,742629.13
gmna,MAKE,2018,Actual,P00047552,334.2,Patterns,D3D450255,NEW_CONS_FTD_BSO_IVER1_PREP_LINE_DIE,BODY SI OTR,12.57,20.62,2,2,DIE-PREP,30764.013,97940.52,208497.24,2.19,1.06,3.24,639441.56
gmna,MAKE,2018,Actual,P00047556,316.5,Patterns,D3D450255,NEW_CONS_FTD_BSO_IVER1_PREP_LINE_DIE,BODY SI OTR,12.57,20.62,2,2,DIE-PREP,29152.697,116982.99,217845.63,2.13,1.1,3.23,637198.84
gmna,MAKE,2018,Actual,P00047555,413.5,Initial Machining,D3D360055,NEW-CONS_FTD_BSO_IVER1_LINE_DAS_TL-Stg,BODY SI OTR,12.57,20.62,1,1,DAS,38161.915,116982.99,217845.63,2.13,1.1,3.23,637198.84
gmna,MAKE,2018,Actual,P00047560,241.4,Foundry,D3D450255,NEW_CONS_FTD_BSO_IVER1_PREP_LINE_DIE,BODY SI OTR,12.57,20.62,3,3,DIE-PREP,22278.806,71298.31,165161.78,1.5,0.84,2.33,460228.68
gmna,MAKE,2018,Actual,P00047556,236.8,Foundry,D3D450255,NEW_CONS_FTD_BSO_IVER1_PREP_LINE_DIE,BODY SI OTR,12.57,20.62,3,3,DIE-PREP,21854.272,116982.99,217845.63,2.13,1.1,3.23,637198.84
gmna,MAKE,2018,Actual,P00047545,188.7,Foundry,D3D450250,NEW_CONS_FTD_BSO_IVER1_PREP_DRAW,BODY SI OTR,12.57,20.62,1,1,DIE-PREP,17205.008,30119.52,160937.47,2.95,0.82,3.77,742629.13
gmna,MAKE,2018,Actual,P00047552,143.3,Foundry,D3D450255,NEW_CONS_FTD_BSO_IVER1_PREP_LINE_DIE,BODY SI OTR,12.57,20.62,3,3,DIE-PREP,13073.908,97940.52,208497.24,2.19,1.06,3.24,639441.56
gmna,MAKE,2018,Actual,P00047560,295.9,Patterns,D3D450255,NEW_CONS_FTD_BSO_IVER1_PREP_LINE_DIE,BODY SI OTR,12.57,20.62,2,2,DIE-PREP,26688.208,71298.31,165161.78,1.5,0.84,2.33,460228.68
gmna,Make,2018,Actual,P00043685,220,Foundry,D3J450275,NEW_CONS_FTD_QTR_INR_LINE_BETWEEN_9.0_12.0_FSDS_PREP,QTR INR,5.35,7.74,3,3,DIE-PREP,20383,38988.16,73603.8,0.76,0.37,1.14,224347.13
gmna,Make,2018,Actual,P00043596,427.3,Total,D3I450270,NEW_CONS_FTD_MISC_DRAW_BETWEEN_5.0_7.0_FSDS_PREP,QTR INR,5.62,8.8,5,5,DIE-PREP,39589.345,12185.95,50517.25,1.09,0.26,1.35,266143.18
gmna,Make,2018,Actual,P00045270,397.6,Total,D3J450275,NEW_CONS_FTD_QTR_INR_LINE_BETWEEN_9.0_12.0_FSDS_PREP,QTR INR,5.62,8.8,6,6,DIE-PREP,36837.64,13546.6,45423.14,0.71,0.23,0.94,185717.15
gmna,Make,2018,Actual,P00043601,386.9,Total,D3I450275,NEW_CONS_FTD_MISC_LINE_BETWEEN_5.0_7.0_FSDS_PREP,QTR INR,5.62,8.8,6,6,DIE-PREP,35846.285,32232.21,73534.65,0.97,0.37,1.34,264366.69
gmna,Make,2018,Actual,P00043598,143.6,Total,D2Y300800,NEW_DSGN_FTD_DRAW-010_FSD'S_BETWEEN_5.0_7.0,QTR INR,5.62,8.8,5,5,DSGN,9678.64,12185.95,50517.25,1.09,0.26,1.35,266143.18
gmna,Make,2018,Actual,P00043609,141.2,Total,D2Y350520,NEW_DSGN_FTD_LINE_FSD'S_BETWEEN_5.0_7.0,QTR INR,5.62,8.8,6,6,DSGN,9516.88,39808.98,74756.68,0.76,0.38,1.14,224473.67
gmna,Make,2018,Actual,P00045272,137,Total,D2Y350540,NEW_DSGN_FTD_LINE_FSD'S_QTR_INR,QTR INR,5.62,8.8,6,6,DSGN,9233.8,13546.6,45423.14,0.71,0.23,0.94,185717.15
gmna,Make,2018,Actual,P00043615,124.5,Total,D2Y350520,NEW_DSGN_FTD_LINE_FSD'S_BETWEEN_5.0_7.0,QTR INR,5.62,8.8,6,6,DSGN,8391.3,21241.45,53435.79,0.58,0.27,0.85,167086.29
gmna,Make,2018,Actual,P00043603,115.7,Total,D2Y350520,NEW_DSGN_FTD_LINE_FSD'S_BETWEEN_5.0_7.0,QTR INR,5.62,8.8,6,6,DSGN,7798.18,32232.21,73534.65,0.97,0.37,1.34,264366.69
gmna,Make,2018,Actual,P00043606,455.1,Total,D3I450275,NEW_CONS_FTD_MISC_LINE_BETWEEN_5.0_7.0_FSDS_PREP,QTR INR,5.62,8.8,6,6,DIE-PREP,42165.015,39808.98,74756.68,0.76,0.38,1.14,224473.67
gmna,Make,2018,Actual,P00045268,226.1,Subassembly,D3M300055,NEW-CONS_FTD_QTR_INR_BETWN_9_12_FSD'S_DRAW_LINE_DAS_TL-Stg,QTR INR,5.62,8.8,1,1,DAS,20948.165,13546.6,45423.14,0.71,0.23,0.94,185717.15
gmna,Make,2018,Actual,P00043600,186,Subassembly,D3L300055,NEW-CONS_FTD_UB_BETWN_5.0_7.0_FSD'S_DRAW_LINE_DAS_TL-Stg,QTR INR,5.62,8.8,1,1,DAS,17232.9,32232.21,73534.65,0.97,0.37,1.34,264366.69
gmna,Make,2018,Actual,P00043611,183.2,Subassembly,D3L300055,NEW-CONS_FTD_UB_BETWN_5.0_7.0_FSD'S_DRAW_LINE_DAS_TL-Stg,QTR INR,5.62,8.8,1,1,DAS,16973.48,21241.45,53435.79,0.58,0.27,0.85,167086.29
gmna,Make,2018,Actual,P00043605,181.2,Subassembly,D3L300055,NEW-CONS_FTD_UB_BETWN_5.0_7.0_FSD'S_DRAW_LINE_DAS_TL-Stg,QTR INR,5.62,8.8,1,1,DAS,16788.18,39808.98,74756.68,0.76,0.38,1.14,224473.67
gmna,Make,2018,Actual,P00043606,38,Process Planning,D3I450275,NEW_CONS_FTD_MISC_LINE_BETWEEN_5.0_7.0_FSDS_PREP,QTR INR,5.62,8.8,1,1,DIE-PREP,3520.7,39808.98,74756.68,0.76,0.38,1.14,224473.67
gmna,Make,2018,Actual,P00043612,34,Process Planning,D3I450275,NEW_CONS_FTD_MISC_LINE_BETWEEN_5.0_7.0_FSDS_PREP,QTR INR,5.62,8.8,1,1,DIE-PREP,3150.1,21241.45,53435.79,0.58,0.27,0.85,167086.29
gmna,Make,2018,Actual,P00045270,32,Process Planning,D3J450275,NEW_CONS_FTD_QTR_INR_LINE_BETWEEN_9.0_12.0_FSDS_PREP,QTR INR,5.62,8.8,1,1,DIE-PREP,2964.8,13546.6,45423.14,0.71,0.23,0.94,185717.15
gmna,Make,2018,Actual,P00043601,25,Process Planning,D3I450275,NEW_CONS_FTD_MISC_LINE_BETWEEN_5.0_7.0_FSDS_PREP,QTR INR,5.62,8.8,1,1,DIE-PREP,2316.25,32232.21,73534.65,0.97,0.37,1.34,264366.69
gmna,Make,2018,Actual,P00043596,25,Process Planning,D3I450270,NEW_CONS_FTD_MISC_DRAW_BETWEEN_5.0_7.0_FSDS_PREP,QTR INR,5.62,8.8,1,1,DIE-PREP,2316.25,12185.95,50517.25,1.09,0.26,1.35,266143.18
gmna,Make,2018,Actual,P00043595,225.1,Subassembly,D3L300055,NEW-CONS_FTD_UB_BETWN_5.0_7.0_FSD'S_DRAW_LINE_DAS_TL-Stg,QTR INR,5.62,8.8,1,1,DAS,20855.515,12185.95,50517.25,1.09,0.26,1.35,266143.18
gmna,Make,2018,Actual,P00043601,218.9,Patterns,D3I450275,NEW_CONS_FTD_MISC_LINE_BETWEEN_5.0_7.0_FSDS_PREP,QTR INR,5.62,8.8,2,2,DIE-PREP,20281.085,32232.21,73534.65,0.97,0.37,1.34,264366.69
gmna,Make,2018,Actual,P00043612,501,Total,D3I450275,NEW_CONS_FTD_MISC_LINE_BETWEEN_5.0_7.0_FSDS_PREP,QTR INR,5.62,8.8,6,6,DIE-PREP,46417.65,21241.45,53435.79,0.58,0.27,0.85,167086.29
gmna,Make,2018,Actual,P00043677,240.5,Final Machining,D3M300055,NEW-CONS_FTD_QTR_INR_BETWN_9_12_FSD'S_DRAW_LINE_DAS_TL-Stg,QTR INR,5.35,7.74,1,1,DAS,22282.325,27159.7,68065.23,0.94,0.35,1.29,254176.78
gmna,Make,2018,Actual,P00043684,191.9,Final Machining,D3M300055,NEW-CONS_FTD_QTR_INR_BETWN_9_12_FSD'S_DRAW_LINE_DAS_TL-Stg,QTR INR,5.35,7.74,1,1,DAS,17779.535,38988.16,73603.8,0.76,0.37,1.14,224347.13
gmna,Make,2018,Actual,P00043689,86,Final Machining,D3M300055,NEW-CONS_FTD_QTR_INR_BETWN_9_12_FSD'S_DRAW_LINE_DAS_TL-Stg,QTR INR,5.35,7.74,1,1,DAS,7967.9,21906.52,54121.24,0.62,0.27,0.89,175579.13
gmna,Make,2018,Actual,P00043687,144.2,Design,D2Y350540,NEW_DSGN_FTD_LINE_FSD'S_QTR_INR,QTR INR,5.35,7.74,6,6,DSGN,9719.08,38988.16,73603.8,0.76,0.37,1.14,224347.13
gmna,Make,2018,Actual,P00043692,124.3,Design,D2Y350540,NEW_DSGN_FTD_LINE_FSD'S_QTR_INR,QTR INR,5.35,7.74,6,6,DSGN,8377.82,21906.52,54121.24,0.62,0.27,0.89,175579.13
gmna,Make,2018,Actual,P00043674,123.1,Design,D2Y300600,NEW_DSGN_FTD_DRAW_FSD's_QTR_INR,QTR INR,5.35,7.74,5,5,DSGN,8296.94,11879.88,52099.04,0.78,0.26,1.04,204943.98
gmna,Make,2018,Actual,P00043680,123,Design,D2Y350540,NEW_DSGN_FTD_LINE_FSD'S_QTR_INR,QTR INR,5.35,7.74,6,6,DSGN,8290.2,27159.7,68065.23,0.94,0.35,1.29,254176.78
gmna,Make,2018,Actual,P00045278,74.8,Design,D2Y350540,NEW_DSGN_FTD_LINE_FSD'S_QTR_INR,QTR INR,5.35,7.74,6,6,DSGN,5041.52,14874.82,46899.69,0.75,0.24,0.99,195752.97
gmna,Make,2018,Actual,P00043684,484,Assembly,D3M300055,NEW-CONS_FTD_QTR_INR_BETWN_9_12_FSD'S_DRAW_LINE_DAS_TL-Stg,QTR INR,5.35,7.74,1,1,DAS,44842.6,38988.16,73603.8,0.76,0.37,1.14,224347.13
gmna,Make,2018,Actual,P00043671,418,Assembly,D3M300055,NEW-CONS_FTD_QTR_INR_BETWN_9_12_FSD'S_DRAW_LINE_DAS_TL-Stg,QTR INR,5.35,7.74,1,1,DAS,38727.7,11879.88,52099.04,0.78,0.26,1.04,204943.98
gmna,Make,2018,Actual,P00043689,266.6,Assembly,D3M300055,NEW-CONS_FTD_QTR_INR_BETWN_9_12_FSD'S_DRAW_LINE_DAS_TL-Stg,QTR INR,5.35,7.74,1,1,DAS,24700.49,21906.52,54121.24,0.62,0.27,0.89,175579.13
gmna,Make,2018,Actual,P00045275,158,Assembly,D3M300055,NEW-CONS_FTD_QTR_INR_BETWN_9_12_FSD'S_DRAW_LINE_DAS_TL-Stg,QTR INR,5.35,7.74,1,1,DAS,14638.7,14874.82,46899.69,0.75,0.24,0.99,195752.97
gmna,MAKE,2018,Actual,P00047602,184.4,Final Machining,D3E360055,NEW-CONS_FTD_FENDER_IVER2_Line_DAS_TL-Stg,FENDER OTR,11.61,15.39,1,1,DAS,17018.276,59750.79,138705.48,1.43,0.7,2.14,421381.56
gmna,MAKE,2018,Actual,P00047537,620.2,Design,D2Y350140,NEW_DSGN_FTD_LINE_CAM_FENDER_CATEGORY-2,FENDER OTR,11.61,15.39,6,6,DSGN,41858.32,62731.48,159230.06,1.94,0.81,2.75,542636.32
gmna,MAKE,2018,Actual,P00047540,534,Design,D2Y350140,NEW_DSGN_FTD_LINE_CAM_FENDER_CATEGORY-2,FENDER OTR,11.61,15.39,6,6,DSGN,35991.6,76608.77,147356.32,1.29,0.75,2.04,402705.69
gmna,MAKE,2018,Actual,P00042488,454.8,Total,D2Y350480,NEW_DSGN_FTD_LINE_FSD'S_UNDER_5.0,REAR FLOOR,4.04,5.64,6,6,DSGN,30653.52,18442.9,56337.98,1.46,0.29,1.74,343367.81
gmna,MAKE,2018,Actual,P00042481,485.6,Total,D3H450275,NEW_CONS_FTD_MISC_LINE_UNDER_5.0_FSDS_PREP,REAR FLOOR,4.04,5.64,6,6,DIE-PREP,44192.804,15294.04,49302.51,0.8,0.25,1.05,208043.68
gmna,MAKE,2018,Actual,P00042479,542.5,Total,D3J300080,CONS_FTD_UNDER_5.0_FSD'S_DRAW-010_V1_TOOL,REAR FLOOR,4.04,5.64,1,1,V1,50262.625,10816.48,42881.35,1.03,0.22,1.25,246175.84
gmna,MAKE,2018,Actual,P00042475,564.8,Total,D3H450270,NEW_CONS_FTD_MISC_DRAW_UNDER_5.0_FSDS_PREP,REAR FLOOR,4.04,5.64,5,5,DIE-PREP,51469.072,10816.48,42881.35,1.03,0.22,1.25,246175.84
gmna,MAKE,2018,Actual,P00042474,757.6,Total,D3K300055,NEW-CONS_FTD_UB_UNDER_5.0_FSD'S_DRAW_010_DAS_TL-Stg,REAR FLOOR,4.04,5.64,4,4,DAS,70191.64,10816.48,42881.35,1.03,0.22,1.25,246175.84
gmna,MAKE,2018,Actual,P00042485,832.8,Total,D3K360055,NEW-CONS_FTD_UB_UNDER_5.0_FSD'S_LINE_020_DAS_TL-Stg,REAR FLOOR,4.04,5.64,4,4,DAS,77158.92,18442.9,56337.98,1.46,0.29,1.74,343367.81
gmna,MAKE,2018,Actual,P00042479,542.5,V1,D3J300080,CONS_FTD_UNDER_5.0_FSD'S_DRAW-010_V1_TOOL,REAR FLOOR,4.04,5.64,1,1,V1,50262.625,10816.48,42881.35,1.03,0.22,1.25,246175.84
gmna,MAKE,2018,Actual,P00042484,156,V2,D3J350080,CONS_FTD_ALL_UB_UNDER_5_FSD'S_Line_V2_TOOL,REAR FLOOR,4.04,5.64,1,1,V2,14453.4,15294.04,49302.51,0.8,0.25,1.05,208043.68
gmna,MAKE,2018,Actual,P00042489,263.6,V2,D3J350080,CONS_FTD_ALL_UB_UNDER_5_FSD'S_Line_V2_TOOL,REAR FLOOR,4.04,5.64,1,1,V2,24422.54,18442.9,56337.98,1.46,0.29,1.74,343367.81
gmna,Make,2018,Actual,P00044378,31.5,Iteration,D3D200105,CONS_FTD_V3-V6_ITERATIONS_UNDER_5.0_FSD'S_TOOLSET,DASH,5.72,7.26,2,2,DD,2918.475,,,,,,
gmna,Make,2018,Actual,P00044311,217.9,Total,D3K360055,NEW-CONS_FTD_UB_UNDER_5.0_FSD'S_LINE_020_DAS_TL-Stg,REAR FLOOR,3.51,4.56,4,4,DAS,20188.435,18739.82,55820.57,0.81,0.28,1.09,214688.16
gmna,MAKE,2018,Actual,P00042468,221.4,Assembly,D3K360055,NEW-CONS_FTD_UB_UNDER_5.0_FSD'S_LINE_020_DAS_TL-Stg,FRONT FLOOR,3.15,5.58,1,1,DAS,20512.71,15895.48,45780.28,0.64,0.23,0.87,172427.03
gmna,MAKE,2018,Actual,P00042463,242.7,Assembly,D3K360055,NEW-CONS_FTD_UB_UNDER_5.0_FSD'S_LINE_020_DAS_TL-Stg,FRONT FLOOR,3.15,5.58,1,1,DAS,22486.155,13102.07,44568.9,0.77,0.23,1,197115.86
gmna,MAKE,2018,Actual,P00042483,377,Total,D2Y350480,NEW_DSGN_FTD_LINE_FSD'S_UNDER_5.0,REAR FLOOR,4.04,5.64,6,6,DSGN,25409.8,15294.04,49302.51,0.8,0.25,1.05,208043.68
gmna,MAKE,2018,Actual,P00042477,343.8,Total,D2Y300500,NEW_DSGN_FTD_DRAW-010_FSD'S_LESS_5.0,REAR FLOOR,4.04,5.64,5,5,DSGN,23172.12,10816.48,42881.35,1.03,0.22,1.25,246175.84
gmna,MAKE,2018,Actual,P00042486,306.4,Total,D3H450275,NEW_CONS_FTD_MISC_LINE_UNDER_5.0_FSDS_PREP,REAR FLOOR,4.04,5.64,6,6,DIE-PREP,27858.272,18442.9,56337.98,1.46,0.29,1.74,343367.81
gmna,MAKE,2018,Actual,P00042489,263.6,Total,D3J350080,CONS_FTD_ALL_UB_UNDER_5_FSD'S_Line_V2_TOOL,REAR FLOOR,4.04,5.64,1,1,V2,24422.54,18442.9,56337.98,1.46,0.29,1.74,343367.81
gmna,MAKE,2018,Actual,P00042480,185.7,Final Machining,D3K360055,NEW-CONS_FTD_UB_UNDER_5.0_FSD'S_LINE_020_DAS_TL-Stg,REAR FLOOR,4.04,5.64,1,1,DAS,17205.105,15294.04,49302.51,0.8,0.25,1.05,208043.68
gmna,MAKE,2018,Actual,P00042474,190.2,Final Machining,D3K300055,NEW-CONS_FTD_UB_UNDER_5.0_FSD'S_DRAW_010_DAS_TL-Stg,REAR FLOOR,4.04,5.64,1,1,DAS,17622.03,10816.48,42881.35,1.03,0.22,1.25,246175.84
gmna,MAKE,2018,Actual,P00042486,101,Foundry,D3H450275,NEW_CONS_FTD_MISC_LINE_UNDER_5.0_FSDS_PREP,REAR FLOOR,4.04,5.64,3,3,DIE-PREP,9357.65,18442.9,56337.98,1.46,0.29,1.74,343367.81
gmna,MAKE,2018,Actual,P00042474,264.7,Initial Machining,D3K300055,NEW-CONS_FTD_UB_UNDER_5.0_FSD'S_DRAW_010_DAS_TL-Stg,REAR FLOOR,4.04,5.64,1,1,DAS,24524.455,10816.48,42881.35,1.03,0.22,1.25,246175.84
gmna,MAKE,2018,Actual,P00042485,289.6,Initial Machining,D3K360055,NEW-CONS_FTD_UB_UNDER_5.0_FSD'S_LINE_020_DAS_TL-Stg,REAR FLOOR,4.04,5.64,1,1,DAS,26831.44,18442.9,56337.98,1.46,0.29,1.74,343367.81
gmna,MAKE,2018,Actual,P00042480,304.2,Initial Machining,D3K360055,NEW-CONS_FTD_UB_UNDER_5.0_FSD'S_LINE_020_DAS_TL-Stg,REAR FLOOR,4.04,5.64,1,1,DAS,28184.13,15294.04,49302.51,0.8,0.25,1.05,208043.68
gmna,MAKE,2018,Actual,P00042481,113.5,Patterns,D3H450275,NEW_CONS_FTD_MISC_LINE_UNDER_5.0_FSDS_PREP,REAR FLOOR,4.04,5.64,2,2,DIE-PREP,10184.355,15294.04,49302.51,0.8,0.25,1.05,208043.68
gmna,MAKE,2018,Actual,P00042486,181.4,Patterns,D3H450275,NEW_CONS_FTD_MISC_LINE_UNDER_5.0_FSDS_PREP,REAR FLOOR,4.04,5.64,2,2,DIE-PREP,16277.022,18442.9,56337.98,1.46,0.29,1.74,343367.81
gmna,MAKE,2018,Actual,P00042481,18,Process Planning,D3H450275,NEW_CONS_FTD_MISC_LINE_UNDER_5.0_FSDS_PREP,REAR FLOOR,4.04,5.64,1,1,DIE-PREP,1667.7,15294.04,49302.51,0.8,0.25,1.05,208043.68
gmna,MAKE,2018,Actual,P00042475,24,Process Planning,D3H450270,NEW_CONS_FTD_MISC_DRAW_UNDER_5.0_FSDS_PREP,REAR FLOOR,4.04,5.64,1,1,DIE-PREP,2223.6,10816.48,42881.35,1.03,0.22,1.25,246175.84
gmna,MAKE,2018,Actual,P00042486,24,Process Planning,D3H450275,NEW_CONS_FTD_MISC_LINE_UNDER_5.0_FSDS_PREP,REAR FLOOR,4.04,5.64,1,1,DIE-PREP,2223.6,18442.9,56337.98,1.46,0.29,1.74,343367.81
gmna,MAKE,2018,Actual,P00042485,113,Subassembly,D3K360055,NEW-CONS_FTD_UB_UNDER_5.0_FSD'S_LINE_020_DAS_TL-Stg,REAR FLOOR,4.04,5.64,1,1,DAS,10469.45,18442.9,56337.98,1.46,0.29,1.74,343367.81
gmna,MAKE,2018,Actual,P00042480,269.6,Subassembly,D3K360055,NEW-CONS_FTD_UB_UNDER_5.0_FSD'S_LINE_020_DAS_TL-Stg,REAR FLOOR,4.04,5.64,1,1,DAS,24978.44,15294.04,49302.51,0.8,0.25,1.05,208043.68
gmna,MAKE,2018,Actual,P00042484,156,Total,D3J350080,CONS_FTD_ALL_UB_UNDER_5_FSD'S_Line_V2_TOOL,REAR FLOOR,4.04,5.64,1,1,V2,14453.4,15294.04,49302.51,0.8,0.25,1.05,208043.68
gmna,MAKE,2018,Actual,P00042475,141.4,Patterns,D3H450270,NEW_CONS_FTD_MISC_DRAW_UNDER_5.0_FSDS_PREP,REAR FLOOR,4.04,5.64,2,2,DIE-PREP,12687.822,10816.48,42881.35,1.03,0.22,1.25,246175.84
gmna,MAKE,2018,Actual,P00042468,138,Final Machining,D3K360055,NEW-CONS_FTD_UB_UNDER_5.0_FSD'S_LINE_020_DAS_TL-Stg,FRONT FLOOR,3.15,5.58,1,1,DAS,12785.7,15895.48,45780.28,0.64,0.23,0.87,172427.03
gmna,MAKE,2018,Actual,P00042463,154.2,Final Machining,D3K360055,NEW-CONS_FTD_UB_UNDER_5.0_FSD'S_LINE_020_DAS_TL-Stg,FRONT FLOOR,3.15,5.58,1,1,DAS,14286.63,13102.07,44568.9,0.77,0.23,1,197115.86
gmna,MAKE,2018,Actual,P00042457,266.3,Final Machining,D3K300055,NEW-CONS_FTD_UB_UNDER_5.0_FSD'S_DRAW_010_DAS_TL-Stg,FRONT FLOOR,3.15,5.58,1,1,DAS,24672.695,10448.73,43517.36,1.06,0.22,1.28,253151.2
gmna,MAKE,2018,Actual,P00042463,630.4,Total,D3K360055,NEW-CONS_FTD_UB_UNDER_5.0_FSD'S_LINE_020_DAS_TL-Stg,FRONT FLOOR,3.15,5.58,4,4,DAS,58406.56,13102.07,44568.9,0.77,0.23,1,197115.86
gmna,MAKE,2018,Actual,P00042458,652,Total,D3H450270,NEW_CONS_FTD_MISC_DRAW_UNDER_5.0_FSDS_PREP,FRONT FLOOR,3.15,5.58,5,5,DIE-PREP,59977.392,10448.73,43517.36,1.06,0.22,1.28,253151.2
gmna,MAKE,2018,Actual,P00042472,176.6,V2,D3J350080,CONS_FTD_ALL_UB_UNDER_5_FSD'S_Line_V2_TOOL,FRONT FLOOR,3.15,5.58,1,1,V2,16361.99,15895.48,45780.28,0.64,0.23,0.87,172427.03
gmna,MAKE,2018,Actual,P00042467,557.8,V2,D3J350080,CONS_FTD_ALL_UB_UNDER_5_FSD'S_Line_V2_TOOL,FRONT FLOOR,3.15,5.58,1,1,V2,51680.17,13102.07,44568.9,0.77,0.23,1,197115.86
gmna,MAKE,2018,Actual,P00042467,557.8,Total,D3J350080,CONS_FTD_ALL_UB_UNDER_5_FSD'S_Line_V2_TOOL,FRONT FLOOR,3.15,5.58,1,1,V2,51680.17,13102.07,44568.9,0.77,0.23,1,197115.86
gmna,MAKE,2018,Actual,P00044894,72,Iteration,D3D200105,CONS_FTD_V3-V6_ITERATIONS_UNDER_5.0_FSD'S_TOOLSET,FRONT FLOOR,3.15,5.58,2,2,DD,6630.32,,,,,,
gmna,MAKE,2018,Actual,P00044894,123.5,Iteration,D3D200105,CONS_FTD_V3-V6_ITERATIONS_UNDER_5.0_FSD'S_TOOLSET,FRONT FLOOR,3.15,5.58,2,2,DD,11388.49,,,,,,
gmna,MAKE,2018,Actual,P00044894,1768.8,Iteration,D3D200105,CONS_FTD_V3-V6_ITERATIONS_UNDER_5.0_FSD'S_TOOLSET,FRONT FLOOR,3.15,5.58,2,2,DD,162389.97,,,,,,
gmna,MAKE,2018,Actual,P00044894,53,Iteration,D3D200105,CONS_FTD_V3-V6_ITERATIONS_UNDER_5.0_FSD'S_TOOLSET,FRONT FLOOR,3.15,5.58,2,2,DD,4906.85,,,,,,
gmna,MAKE,2018,Actual,P00044894,262,V6,D3D200105,CONS_FTD_V3-V6_ITERATIONS_UNDER_5.0_FSD'S_TOOLSET,FRONT FLOOR,3.15,5.58,1,1,DD,24193.68,,,,,,
gmna,Make,2018,Actual,P00044294,543.3,Assembly,D3L300055,NEW-CONS_FTD_UB_BETWN_5.0_7.0_FSD'S_DRAW_LINE_DAS_TL-Stg,FRONT FLOOR,5.91,8.96,1,1,DAS,50152.308,24486.68,99332.39,1.35,0.5,1.85,365731.44
gmna,Make,2018,Actual,P00044291,675.8,Assembly,D3L300055,NEW-CONS_FTD_UB_BETWN_5.0_7.0_FSD'S_DRAW_LINE_DAS_TL-Stg,FRONT FLOOR,5.91,8.96,1,1,DAS,62612.87,13605.14,107317.6,1.95,0.54,2.49,491811.83
gmna,MAKE,2018,Actual,P00044894,1951.1,Iteration,D3D200105,CONS_FTD_V3-V6_ITERATIONS_UNDER_5.0_FSD'S_TOOLSET,FRONT FLOOR,3.15,5.58,2,2,DD,180718.815,,,,,,
gmna,MAKE,2018,Actual,P00042485,173.2,Final Machining,D3K360055,NEW-CONS_FTD_UB_UNDER_5.0_FSD'S_LINE_020_DAS_TL-Stg,REAR FLOOR,4.04,5.64,1,1,DAS,16046.98,18442.9,56337.98,1.46,0.29,1.74,343367.81
gmna,MAKE,2018,Actual,P00042464,466.5,Total,D3H450275,NEW_CONS_FTD_MISC_LINE_UNDER_5.0_FSDS_PREP,FRONT FLOOR,3.15,5.58,6,6,DIE-PREP,42757.065,13102.07,44568.9,0.77,0.23,1,197115.86
gmna,MAKE,2018,Actual,P00042460,408.2,Total,D2Y300500,NEW_DSGN_FTD_DRAW-010_FSD'S_LESS_5.0,FRONT FLOOR,3.15,5.58,5,5,DSGN,27512.68,10448.73,43517.36,1.06,0.22,1.28,253151.2
gmna,MAKE,2018,Actual,P00042469,131.5,Foundry,D3H450275,NEW_CONS_FTD_MISC_LINE_UNDER_5.0_FSDS_PREP,FRONT FLOOR,3.15,5.58,3,3,DIE-PREP,12037.475,15895.48,45780.28,0.64,0.23,0.87,172427.03
gmna,MAKE,2018,Actual,P00042463,138.5,Initial Machining,D3K360055,NEW-CONS_FTD_UB_UNDER_5.0_FSD'S_LINE_020_DAS_TL-Stg,FRONT FLOOR,3.15,5.58,1,1,DAS,12832.025,13102.07,44568.9,0.77,0.23,1,197115.86
gmna,MAKE,2018,Actual,P00042468,149,Initial Machining,D3K360055,NEW-CONS_FTD_UB_UNDER_5.0_FSD'S_LINE_020_DAS_TL-Stg,FRONT FLOOR,3.15,5.58,1,1,DAS,13804.85,15895.48,45780.28,0.64,0.23,0.87,172427.03
gmna,MAKE,2018,Actual,P00042457,325.5,Initial Machining,D3K300055,NEW-CONS_FTD_UB_UNDER_5.0_FSD'S_DRAW_010_DAS_TL-Stg,FRONT FLOOR,3.15,5.58,1,1,DAS,30157.575,10448.73,43517.36,1.06,0.22,1.28,253151.2
gmna,MAKE,2018,Actual,P00042458,124.4,Patterns,D3H450270,NEW_CONS_FTD_MISC_DRAW_UNDER_5.0_FSDS_PREP,FRONT FLOOR,3.15,5.58,2,2,DIE-PREP,11331.772,10448.73,43517.36,1.06,0.22,1.28,253151.2
gmna,MAKE,2018,Actual,P00042469,124.8,Patterns,D3H450275,NEW_CONS_FTD_MISC_LINE_UNDER_5.0_FSDS_PREP,FRONT FLOOR,3.15,5.58,2,2,DIE-PREP,11198.304,15895.48,45780.28,0.64,0.23,0.87,172427.03
gmna,MAKE,2018,Actual,P00042471,452.2,Total,D2Y350480,NEW_DSGN_FTD_LINE_FSD'S_UNDER_5.0,FRONT FLOOR,3.15,5.58,6,6,DSGN,30478.28,15895.48,45780.28,0.64,0.23,0.87,172427.03
gmna,MAKE,2018,Actual,P00042464,156,Patterns,D3H450275,NEW_CONS_FTD_MISC_LINE_UNDER_5.0_FSDS_PREP,FRONT FLOOR,3.15,5.58,2,2,DIE-PREP,13997.88,13102.07,44568.9,0.77,0.23,1,197115.86
gmna,MAKE,2018,Actual,P00042469,24,Process Planning,D3H450275,NEW_CONS_FTD_MISC_LINE_UNDER_5.0_FSDS_PREP,FRONT FLOOR,3.15,5.58,1,1,DIE-PREP,2223.6,15895.48,45780.28,0.64,0.23,0.87,172427.03
gmna,MAKE,2018,Actual,P00042464,48,Process Planning,D3H450275,NEW_CONS_FTD_MISC_LINE_UNDER_5.0_FSDS_PREP,FRONT FLOOR,3.15,5.58,1,1,DIE-PREP,4438.56,13102.07,44568.9,0.77,0.23,1,197115.86
gmna,MAKE,2018,Actual,P00042463,95,Subassembly,D3K360055,NEW-CONS_FTD_UB_UNDER_5.0_FSD'S_LINE_020_DAS_TL-Stg,FRONT FLOOR,3.15,5.58,1,1,DAS,8801.75,13102.07,44568.9,0.77,0.23,1,197115.86
gmna,MAKE,2018,Actual,P00042468,239,Subassembly,D3K360055,NEW-CONS_FTD_UB_UNDER_5.0_FSD'S_LINE_020_DAS_TL-Stg,FRONT FLOOR,3.15,5.58,1,1,DAS,22143.35,15895.48,45780.28,0.64,0.23,0.87,172427.03
gmna,MAKE,2018,Actual,P00042472,176.6,Total,D3J350080,CONS_FTD_ALL_UB_UNDER_5_FSD'S_Line_V2_TOOL,FRONT FLOOR,3.15,5.58,1,1,V2,16361.99,15895.48,45780.28,0.64,0.23,0.87,172427.03
gmna,MAKE,2018,Actual,P00042469,280.3,Total,D3H450275,NEW_CONS_FTD_MISC_LINE_UNDER_5.0_FSDS_PREP,FRONT FLOOR,3.15,5.58,6,6,DIE-PREP,25459.379,15895.48,45780.28,0.64,0.23,0.87,172427.03
gmna,MAKE,2018,Actual,P00042466,347.7,Total,D2Y350480,NEW_DSGN_FTD_LINE_FSD'S_UNDER_5.0,FRONT FLOOR,3.15,5.58,6,6,DSGN,23434.98,13102.07,44568.9,0.77,0.23,1,197115.86
gmna,MAKE,2018,Actual,P00042458,20,Process Planning,D3H450270,NEW_CONS_FTD_MISC_DRAW_UNDER_5.0_FSDS_PREP,FRONT FLOOR,3.15,5.58,1,1,DIE-PREP,1853,10448.73,43517.36,1.06,0.22,1.28,253151.2
gmna,MAKE,2018,Actual,P00042488,454.8,Design,D2Y350480,NEW_DSGN_FTD_LINE_FSD'S_UNDER_5.0,REAR FLOOR,4.04,5.64,6,6,DSGN,30653.52,18442.9,56337.98,1.46,0.29,1.74,343367.81
gmna,MAKE,2018,Actual,P00042477,343.8,Design,D2Y300500,NEW_DSGN_FTD_DRAW-010_FSD'S_LESS_5.0,REAR FLOOR,4.04,5.64,5,5,DSGN,23172.12,10816.48,42881.35,1.03,0.22,1.25,246175.84
gmna,Make,2018,Actual,P00045268,162.3,Assembly,D3M300055,NEW-CONS_FTD_QTR_INR_BETWN_9_12_FSD'S_DRAW_LINE_DAS_TL-Stg,QTR INR,5.62,8.8,1,1,DAS,15037.095,13546.6,45423.14,0.71,0.23,0.94,185717.15
gmna,Make,2018,Actual,P00043611,149,Assembly,D3L300055,NEW-CONS_FTD_UB_BETWN_5.0_7.0_FSD'S_DRAW_LINE_DAS_TL-Stg,QTR INR,5.62,8.8,1,1,DAS,13804.85,21241.45,53435.79,0.58,0.27,0.85,167086.29
gmna,Make,2018,Actual,P00044113,198,Assembly,D3L300055,NEW-CONS_FTD_UB_BETWN_5.0_7.0_FSD'S_DRAW_LINE_DAS_TL-Stg,DASH,5.72,7.26,1,1,DAS,18344.7,13465.98,49028.18,0.73,0.25,0.97,192190.88
gmna,Make,2018,Actual,P00044109,200,Assembly,D3L300055,NEW-CONS_FTD_UB_BETWN_5.0_7.0_FSD'S_DRAW_LINE_DAS_TL-Stg,DASH,5.72,7.26,1,1,DAS,18530,50869.42,87271.02,0.8,0.44,1.24,245056.49
gmna,Make,2018,Actual,P00044100,484,Assembly,D3L300055,NEW-CONS_FTD_UB_BETWN_5.0_7.0_FSD'S_DRAW_LINE_DAS_TL-Stg,DASH,5.72,7.26,1,1,DAS,44842.6,29800.74,134888.31,1.28,0.68,1.96,386951.1
gmna,Make,2018,Actual,P00044105,544.5,Assembly,D3L300055,NEW-CONS_FTD_UB_BETWN_5.0_7.0_FSD'S_DRAW_LINE_DAS_TL-Stg,DASH,5.72,7.26,1,1,DAS,50447.925,38276.13,80660.01,1.14,0.41,1.55,305621.05
gmna,Make,2018,Actual,P00044060,115.4,Design,D2Y350520,NEW_DSGN_FTD_LINE_FSD'S_BETWEEN_5.0_7.0,DASH,5.72,7.26,6,6,DSGN,7777.96,13465.98,49028.18,0.73,0.25,0.97,192190.88
gmna,Make,2018,Actual,P00044058,123.5,Design,D2Y350520,NEW_DSGN_FTD_LINE_FSD'S_BETWEEN_5.0_7.0,DASH,5.72,7.26,6,6,DSGN,8323.9,38276.13,80660.01,1.14,0.41,1.55,305621.05
gmna,Make,2018,Actual,P00044057,171.1,Design,D2Y300800,NEW_DSGN_FTD_DRAW-010_FSD'S_BETWEEN_5.0_7.0,DASH,5.72,7.26,5,5,DSGN,11532.14,29800.74,134888.31,1.28,0.68,1.96,386951.1
gmna,Make,2018,Actual,P00044113,116,Final Machining,D3L300055,NEW-CONS_FTD_UB_BETWN_5.0_7.0_FSD'S_DRAW_LINE_DAS_TL-Stg,DASH,5.72,7.26,1,1,DAS,10747.4,13465.98,49028.18,0.73,0.25,0.97,192190.88
gmna,Make,2018,Actual,P00056092,187,Final Machining,D5Z450800,FTD_RW_DESIGN_PATTERN_PROGRAMING_MACHINING_ASSEMBLY_PLANNING,DASH,5.72,7.26,1,1,REPLACED,17439.62,29800.74,134888.31,1.28,0.68,1.96,386951.1
gmna,Make,2018,Actual,P00044100,196.3,Final Machining,D3L300055,NEW-CONS_FTD_UB_BETWN_5.0_7.0_FSD'S_DRAW_LINE_DAS_TL-Stg,DASH,5.72,7.26,1,1,DAS,18187.195,29800.74,134888.31,1.28,0.68,1.96,386951.1
gmna,Make,2018,Actual,P00054281,207,Final Machining,D5Z450030,FTD_DETAIL_PATTERN_PROGRAMMING_MACHINING_SUBASSEMBLY,DASH,5.72,7.26,1,1,RW,19214.804,38276.13,80660.01,1.14,0.41,1.55,305621.05
gmna,Make,2018,Actual,P00044109,220.9,Final Machining,D3L300055,NEW-CONS_FTD_UB_BETWN_5.0_7.0_FSD'S_DRAW_LINE_DAS_TL-Stg,DASH,5.72,7.26,1,1,DAS,20466.385,50869.42,87271.02,0.8,0.44,1.24,245056.49
gmna,Make,2018,Actual,P00044059,98.2,Design,D2Y350520,NEW_DSGN_FTD_LINE_FSD'S_BETWEEN_5.0_7.0,DASH,5.72,7.26,6,6,DSGN,6618.68,50869.42,87271.02,0.8,0.44,1.24,245056.49
gmna,Make,2018,Actual,P00044105,234.5,Final Machining,D3L300055,NEW-CONS_FTD_UB_BETWN_5.0_7.0_FSD'S_DRAW_LINE_DAS_TL-Stg,DASH,5.72,7.26,1,1,DAS,21726.425,38276.13,80660.01,1.14,0.41,1.55,305621.05
gmna,MAKE,2018,Actual,P00047539,514.4,Design,D2Y350140,NEW_DSGN_FTD_LINE_CAM_FENDER_CATEGORY-2,FENDER OTR,11.61,15.39,6,6,DSGN,34670.56,59750.79,138705.48,1.43,0.7,2.14,421381.56
gmna,MAKE,2018,Actual,P00047538,484.2,Design,D2Y350140,NEW_DSGN_FTD_LINE_CAM_FENDER_CATEGORY-2,FENDER OTR,11.61,15.39,6,6,DSGN,32635.08,82399.52,167004.54,1.73,0.85,2.58,508203.68
gmna,MAKE,2018,Actual,P00047536,477.6,Design,D2Y300060,NEW_DSGN_FTD_DRAW-010_FENDER_CATEGORY-2,FENDER OTR,11.61,15.39,5,5,DSGN,32190.24,14614.92,101376.63,1.59,0.51,2.1,415017.81
gmna,MAKE,2018,Actual,P00047598,1063.1,Assembly,D3E360055,NEW-CONS_FTD_FENDER_IVER2_Line_DAS_TL-Stg,FENDER OTR,11.61,15.39,1,1,DAS,98113.499,82399.52,167004.54,1.73,0.85,2.58,508203.68
gmna,MAKE,2018,Actual,P00047594,871.9,Assembly,D3E360055,NEW-CONS_FTD_FENDER_IVER2_Line_DAS_TL-Stg,FENDER OTR,11.61,15.39,1,1,DAS,80467.651,62731.48,159230.06,1.94,0.81,2.75,542636.32
gmna,MAKE,2018,Actual,P00047590,796.2,Assembly,D3E300055,NEW-CONS_FTD_FENDER_IVER2_Draw_010_DAS_TL-Stg,FENDER OTR,11.61,15.39,1,1,DAS,73481.298,14614.92,101376.63,1.59,0.51,2.1,415017.81
gmna,MAKE,2018,Actual,P00047602,361.9,Assembly,D3E360055,NEW-CONS_FTD_FENDER_IVER2_Line_DAS_TL-Stg,FENDER OTR,11.61,15.39,1,1,DAS,33399.751,59750.79,138705.48,1.43,0.7,2.14,421381.56
gmna,MAKE,2018,Actual,P00046054,461.2,Subassembly,D3M300055,NEW-CONS_FTD_QTR_INR_BETWN_9_12_FSD'S_DRAW_LINE_DAS_TL-Stg,QTR INR,9.3,11.4,1,1,DAS,42350.68,58362.5,136684.36,1.53,0.69,2.22,438496.33
gmna,MAKE,2018,Actual,P00046057,148.2,Total,D2Y350540,NEW_DSGN_FTD_LINE_FSD'S_QTR_INR,QTR INR,9.3,11.4,6,6,DSGN,9988.68,58362.5,136684.36,1.53,0.69,2.22,438496.33
gmna,MAKE,2018,Actual,P00046052,170.4,Total,D2Y350540,NEW_DSGN_FTD_LINE_FSD'S_QTR_INR,QTR INR,9.3,11.4,6,6,DSGN,11484.96,40171.54,124763.93,2.01,0.63,2.64,521213.49
gmna,MAKE,2018,Actual,P00046062,173.3,Total,D2Y350540,NEW_DSGN_FTD_LINE_FSD'S_QTR_INR,QTR INR,9.3,11.4,6,6,DSGN,11680.42,49721.55,122595.64,1.4,0.62,2.03,399594.76
gmna,MAKE,2018,Actual,P00046060,540.1,Total,D3J450275,NEW_CONS_FTD_QTR_INR_LINE_BETWEEN_9.0_12.0_FSDS_PREP,QTR INR,9.3,11.4,6,6,DIE-PREP,50040.265,49721.55,122595.64,1.4,0.62,2.03,399594.76
gmna,MAKE,2018,Actual,P00046044,589.1,Total,D3J450270,NEW_CONS_FTD_QTR_INR_DRAW_BETWEEN_9.0_12.0_FSDS_PREP,QTR INR,9.3,11.4,5,5,DIE-PREP,54580.115,11258.09,101855.11,1.89,0.52,2.41,474725.83
gmna,MAKE,2018,Actual,P00046050,687.2,Total,D3J450275,NEW_CONS_FTD_QTR_INR_LINE_BETWEEN_9.0_12.0_FSDS_PREP,QTR INR,9.3,11.4,6,6,DIE-PREP,63669.08,40171.54,124763.93,2.01,0.63,2.64,521213.49
gmna,MAKE,2018,Actual,P00046055,706.5,Total,D3J450275,NEW_CONS_FTD_QTR_INR_LINE_BETWEEN_9.0_12.0_FSDS_PREP,QTR INR,9.3,11.4,6,6,DIE-PREP,65428.13,58362.5,136684.36,1.53,0.69,2.22,438496.33
gmna,MAKE,2018,Actual,P00047555,665.2,Subassembly,D3D360055,NEW-CONS_FTD_BSO_IVER1_LINE_DAS_TL-Stg,BODY SI OTR,12.57,20.62,1,1,DAS,61391.308,116982.99,217845.63,2.13,1.1,3.23,637198.84
gmna,Make,2018,Actual,P00044101,134.5,Foundry,D3I450270,NEW_CONS_FTD_MISC_DRAW_BETWEEN_5.0_7.0_FSDS_PREP,DASH,5.72,7.26,2,2,DIE-PREP,12461.425,29800.74,134888.31,1.28,0.68,1.96,386951.1
gmna,Make,2018,Actual,P00044057,171.1,Total,D2Y300800,NEW_DSGN_FTD_DRAW-010_FSD'S_BETWEEN_5.0_7.0,DASH,5.72,7.26,5,5,DSGN,11532.14,29800.74,134888.31,1.28,0.68,1.96,386951.1
gmna,Make,2018,Actual,P00054281,311.3,Total,D5Z450030,FTD_DETAIL_PATTERN_PROGRAMMING_MACHINING_SUBASSEMBLY,DASH,5.72,7.26,4,4,RW,28895.456,38276.13,80660.01,1.14,0.41,1.55,305621.05
gmna,Make,2018,Actual,P00044114,312.7,Total,D3I450275,NEW_CONS_FTD_MISC_LINE_BETWEEN_5.0_7.0_FSDS_PREP,DASH,5.72,7.26,6,6,DIE-PREP,28971.655,13465.98,49028.18,0.73,0.25,0.97,192190.88
gmna,Make,2018,Actual,P00044101,391.4,Total,D3I450270,NEW_CONS_FTD_MISC_DRAW_BETWEEN_5.0_7.0_FSDS_PREP,DASH,5.72,7.26,5,5,DIE-PREP,36263.21,29800.74,134888.31,1.28,0.68,1.96,386951.1
gmna,Make,2018,Actual,P00056092,403.5,Total,D5Z450800,FTD_RW_DESIGN_PATTERN_PROGRAMING_MACHINING_ASSEMBLY_PLANNING,DASH,5.72,7.26,5,5,REPLACED,36674.41,29800.74,134888.31,1.28,0.68,1.96,386951.1
gmna,Make,2018,Actual,P00044113,410.2,Total,D3L300055,NEW-CONS_FTD_UB_BETWN_5.0_7.0_FSD'S_DRAW_LINE_DAS_TL-Stg,DASH,5.72,7.26,4,4,DAS,38005.03,13465.98,49028.18,0.73,0.25,0.97,192190.88
gmna,Make,2018,Actual,P00044110,461.9,Total,D3I450275,NEW_CONS_FTD_MISC_LINE_BETWEEN_5.0_7.0_FSDS_PREP,DASH,5.72,7.26,6,6,DIE-PREP,42795.035,50869.42,87271.02,0.8,0.44,1.24,245056.49
gmna,Make,2018,Actual,P00044109,621.7,Total,D3L300055,NEW-CONS_FTD_UB_BETWN_5.0_7.0_FSD'S_DRAW_LINE_DAS_TL-Stg,DASH,5.72,7.26,4,4,DAS,57600.505,50869.42,87271.02,0.8,0.44,1.24,245056.49
gmna,Make,2018,Actual,P00044058,123.5,Total,D2Y350520,NEW_DSGN_FTD_LINE_FSD'S_BETWEEN_5.0_7.0,DASH,5.72,7.26,6,6,DSGN,8323.9,38276.13,80660.01,1.14,0.41,1.55,305621.05
gmna,Make,2018,Actual,P00044106,651.2,Total,D3I450275,NEW_CONS_FTD_MISC_LINE_BETWEEN_5.0_7.0_FSDS_PREP,DASH,5.72,7.26,6,6,DIE-PREP,60333.68,38276.13,80660.01,1.14,0.41,1.55,305621.05
gmna,Make,2018,Actual,P00044378,375.7,Iteration,D3D200105,CONS_FTD_V3-V6_ITERATIONS_UNDER_5.0_FSD'S_TOOLSET,DASH,5.72,7.26,2,2,DD,34800.675,,,,,,
gmna,Make,2018,Actual,P00044378,149.5,Iteration,D3D200105,CONS_FTD_V3-V6_ITERATIONS_UNDER_5.0_FSD'S_TOOLSET,DASH,5.72,7.26,2,2,DD,13848.295,,,,,,
gmna,Make,2018,Actual,P00044378,18.9,Iteration,D3D200105,CONS_FTD_V3-V6_ITERATIONS_UNDER_5.0_FSD'S_TOOLSET,DASH,5.72,7.26,2,2,DD,1751.085,,,,,,
gmna,Make,2018,Actual,P00044378,24,Iteration,D3D200105,CONS_FTD_V3-V6_ITERATIONS_UNDER_5.0_FSD'S_TOOLSET,DASH,5.72,7.26,2,2,DD,2223.6,,,,,,
gmna,MAKE,2018,Actual,P00042474,253,Assembly,D3K300055,NEW-CONS_FTD_UB_UNDER_5.0_FSD'S_DRAW_010_DAS_TL-Stg,REAR FLOOR,4.04,5.64,1,1,DAS,23440.45,10816.48,42881.35,1.03,0.22,1.25,246175.84
gmna,MAKE,2018,Actual,P00042485,257,Assembly,D3K360055,NEW-CONS_FTD_UB_UNDER_5.0_FSD'S_LINE_020_DAS_TL-Stg,REAR FLOOR,4.04,5.64,1,1,DAS,23811.05,18442.9,56337.98,1.46,0.29,1.74,343367.81
gmna,Make,2018,Actual,P00044100,853.8,Total,D3L300055,NEW-CONS_FTD_UB_BETWN_5.0_7.0_FSD'S_DRAW_LINE_DAS_TL-Stg,DASH,5.72,7.26,4,4,DAS,79104.57,29800.74,134888.31,1.28,0.68,1.96,386951.1
gmna,Make,2018,Actual,P00044060,115.4,Total,D2Y350520,NEW_DSGN_FTD_LINE_FSD'S_BETWEEN_5.0_7.0,DASH,5.72,7.26,6,6,DSGN,7777.96,13465.98,49028.18,0.73,0.25,0.97,192190.88
gmna,Make,2018,Actual,P00044114,185.9,Foundry,D3I450275,NEW_CONS_FTD_MISC_LINE_BETWEEN_5.0_7.0_FSDS_PREP,DASH,5.72,7.26,3,3,DIE-PREP,17223.635,13465.98,49028.18,0.73,0.25,0.97,192190.88
gmna,Make,2018,Actual,P00044110,248.9,Foundry,D3I450275,NEW_CONS_FTD_MISC_LINE_BETWEEN_5.0_7.0_FSDS_PREP,DASH,5.72,7.26,3,3,DIE-PREP,23060.585,50869.42,87271.02,0.8,0.44,1.24,245056.49
gmna,Make,2018,Actual,P00044114,104.8,Patterns,D3I450275,NEW_CONS_FTD_MISC_LINE_BETWEEN_5.0_7.0_FSDS_PREP,DASH,5.72,7.26,2,2,DIE-PREP,9709.72,13465.98,49028.18,0.73,0.25,0.97,192190.88
gmna,Make,2018,Actual,P00044106,155,Patterns,D3I450275,NEW_CONS_FTD_MISC_LINE_BETWEEN_5.0_7.0_FSDS_PREP,DASH,5.72,7.26,2,2,DIE-PREP,14360.75,38276.13,80660.01,1.14,0.41,1.55,305621.05
gmna,Make,2018,Actual,P00044110,188,Patterns,D3I450275,NEW_CONS_FTD_MISC_LINE_BETWEEN_5.0_7.0_FSDS_PREP,DASH,5.72,7.26,2,2,DIE-PREP,17418.2,50869.42,87271.02,0.8,0.44,1.24,245056.49
gmna,Make,2018,Actual,P00044059,98.2,Total,D2Y350520,NEW_DSGN_FTD_LINE_FSD'S_BETWEEN_5.0_7.0,DASH,5.72,7.26,6,6,DSGN,6618.68,50869.42,87271.02,0.8,0.44,1.24,245056.49
gmna,Make,2018,Actual,P00044101,191.9,Patterns,D3I450270,NEW_CONS_FTD_MISC_DRAW_BETWEEN_5.0_7.0_FSDS_PREP,DASH,5.72,7.26,2,2,DIE-PREP,17779.535,29800.74,134888.31,1.28,0.68,1.96,386951.1
gmna,Make,2018,Actual,P00044110,25,Process Planning,D3I450275,NEW_CONS_FTD_MISC_LINE_BETWEEN_5.0_7.0_FSDS_PREP,DASH,5.72,7.26,1,1,DIE-PREP,2316.25,50869.42,87271.02,0.8,0.44,1.24,245056.49
gmna,Make,2018,Actual,P00044106,28.5,Process Planning,D3I450275,NEW_CONS_FTD_MISC_LINE_BETWEEN_5.0_7.0_FSDS_PREP,DASH,5.72,7.26,1,1,DIE-PREP,2640.525,38276.13,80660.01,1.14,0.41,1.55,305621.05
gmna,Make,2018,Actual,P00044101,65,Process Planning,D3I450270,NEW_CONS_FTD_MISC_DRAW_BETWEEN_5.0_7.0_FSDS_PREP,DASH,5.72,7.26,1,1,DIE-PREP,6022.25,29800.74,134888.31,1.28,0.68,1.96,386951.1
gmna,Make,2018,Actual,P00044113,96.2,Subassembly,D3L300055,NEW-CONS_FTD_UB_BETWN_5.0_7.0_FSD'S_DRAW_LINE_DAS_TL-Stg,DASH,5.72,7.26,1,1,DAS,8912.93,13465.98,49028.18,0.73,0.25,0.97,192190.88
gmna,Make,2018,Actual,P00044109,154.8,Subassembly,D3L300055,NEW-CONS_FTD_UB_BETWN_5.0_7.0_FSD'S_DRAW_LINE_DAS_TL-Stg,DASH,5.72,7.26,1,1,DAS,14342.22,50869.42,87271.02,0.8,0.44,1.24,245056.49
gmna,Make,2018,Actual,P00044100,173.5,Subassembly,D3L300055,NEW-CONS_FTD_UB_BETWN_5.0_7.0_FSD'S_DRAW_LINE_DAS_TL-Stg,DASH,5.72,7.26,1,1,DAS,16074.775,29800.74,134888.31,1.28,0.68,1.96,386951.1
gmna,Make,2018,Actual,P00044105,331.6,Subassembly,D3L300055,NEW-CONS_FTD_UB_BETWN_5.0_7.0_FSD'S_DRAW_LINE_DAS_TL-Stg,DASH,5.72,7.26,1,1,DAS,30722.74,38276.13,80660.01,1.14,0.41,1.55,305621.05
gmna,Make,2018,Actual,P00044114,22,Process Planning,D3I450275,NEW_CONS_FTD_MISC_LINE_BETWEEN_5.0_7.0_FSDS_PREP,DASH,5.72,7.26,1,1,DIE-PREP,2038.3,13465.98,49028.18,0.73,0.25,0.97,192190.88
gmna,MAKE,2018,Actual,P00047520,438.6,Total,D2Y300020,NEW_DSGN_FTD_DRAW-010_BSO_CATEGORY-1,BODY SI OTR,12.57,20.62,5,5,DSGN,29561.64,30119.52,160937.47,2.95,0.82,3.77,742629.13
gmna,MAKE,2018,Actual,P00047053,59.2,Process Planning,D3D450255,NEW_CONS_FTD_BSO_IVER1_PREP_LINE_DIE,BODY SI OTR,12.58,16.75,1,1,DIE-PREP,5470.48,70144.44,172893.8,2.28,0.88,3.15,621602.82
gmna,MAKE,2018,Actual,P00047049,47.8,Process Planning,D3D450250,NEW_CONS_FTD_BSO_IVER1_PREP_DRAW,BODY SI OTR,12.58,16.75,1,1,DIE-PREP,4428.67,28119.63,153195.33,2.71,0.78,3.49,688395.41
gmna,MAKE,2018,Actual,P00047061,18,Process Planning,D3D450255,NEW_CONS_FTD_BSO_IVER1_PREP_LINE_DIE,BODY SI OTR,12.58,16.75,1,1,DIE-PREP,1667.7,115595.87,205442.53,1.92,1.04,2.96,583244.42
gmna,MAKE,2018,Actual,P00047049,371.3,Patterns,D3D450250,NEW_CONS_FTD_BSO_IVER1_PREP_DRAW,BODY SI OTR,12.58,16.75,2,2,DIE-PREP,34400.945,28119.63,153195.33,2.71,0.78,3.49,688395.41
gmna,MAKE,2018,Actual,P00047057,297.7,Patterns,D3D450255,NEW_CONS_FTD_BSO_IVER1_PREP_LINE_DIE,BODY SI OTR,12.58,16.75,2,2,DIE-PREP,27581.905,169379.18,254877.5,1.69,1.29,2.98,587582.09
gmna,MAKE,2018,Actual,P00047053,296.6,Patterns,D3D450255,NEW_CONS_FTD_BSO_IVER1_PREP_LINE_DIE,BODY SI OTR,12.58,16.75,2,2,DIE-PREP,27479.99,70144.44,172893.8,2.28,0.88,3.15,621602.82
gmna,MAKE,2018,Actual,P00047061,282.2,Patterns,D3D450255,NEW_CONS_FTD_BSO_IVER1_PREP_LINE_DIE,BODY SI OTR,12.58,16.75,2,2,DIE-PREP,26145.83,115595.87,205442.53,1.92,1.04,2.96,583244.42
gmna,MAKE,2018,Actual,P00047060,600.6,Initial Machining,D3D360055,NEW-CONS_FTD_BSO_IVER1_LINE_DAS_TL-Stg,BODY SI OTR,12.58,16.75,1,1,DAS,55330.639,115595.87,205442.53,1.92,1.04,2.96,583244.42
gmna,MAKE,2018,Actual,P00047056,525.3,Initial Machining,D3D360055,NEW-CONS_FTD_BSO_IVER1_LINE_DAS_TL-Stg,BODY SI OTR,12.58,16.75,1,1,DAS,48463.357,169379.18,254877.5,1.69,1.29,2.98,587582.09
gmna,MAKE,2018,Actual,P00047061,468.6,Foundry,D3D450255,NEW_CONS_FTD_BSO_IVER1_PREP_LINE_DIE,BODY SI OTR,12.58,16.75,3,3,DIE-PREP,43063.44,115595.87,205442.53,1.92,1.04,2.96,583244.42
gmna,MAKE,2018,Actual,P00047053,301.6,Foundry,D3D450255,NEW_CONS_FTD_BSO_IVER1_PREP_LINE_DIE,BODY SI OTR,12.58,16.75,3,3,DIE-PREP,27388.335,70144.44,172893.8,2.28,0.88,3.15,621602.82
gmna,MAKE,2018,Actual,P00047057,125.5,Foundry,D3D450255,NEW_CONS_FTD_BSO_IVER1_PREP_LINE_DIE,BODY SI OTR,12.58,16.75,3,3,DIE-PREP,11501.075,169379.18,254877.5,1.69,1.29,2.98,587582.09
gmna,MAKE,2018,Actual,P00047057,68.7,Process Planning,D3D450255,NEW_CONS_FTD_BSO_IVER1_PREP_LINE_DIE,BODY SI OTR,12.58,16.75,1,1,DIE-PREP,6351.015,169379.18,254877.5,1.69,1.29,2.98,587582.09
gmna,MAKE,2018,Actual,P00047056,211.8,Subassembly,D3D360055,NEW-CONS_FTD_BSO_IVER1_LINE_DAS_TL-Stg,BODY SI OTR,12.58,16.75,1,1,DAS,19549.902,169379.18,254877.5,1.69,1.29,2.98,587582.09
gmna,MAKE,2018,Actual,P00047047,360.7,Subassembly,D3D300055,NEW-CONS_FTD_IVER1_DRAW-010_DAS_TL-Stg,BODY SI OTR,12.58,16.75,1,1,DAS,33078.064,28119.63,153195.33,2.71,0.78,3.49,688395.41
gmna,MAKE,2018,Actual,P00047060,571.7,Subassembly,D3D360055,NEW-CONS_FTD_BSO_IVER1_LINE_DAS_TL-Stg,BODY SI OTR,12.58,16.75,1,1,DAS,52706.483,115595.87,205442.53,1.92,1.04,2.96,583244.42
gmna,MAKE,2018,Actual,P00047052,1986.9,Total,D3D360055,NEW-CONS_FTD_BSO_IVER1_LINE_DAS_TL-Stg,BODY SI OTR,12.58,16.75,4,4,DAS,182728.03,70144.44,172893.8,2.28,0.88,3.15,621602.82
gmna,MAKE,2018,Actual,P00047056,1391.8,Total,D3D360055,NEW-CONS_FTD_BSO_IVER1_LINE_DAS_TL-Stg,BODY SI OTR,12.58,16.75,4,4,DAS,128435.522,169379.18,254877.5,1.69,1.29,2.98,587582.09
gmna,MAKE,2018,Actual,P00047061,768.8,Total,D3D450255,NEW_CONS_FTD_BSO_IVER1_PREP_LINE_DIE,BODY SI OTR,12.58,16.75,6,6,DIE-PREP,70876.97,115595.87,205442.53,1.92,1.04,2.96,583244.42
gmna,MAKE,2018,Actual,P00047053,657.4,Total,D3D450255,NEW_CONS_FTD_BSO_IVER1_PREP_LINE_DIE,BODY SI OTR,12.58,16.75,6,6,DIE-PREP,60338.805,70144.44,172893.8,2.28,0.88,3.15,621602.82
gmna,MAKE,2018,Actual,P00047049,590.1,Total,D3D450250,NEW_CONS_FTD_BSO_IVER1_PREP_DRAW,BODY SI OTR,12.58,16.75,5,5,DIE-PREP,54672.765,28119.63,153195.33,2.71,0.78,3.49,688395.41
gmna,MAKE,2018,Actual,P00047052,615.4,Final Machining,D3D360055,NEW-CONS_FTD_BSO_IVER1_LINE_DAS_TL-Stg,BODY SI OTR,12.58,16.75,1,1,DAS,56704.126,70144.44,172893.8,2.28,0.88,3.15,621602.82
gmna,MAKE,2018,Actual,P00047057,491.9,Total,D3D450255,NEW_CONS_FTD_BSO_IVER1_PREP_LINE_DIE,BODY SI OTR,12.58,16.75,6,6,DIE-PREP,45433.995,169379.18,254877.5,1.69,1.29,2.98,587582.09
gmna,MAKE,2018,Actual,P00047022,468,Total,D2Y350060,NEW_DSGN_FTD_LINE_CAM_BSO_CATEGORY-1,BODY SI OTR,12.58,16.75,6,6,DSGN,31543.2,115595.87,205442.53,1.92,1.04,2.96,583244.42
gmna,MAKE,2018,Actual,P00047021,466.6,Total,D2Y350060,NEW_DSGN_FTD_LINE_CAM_BSO_CATEGORY-1,BODY SI OTR,12.58,16.75,6,6,DSGN,31448.84,169379.18,254877.5,1.69,1.29,2.98,587582.09
gmna,MAKE,2018,Actual,P00047019,379.5,Total,D2Y300020,NEW_DSGN_FTD_DRAW-010_BSO_CATEGORY-1,BODY SI OTR,12.58,16.75,5,5,DSGN,25578.3,28119.63,153195.33,2.71,0.78,3.49,688395.41
gmna,MAKE,2018,Actual,P00050211,190,Total,D3F360480,NEW-CONS_FTD_IVER3_030_LSH_PATT_COMP,BODY SI OTR,12.58,16.75,1,1,TOOL,17535.1,115595.87,205442.53,1.92,1.04,2.96,583244.42
gmna,MAKE,2018,Actual,P00047052,798.5,Subassembly,D3D360055,NEW-CONS_FTD_BSO_IVER1_LINE_DAS_TL-Stg,BODY SI OTR,12.58,16.75,1,1,DAS,73302.748,70144.44,172893.8,2.28,0.88,3.15,621602.82
gmna,MAKE,2018,Actual,P00047020,474,Total,D2Y350060,NEW_DSGN_FTD_LINE_CAM_BSO_CATEGORY-1,BODY SI OTR,12.58,16.75,6,6,DSGN,31947.6,70144.44,172893.8,2.28,0.88,3.15,621602.82
gmna,MAKE,2018,Actual,P00047060,586.3,Final Machining,D3D360055,NEW-CONS_FTD_BSO_IVER1_LINE_DAS_TL-Stg,BODY SI OTR,12.58,16.75,1,1,DAS,54109.627,115595.87,205442.53,1.92,1.04,2.96,583244.42
gmna,MAKE,2018,Actual,P00047047,441.8,Final Machining,D3D300055,NEW-CONS_FTD_IVER1_DRAW-010_DAS_TL-Stg,BODY SI OTR,12.58,16.75,1,1,DAS,39913.686,28119.63,153195.33,2.71,0.78,3.49,688395.41
gmna,Make,2018,Actual,P00045276,405.4,Total,D3J450275,NEW_CONS_FTD_QTR_INR_LINE_BETWEEN_9.0_12.0_FSDS_PREP,QTR INR,5.35,7.74,6,6,DIE-PREP,37560.31,14874.82,46899.69,0.75,0.24,0.99,195752.97
gmna,Make,2018,Actual,P00045275,396,Total,D3M300055,NEW-CONS_FTD_QTR_INR_BETWN_9_12_FSD'S_DRAW_LINE_DAS_TL-Stg,QTR INR,5.35,7.74,4,4,DAS,36689.4,14874.82,46899.69,0.75,0.24,0.99,195752.97
gmna,Make,2018,Actual,P00043675,303.7,Total,D3L350090,CONS_FTD_QTR_INR_FSD'S_DRAW-010_V1_TOOL,QTR INR,5.35,7.74,1,1,V1,28137.805,11879.88,52099.04,0.78,0.26,1.04,204943.98
gmna,Make,2018,Actual,P00043687,144.2,Total,D2Y350540,NEW_DSGN_FTD_LINE_FSD'S_QTR_INR,QTR INR,5.35,7.74,6,6,DSGN,9719.08,38988.16,73603.8,0.76,0.37,1.14,224347.13
gmna,Make,2018,Actual,P00043692,124.3,Total,D2Y350540,NEW_DSGN_FTD_LINE_FSD'S_QTR_INR,QTR INR,5.35,7.74,6,6,DSGN,8377.82,21906.52,54121.24,0.62,0.27,0.89,175579.13
gmna,Make,2018,Actual,P00043674,123.1,Total,D2Y300600,NEW_DSGN_FTD_DRAW_FSD's_QTR_INR,QTR INR,5.35,7.74,5,5,DSGN,8296.94,11879.88,52099.04,0.78,0.26,1.04,204943.98
gmna,Make,2018,Actual,P00043680,123,Total,D2Y350540,NEW_DSGN_FTD_LINE_FSD'S_QTR_INR,QTR INR,5.35,7.74,6,6,DSGN,8290.2,27159.7,68065.23,0.94,0.35,1.29,254176.78
gmna,Make,2018,Actual,P00045278,74.8,Total,D2Y350540,NEW_DSGN_FTD_LINE_FSD'S_QTR_INR,QTR INR,5.35,7.74,6,6,DSGN,5041.52,14874.82,46899.69,0.75,0.24,0.99,195752.97
gmna,Make,2018,Actual,P00043690,409.3,Total,D3J450275,NEW_CONS_FTD_QTR_INR_LINE_BETWEEN_9.0_12.0_FSDS_PREP,QTR INR,5.35,7.74,6,6,DIE-PREP,37921.645,21906.52,54121.24,0.62,0.27,0.89,175579.13
gmna,Make,2018,Actual,P00049490,54.5,Total,D2Y150060,DSGN_FTD_CHANGE,QTR INR,5.35,7.74,1,1,TOOL,3780.12,11879.88,52099.04,0.78,0.26,1.04,204943.98
gmna,Make,2018,Actual,P00043684,223.6,Subassembly,D3M300055,NEW-CONS_FTD_QTR_INR_BETWN_9_12_FSD'S_DRAW_LINE_DAS_TL-Stg,QTR INR,5.35,7.74,1,1,DAS,20716.54,38988.16,73603.8,0.76,0.37,1.14,224347.13
gmna,Make,2018,Actual,P00043677,222.4,Subassembly,D3M300055,NEW-CONS_FTD_QTR_INR_BETWN_9_12_FSD'S_DRAW_LINE_DAS_TL-Stg,QTR INR,5.35,7.74,1,1,DAS,20605.36,27159.7,68065.23,0.94,0.35,1.29,254176.78
gmna,Make,2018,Actual,P00045275,164,Subassembly,D3M300055,NEW-CONS_FTD_QTR_INR_BETWN_9_12_FSD'S_DRAW_LINE_DAS_TL-Stg,QTR INR,5.35,7.74,1,1,DAS,15194.6,14874.82,46899.69,0.75,0.24,0.99,195752.97
gmna,Make,2018,Actual,P00043689,134,Subassembly,D3M300055,NEW-CONS_FTD_QTR_INR_BETWN_9_12_FSD'S_DRAW_LINE_DAS_TL-Stg,QTR INR,5.35,7.74,1,1,DAS,12415.1,21906.52,54121.24,0.62,0.27,0.89,175579.13
gmna,Make,2018,Actual,P00045276,33,Process Planning,D3J450275,NEW_CONS_FTD_QTR_INR_LINE_BETWEEN_9.0_12.0_FSDS_PREP,QTR INR,5.35,7.74,1,1,DIE-PREP,3057.45,14874.82,46899.69,0.75,0.24,0.99,195752.97
gmna,Make,2018,Actual,P00043690,33,Process Planning,D3J450275,NEW_CONS_FTD_QTR_INR_LINE_BETWEEN_9.0_12.0_FSDS_PREP,QTR INR,5.35,7.74,1,1,DIE-PREP,3057.45,21906.52,54121.24,0.62,0.27,0.89,175579.13
gmna,Make,2018,Actual,P00043685,32,Process Planning,D3J450275,NEW_CONS_FTD_QTR_INR_LINE_BETWEEN_9.0_12.0_FSDS_PREP,QTR INR,5.35,7.74,1,1,DIE-PREP,2964.8,38988.16,73603.8,0.76,0.37,1.14,224347.13
gmna,Make,2018,Actual,P00043678,25,Process Planning,D3J450275,NEW_CONS_FTD_QTR_INR_LINE_BETWEEN_9.0_12.0_FSDS_PREP,QTR INR,5.35,7.74,1,1,DIE-PREP,2316.25,27159.7,68065.23,0.94,0.35,1.29,254176.78
gmna,Make,2018,Actual,P00043685,428.9,Total,D3J450275,NEW_CONS_FTD_QTR_INR_LINE_BETWEEN_9.0_12.0_FSDS_PREP,QTR INR,5.35,7.74,6,6,DIE-PREP,39737.585,38988.16,73603.8,0.76,0.37,1.14,224347.13
gmna,Make,2018,Actual,P00043678,648.8,Total,D3J450275,NEW_CONS_FTD_QTR_INR_LINE_BETWEEN_9.0_12.0_FSDS_PREP,QTR INR,5.35,7.74,6,6,DIE-PREP,60111.32,27159.7,68065.23,0.94,0.35,1.29,254176.78
gmna,MAKE,2018,Actual,P00047020,474,Design,D2Y350060,NEW_DSGN_FTD_LINE_CAM_BSO_CATEGORY-1,BODY SI OTR,12.58,16.75,6,6,DSGN,31947.6,70144.44,172893.8,2.28,0.88,3.15,621602.82
gmna,MAKE,2018,Actual,P00047022,468,Design,D2Y350060,NEW_DSGN_FTD_LINE_CAM_BSO_CATEGORY-1,BODY SI OTR,12.58,16.75,6,6,DSGN,31543.2,115595.87,205442.53,1.92,1.04,2.96,583244.42
gmna,MAKE,2018,Actual,P00047021,466.6,Design,D2Y350060,NEW_DSGN_FTD_LINE_CAM_BSO_CATEGORY-1,BODY SI OTR,12.58,16.75,6,6,DSGN,31448.84,169379.18,254877.5,1.69,1.29,2.98,587582.09
gmna,MAKE,2018,Actual,P00047019,379.5,Design,D2Y300020,NEW_DSGN_FTD_DRAW-010_BSO_CATEGORY-1,BODY SI OTR,12.58,16.75,5,5,DSGN,25578.3,28119.63,153195.33,2.71,0.78,3.49,688395.41
gmna,MAKE,2018,Actual,P00047060,875.1,Assembly,D3D360055,NEW-CONS_FTD_BSO_IVER1_LINE_DAS_TL-Stg,BODY SI OTR,12.58,16.75,1,1,DAS,80762.979,115595.87,205442.53,1.92,1.04,2.96,583244.42
gmna,MAKE,2018,Actual,P00047052,538.5,Assembly,D3D360055,NEW-CONS_FTD_BSO_IVER1_LINE_DAS_TL-Stg,BODY SI OTR,12.58,16.75,1,1,DAS,49615.705,70144.44,172893.8,2.28,0.88,3.15,621602.82
gmna,MAKE,2018,Actual,P00047056,487.2,Assembly,D3D360055,NEW-CONS_FTD_BSO_IVER1_LINE_DAS_TL-Stg,BODY SI OTR,12.58,16.75,1,1,DAS,44963.688,169379.18,254877.5,1.69,1.29,2.98,587582.09
gmna,Make,2018,Actual,P00043689,494.6,Total,D3M300055,NEW-CONS_FTD_QTR_INR_BETWN_9_12_FSD'S_DRAW_LINE_DAS_TL-Stg,QTR INR,5.35,7.74,4,4,DAS,45824.69,21906.52,54121.24,0.62,0.27,0.89,175579.13
gmna,MAKE,2018,Actual,P00046054,602.1,Assembly,D3M300055,NEW-CONS_FTD_QTR_INR_BETWN_9_12_FSD'S_DRAW_LINE_DAS_TL-Stg,QTR INR,9.3,11.4,1,1,DAS,55255.664,58362.5,136684.36,1.53,0.69,2.22,438496.33
gmna,MAKE,2018,Actual,P00046049,597.5,Assembly,D3M300055,NEW-CONS_FTD_QTR_INR_BETWN_9_12_FSD'S_DRAW_LINE_DAS_TL-Stg,QTR INR,9.3,11.4,1,1,DAS,54653.85,40171.54,124763.93,2.01,0.63,2.64,521213.49
gmna,MAKE,2018,Actual,P00046059,590,Assembly,D3M300055,NEW-CONS_FTD_QTR_INR_BETWN_9_12_FSD'S_DRAW_LINE_DAS_TL-Stg,QTR INR,9.3,11.4,1,1,DAS,54451.1,49721.55,122595.64,1.4,0.62,2.03,399594.76
gmna,MAKE,2018,Actual,P00046043,1039.2,Assembly,D3M300055,NEW-CONS_FTD_QTR_INR_BETWN_9_12_FSD'S_DRAW_LINE_DAS_TL-Stg,QTR INR,9.3,11.4,1,1,DAS,94345.708,11258.09,101855.11,1.89,0.52,2.41,474725.83
gmna,Make,2018,Actual,P00043672,181.3,Patterns,D3J450270,NEW_CONS_FTD_QTR_INR_DRAW_BETWEEN_9.0_12.0_FSDS_PREP,QTR INR,5.35,7.74,2,2,DIE-PREP,16797.445,11879.88,52099.04,0.78,0.26,1.04,204943.98
gmna,MAKE,2018,Actual,P00047035,477.9,Assembly,D3D360055,NEW-CONS_FTD_BSO_IVER1_LINE_DAS_TL-Stg,BODY SI OTR,12.02,15.61,1,1,DAS,44105.391,50025.22,152338.05,2.2,0.77,2.97,586115.63
gmna,MAKE,2018,Actual,P00046055,213.4,Patterns,D3J450275,NEW_CONS_FTD_QTR_INR_LINE_BETWEEN_9.0_12.0_FSDS_PREP,QTR INR,9.3,11.4,2,2,DIE-PREP,19771.51,58362.5,136684.36,1.53,0.69,2.22,438496.33
gmna,MAKE,2018,Actual,P00046044,208.1,Patterns,D3J450270,NEW_CONS_FTD_QTR_INR_DRAW_BETWEEN_9.0_12.0_FSDS_PREP,QTR INR,9.3,11.4,2,2,DIE-PREP,19280.465,11258.09,101855.11,1.89,0.52,2.41,474725.83
gmna,MAKE,2018,Actual,P00046060,193.8,Patterns,D3J450275,NEW_CONS_FTD_QTR_INR_LINE_BETWEEN_9.0_12.0_FSDS_PREP,QTR INR,9.3,11.4,2,2,DIE-PREP,17955.57,49721.55,122595.64,1.4,0.62,2.03,399594.76
gmna,MAKE,2018,Actual,P00046043,715.6,Initial Machining,D3M300055,NEW-CONS_FTD_QTR_INR_BETWN_9_12_FSD'S_DRAW_LINE_DAS_TL-Stg,QTR INR,9.3,11.4,1,1,DAS,66300.34,11258.09,101855.11,1.89,0.52,2.41,474725.83
gmna,MAKE,2018,Actual,P00046049,644.6,Initial Machining,D3M300055,NEW-CONS_FTD_QTR_INR_BETWN_9_12_FSD'S_DRAW_LINE_DAS_TL-Stg,QTR INR,9.3,11.4,1,1,DAS,59722.19,40171.54,124763.93,2.01,0.63,2.64,521213.49
gmna,MAKE,2018,Actual,P00046059,536.3,Initial Machining,D3M300055,NEW-CONS_FTD_QTR_INR_BETWN_9_12_FSD'S_DRAW_LINE_DAS_TL-Stg,QTR INR,9.3,11.4,1,1,DAS,49551.069,49721.55,122595.64,1.4,0.62,2.03,399594.76
gmna,MAKE,2018,Actual,P00046054,463.5,Initial Machining,D3M300055,NEW-CONS_FTD_QTR_INR_BETWN_9_12_FSD'S_DRAW_LINE_DAS_TL-Stg,QTR INR,9.3,11.4,1,1,DAS,42943.275,58362.5,136684.36,1.53,0.69,2.22,438496.33
gmna,MAKE,2018,Actual,P00046050,426.1,Foundry,D3J450275,NEW_CONS_FTD_QTR_INR_LINE_BETWEEN_9.0_12.0_FSDS_PREP,QTR INR,9.3,11.4,3,3,DIE-PREP,39478.165,40171.54,124763.93,2.01,0.63,2.64,521213.49
gmna,MAKE,2018,Actual,P00046044,381,Foundry,D3J450270,NEW_CONS_FTD_QTR_INR_DRAW_BETWEEN_9.0_12.0_FSDS_PREP,QTR INR,9.3,11.4,3,3,DIE-PREP,35299.65,11258.09,101855.11,1.89,0.52,2.41,474725.83
gmna,MAKE,2018,Actual,P00046060,297.3,Foundry,D3J450275,NEW_CONS_FTD_QTR_INR_LINE_BETWEEN_9.0_12.0_FSDS_PREP,QTR INR,9.3,11.4,3,3,DIE-PREP,27544.845,49721.55,122595.64,1.4,0.62,2.03,399594.76
gmna,MAKE,2018,Actual,P00046043,427.9,Final Machining,D3M300055,NEW-CONS_FTD_QTR_INR_BETWN_9_12_FSD'S_DRAW_LINE_DAS_TL-Stg,QTR INR,9.3,11.4,1,1,DAS,39644.935,11258.09,101855.11,1.89,0.52,2.41,474725.83
gmna,MAKE,2018,Actual,P00046059,389.7,Final Machining,D3M300055,NEW-CONS_FTD_QTR_INR_BETWN_9_12_FSD'S_DRAW_LINE_DAS_TL-Stg,QTR INR,9.3,11.4,1,1,DAS,35241.204,49721.55,122595.64,1.4,0.62,2.03,399594.76
gmna,MAKE,2018,Actual,P00046054,344.9,Final Machining,D3M300055,NEW-CONS_FTD_QTR_INR_BETWN_9_12_FSD'S_DRAW_LINE_DAS_TL-Stg,QTR INR,9.3,11.4,1,1,DAS,31536.017,58362.5,136684.36,1.53,0.69,2.22,438496.33
gmna,MAKE,2018,Actual,P00046062,173.3,Design,D2Y350540,NEW_DSGN_FTD_LINE_FSD'S_QTR_INR,QTR INR,9.3,11.4,6,6,DSGN,11680.42,49721.55,122595.64,1.4,0.62,2.03,399594.76
gmna,MAKE,2018,Actual,P00046050,261.1,Patterns,D3J450275,NEW_CONS_FTD_QTR_INR_LINE_BETWEEN_9.0_12.0_FSDS_PREP,QTR INR,9.3,11.4,2,2,DIE-PREP,24190.915,40171.54,124763.93,2.01,0.63,2.64,521213.49
gmna,MAKE,2018,Actual,P00046060,49,Process Planning,D3J450275,NEW_CONS_FTD_QTR_INR_LINE_BETWEEN_9.0_12.0_FSDS_PREP,QTR INR,9.3,11.4,1,1,DIE-PREP,4539.85,49721.55,122595.64,1.4,0.62,2.03,399594.76
gmna,MAKE,2018,Actual,P00046043,262.5,Subassembly,D3M300055,NEW-CONS_FTD_QTR_INR_BETWN_9_12_FSD'S_DRAW_LINE_DAS_TL-Stg,QTR INR,9.3,11.4,1,1,DAS,24320.625,11258.09,101855.11,1.89,0.52,2.41,474725.83
gmna,MAKE,2018,Actual,P00046059,319.7,Subassembly,D3M300055,NEW-CONS_FTD_QTR_INR_BETWN_9_12_FSD'S_DRAW_LINE_DAS_TL-Stg,QTR INR,9.3,11.4,1,1,DAS,29453.731,49721.55,122595.64,1.4,0.62,2.03,399594.76
gmna,Make,2018,Actual,P00044306,264.6,Total,D3H450270,NEW_CONS_FTD_MISC_DRAW_UNDER_5.0_FSDS_PREP,REAR FLOOR,3.51,4.56,5,5,DIE-PREP,24515.19,14746.51,69183.67,0.88,0.35,1.23,242765.35
gmna,Make,2018,Actual,P00044308,282.5,Total,D3K360055,NEW-CONS_FTD_UB_UNDER_5.0_FSD'S_LINE_020_DAS_TL-Stg,REAR FLOOR,3.51,4.56,4,4,DAS,26173.625,16127.77,53756.4,0.91,0.27,1.19,233688.4
gmna,Make,2018,Actual,P00044066,300.5,Total,D2Y350480,NEW_DSGN_FTD_LINE_FSD'S_UNDER_5.0,REAR FLOOR,3.51,4.56,6,6,DSGN,20253.7,18739.82,55820.57,0.81,0.28,1.09,214688.16
gmna,Make,2018,Actual,P00044065,310.7,Total,D2Y350480,NEW_DSGN_FTD_LINE_FSD'S_UNDER_5.0,REAR FLOOR,3.51,4.56,6,6,DSGN,20941.18,16127.77,53756.4,0.91,0.27,1.19,233688.4
gmna,Make,2018,Actual,P00044309,334.2,Total,D3H450275,NEW_CONS_FTD_MISC_LINE_UNDER_5.0_FSDS_PREP,REAR FLOOR,3.51,4.56,6,6,DIE-PREP,30963.63,16127.77,53756.4,0.91,0.27,1.19,233688.4
gmna,Make,2018,Actual,P00044305,335,Total,D3K300055,NEW-CONS_FTD_UB_UNDER_5.0_FSD'S_DRAW_010_DAS_TL-Stg,REAR FLOOR,3.51,4.56,4,4,DAS,31037.75,14746.51,69183.67,0.88,0.35,1.23,242765.35
gmna,Make,2018,Actual,P00044312,349.7,Total,D3H450275,NEW_CONS_FTD_MISC_LINE_UNDER_5.0_FSDS_PREP,REAR FLOOR,3.51,4.56,6,6,DIE-PREP,32399.705,18739.82,55820.57,0.81,0.28,1.09,214688.16
gmna,Make,2018,Actual,P00044064,359.2,Total,D2Y300500,NEW_DSGN_FTD_DRAW-010_FSD'S_LESS_5.0,REAR FLOOR,3.51,4.56,5,5,DSGN,24210.08,14746.51,69183.67,0.88,0.35,1.23,242765.35
gmna,Make,2018,Actual,P00044308,83.5,Subassembly,D3K360055,NEW-CONS_FTD_UB_UNDER_5.0_FSD'S_LINE_020_DAS_TL-Stg,REAR FLOOR,3.51,4.56,1,1,DAS,7736.275,16127.77,53756.4,0.91,0.27,1.19,233688.4
gmna,Make,2018,Actual,P00044309,35.5,Process Planning,D3H450275,NEW_CONS_FTD_MISC_LINE_UNDER_5.0_FSDS_PREP,REAR FLOOR,3.51,4.56,1,1,DIE-PREP,3289.075,16127.77,53756.4,0.91,0.27,1.19,233688.4
gmna,Make,2018,Actual,P00044312,152.8,Patterns,D3H450275,NEW_CONS_FTD_MISC_LINE_UNDER_5.0_FSDS_PREP,REAR FLOOR,3.51,4.56,2,2,DIE-PREP,14156.92,18739.82,55820.57,0.81,0.28,1.09,214688.16
gmna,Make,2018,Actual,P00044309,143.7,Patterns,D3H450275,NEW_CONS_FTD_MISC_LINE_UNDER_5.0_FSDS_PREP,REAR FLOOR,3.51,4.56,2,2,DIE-PREP,13313.805,16127.77,53756.4,0.91,0.27,1.19,233688.4
gmna,Make,2018,Actual,P00044306,133.1,Patterns,D3H450270,NEW_CONS_FTD_MISC_DRAW_UNDER_5.0_FSDS_PREP,REAR FLOOR,3.51,4.56,2,2,DIE-PREP,12331.715,14746.51,69183.67,0.88,0.35,1.23,242765.35
gmna,Make,2018,Actual,P00044312,166.4,Foundry,D3H450275,NEW_CONS_FTD_MISC_LINE_UNDER_5.0_FSDS_PREP,REAR FLOOR,3.51,4.56,3,3,DIE-PREP,15416.96,18739.82,55820.57,0.81,0.28,1.09,214688.16
gmna,Make,2018,Actual,P00044309,155,Foundry,D3H450275,NEW_CONS_FTD_MISC_LINE_UNDER_5.0_FSDS_PREP,REAR FLOOR,3.51,4.56,3,3,DIE-PREP,14360.75,16127.77,53756.4,0.91,0.27,1.19,233688.4
gmna,Make,2018,Actual,P00044306,64,Process Planning,D3H450270,NEW_CONS_FTD_MISC_DRAW_UNDER_5.0_FSDS_PREP,REAR FLOOR,3.51,4.56,1,1,DIE-PREP,5929.6,14746.51,69183.67,0.88,0.35,1.23,242765.35
gmna,MAKE,2018,Actual,P00047035,1695,Total,D3D360055,NEW-CONS_FTD_BSO_IVER1_LINE_DAS_TL-Stg,BODY SI OTR,12.02,15.61,4,4,DAS,156025.977,50025.22,152338.05,2.2,0.77,2.97,586115.63
gmna,MAKE,2018,Actual,P00047031,1542.7,Total,D3D300055,NEW-CONS_FTD_IVER1_DRAW-010_DAS_TL-Stg,BODY SI OTR,12.02,15.61,4,4,DAS,141777.559,28322.59,153575.25,2.71,0.78,3.49,688933.55
gmna,MAKE,2018,Actual,P00047039,528.6,Initial Machining,D3D360055,NEW-CONS_FTD_BSO_IVER1_LINE_DAS_TL-Stg,BODY SI OTR,12.02,15.61,1,1,DAS,48724.819,104836.26,193426.12,1.69,0.98,2.67,527013.35
gmna,MAKE,2018,Actual,P00047036,346.1,Foundry,D3D450255,NEW_CONS_FTD_BSO_IVER1_PREP_LINE_DIE,BODY SI OTR,12.02,15.61,3,3,DIE-PREP,31604.467,50025.22,152338.05,2.2,0.77,2.97,586115.63
gmna,MAKE,2018,Actual,P00047040,102.1,Foundry,D3D450255,NEW_CONS_FTD_BSO_IVER1_PREP_LINE_DIE,BODY SI OTR,12.02,15.61,3,3,DIE-PREP,9201.252,104836.26,193426.12,1.69,0.98,2.67,527013.35
gmna,MAKE,2018,Actual,P00047043,633.1,Initial Machining,D3D360055,NEW-CONS_FTD_BSO_IVER1_LINE_DAS_TL-Stg,BODY SI OTR,12.02,15.61,1,1,DAS,58332.234,116371.3,204638.15,1.85,1.04,2.89,568932.66
gmna,MAKE,2018,Actual,P00047031,434.8,Final Machining,D3D300055,NEW-CONS_FTD_IVER1_DRAW-010_DAS_TL-Stg,BODY SI OTR,12.02,15.61,1,1,DAS,39814.146,28322.59,153575.25,2.71,0.78,3.49,688933.55
gmna,MAKE,2018,Actual,P00047018,463.2,Design,D2Y350060,NEW_DSGN_FTD_LINE_CAM_BSO_CATEGORY-1,BODY SI OTR,12.02,15.61,6,6,DSGN,31219.68,116371.3,204638.15,1.85,1.04,2.89,568932.66
gmna,MAKE,2018,Actual,P00047016,459.7,Design,D2Y350060,NEW_DSGN_FTD_LINE_CAM_BSO_CATEGORY-1,BODY SI OTR,12.02,15.61,6,6,DSGN,30983.78,50025.22,152338.05,2.2,0.77,2.97,586115.63
gmna,MAKE,2018,Actual,P00047017,459.1,Design,D2Y350060,NEW_DSGN_FTD_LINE_CAM_BSO_CATEGORY-1,BODY SI OTR,12.02,15.61,6,6,DSGN,30943.34,104836.26,193426.12,1.69,0.98,2.67,527013.35
gmna,MAKE,2018,Actual,P00047015,417.6,Design,D2Y300020,NEW_DSGN_FTD_DRAW-010_BSO_CATEGORY-1,BODY SI OTR,12.02,15.61,5,5,DSGN,28146.24,28322.59,153575.25,2.71,0.78,3.49,688933.55
gmna,MAKE,2018,Actual,P00047043,878.8,Assembly,D3D360055,NEW-CONS_FTD_BSO_IVER1_LINE_DAS_TL-Stg,BODY SI OTR,12.02,15.61,1,1,DAS,81087.092,116371.3,204638.15,1.85,1.04,2.89,568932.66
gmna,MAKE,2018,Actual,P00047031,698,Assembly,D3D300055,NEW-CONS_FTD_IVER1_DRAW-010_DAS_TL-Stg,BODY SI OTR,12.02,15.61,1,1,DAS,64334.5,28322.59,153575.25,2.71,0.78,3.49,688933.55
gmna,MAKE,2018,Actual,P00047035,517,Final Machining,D3D360055,NEW-CONS_FTD_BSO_IVER1_LINE_DAS_TL-Stg,BODY SI OTR,12.02,15.61,1,1,DAS,47713.93,50025.22,152338.05,2.2,0.77,2.97,586115.63
gmna,MAKE,2018,Actual,P00047039,421.3,Assembly,D3D360055,NEW-CONS_FTD_BSO_IVER1_LINE_DAS_TL-Stg,BODY SI OTR,12.02,15.61,1,1,DAS,38881.777,104836.26,193426.12,1.69,0.98,2.67,527013.35
gmna,MAKE,2018,Actual,P00047036,307.8,Patterns,D3D450255,NEW_CONS_FTD_BSO_IVER1_PREP_LINE_DIE,BODY SI OTR,12.02,15.61,2,2,DIE-PREP,28517.67,50025.22,152338.05,2.2,0.77,2.97,586115.63
gmna,MAKE,2018,Actual,P00047039,1294.5,Total,D3D360055,NEW-CONS_FTD_BSO_IVER1_LINE_DAS_TL-Stg,BODY SI OTR,12.02,15.61,4,4,DAS,119409.73,104836.26,193426.12,1.69,0.98,2.67,527013.35
gmna,MAKE,2018,Actual,P00047044,1036.9,Total,D3D450255,NEW_CONS_FTD_BSO_IVER1_PREP_LINE_DIE,BODY SI OTR,12.02,15.61,6,6,DIE-PREP,95543.211,116371.3,204638.15,1.85,1.04,2.89,568932.66
gmna,MAKE,2018,Actual,P00047036,653.9,Total,D3D450255,NEW_CONS_FTD_BSO_IVER1_PREP_LINE_DIE,BODY SI OTR,12.02,15.61,6,6,DIE-PREP,60122.137,50025.22,152338.05,2.2,0.77,2.97,586115.63
gmna,MAKE,2018,Actual,P00047032,515,Total,D3D450250,NEW_CONS_FTD_BSO_IVER1_PREP_DRAW,BODY SI OTR,12.02,15.61,5,5,DIE-PREP,47714.75,28322.59,153575.25,2.71,0.78,3.49,688933.55
gmna,MAKE,2018,Actual,P00047040,501.9,Total,D3D450255,NEW_CONS_FTD_BSO_IVER1_PREP_LINE_DIE,BODY SI OTR,12.02,15.61,6,6,DIE-PREP,46242.722,104836.26,193426.12,1.69,0.98,2.67,527013.35
gmna,MAKE,2018,Actual,P00047018,463.2,Total,D2Y350060,NEW_DSGN_FTD_LINE_CAM_BSO_CATEGORY-1,BODY SI OTR,12.02,15.61,6,6,DSGN,31219.68,116371.3,204638.15,1.85,1.04,2.89,568932.66
gmna,MAKE,2018,Actual,P00047016,459.7,Total,D2Y350060,NEW_DSGN_FTD_LINE_CAM_BSO_CATEGORY-1,BODY SI OTR,12.02,15.61,6,6,DSGN,30983.78,50025.22,152338.05,2.2,0.77,2.97,586115.63
gmna,MAKE,2018,Actual,P00047017,459.1,Total,D2Y350060,NEW_DSGN_FTD_LINE_CAM_BSO_CATEGORY-1,BODY SI OTR,12.02,15.61,6,6,DSGN,30943.34,104836.26,193426.12,1.69,0.98,2.67,527013.35
gmna,MAKE,2018,Actual,P00047044,301.5,Patterns,D3D450255,NEW_CONS_FTD_BSO_IVER1_PREP_LINE_DIE,BODY SI OTR,12.02,15.61,2,2,DIE-PREP,27933.975,116371.3,204638.15,1.85,1.04,2.89,568932.66
gmna,MAKE,2018,Actual,P00047015,417.6,Total,D2Y300020,NEW_DSGN_FTD_DRAW-010_BSO_CATEGORY-1,BODY SI OTR,12.02,15.61,5,5,DSGN,28146.24,28322.59,153575.25,2.71,0.78,3.49,688933.55
gmna,MAKE,2018,Actual,P00047035,678.1,Subassembly,D3D360055,NEW-CONS_FTD_BSO_IVER1_LINE_DAS_TL-Stg,BODY SI OTR,12.02,15.61,1,1,DAS,62176.276,50025.22,152338.05,2.2,0.77,2.97,586115.63
gmna,MAKE,2018,Actual,P00047031,278.4,Subassembly,D3D300055,NEW-CONS_FTD_IVER1_DRAW-010_DAS_TL-Stg,BODY SI OTR,12.02,15.61,1,1,DAS,25445.438,28322.59,153575.25,2.71,0.78,3.49,688933.55
gmna,MAKE,2018,Actual,P00047039,157.1,Subassembly,D3D360055,NEW-CONS_FTD_BSO_IVER1_LINE_DAS_TL-Stg,BODY SI OTR,12.02,15.61,1,1,DAS,14498.759,104836.26,193426.12,1.69,0.98,2.67,527013.35
gmna,MAKE,2018,Actual,P00047044,40,Process Planning,D3D450255,NEW_CONS_FTD_BSO_IVER1_PREP_LINE_DIE,BODY SI OTR,12.02,15.61,1,1,DIE-PREP,3694.48,116371.3,204638.15,1.85,1.04,2.89,568932.66
gmna,MAKE,2018,Actual,P00047032,26,Process Planning,D3D450250,NEW_CONS_FTD_BSO_IVER1_PREP_DRAW,BODY SI OTR,12.02,15.61,1,1,DIE-PREP,2408.9,28322.59,153575.25,2.71,0.78,3.49,688933.55
gmna,MAKE,2018,Actual,P00047040,399.8,Patterns,D3D450255,NEW_CONS_FTD_BSO_IVER1_PREP_LINE_DIE,BODY SI OTR,12.02,15.61,2,2,DIE-PREP,37041.47,104836.26,193426.12,1.69,0.98,2.67,527013.35
gmna,MAKE,2018,Actual,P00047032,360.5,Patterns,D3D450250,NEW_CONS_FTD_BSO_IVER1_PREP_DRAW,BODY SI OTR,12.02,15.61,2,2,DIE-PREP,33400.325,28322.59,153575.25,2.71,0.78,3.49,688933.55
gmna,MAKE,2018,Actual,P00050210,196.5,Total,D3F360480,NEW-CONS_FTD_IVER3_030_LSH_PATT_COMP,BODY SI OTR,12.02,15.61,1,1,TOOL,18134.985,116371.3,204638.15,1.85,1.04,2.89,568932.66
gmna,Make,2018,Actual,P00043685,176.9,Patterns,D3J450275,NEW_CONS_FTD_QTR_INR_LINE_BETWEEN_9.0_12.0_FSDS_PREP,QTR INR,5.35,7.74,2,2,DIE-PREP,16389.785,38988.16,73603.8,0.76,0.37,1.14,224347.13
gmna,Make,2018,Actual,P00045276,159.5,Patterns,D3J450275,NEW_CONS_FTD_QTR_INR_LINE_BETWEEN_9.0_12.0_FSDS_PREP,QTR INR,5.35,7.74,2,2,DIE-PREP,14777.675,14874.82,46899.69,0.75,0.24,0.99,195752.97
gmna,Make,2018,Actual,P00044306,67.5,Foundry,D3H450270,NEW_CONS_FTD_MISC_DRAW_UNDER_5.0_FSDS_PREP,REAR FLOOR,3.51,4.56,2,2,DIE-PREP,6253.875,14746.51,69183.67,0.88,0.35,1.23,242765.35
gmna,MAKE,2018,Actual,P00044862,461.5,Design,D2Y350060,NEW_DSGN_FTD_LINE_CAM_BSO_CATEGORY-1,BODY SI OTR,11.8,14.33,6,6,DSGN,31105.1,55758.21,156856.05,1.85,0.8,2.64,521536.25
gmna,MAKE,2018,Actual,P00044858,449.4,Design,D2Y350060,NEW_DSGN_FTD_LINE_CAM_BSO_CATEGORY-1,BODY SI OTR,11.8,14.33,6,6,DSGN,30289.56,47527.03,153271.04,1.81,0.78,2.59,510432.78
gmna,MAKE,2018,Actual,P00044851,364.2,Design,D2Y300020,NEW_DSGN_FTD_DRAW-010_BSO_CATEGORY-1,BODY SI OTR,11.8,14.33,5,5,DSGN,24547.08,28033.31,159524.94,2.84,0.81,3.65,720498.08
gmna,MAKE,2018,Actual,P00044848,1084.4,Assembly,D3D300055,NEW-CONS_FTD_IVER1_DRAW-010_DAS_TL-Stg,BODY SI OTR,11.8,14.33,1,1,DAS,100469.66,28033.31,159524.94,2.84,0.81,3.65,720498.08
gmna,MAKE,2018,Actual,P00044864,992.2,Assembly,D3D360055,NEW-CONS_FTD_BSO_IVER1_LINE_DAS_TL-Stg,BODY SI OTR,11.8,14.33,1,1,DAS,91927.33,128599.23,223390.79,1.79,1.13,2.92,576040.54
gmna,MAKE,2018,Actual,P00045664,867.9,Assembly,D3D360055,NEW-CONS_FTD_BSO_IVER1_LINE_DAS_TL-Stg,BODY SI OTR,11.8,14.33,1,1,DAS,80410.935,55758.21,156856.05,1.85,0.8,2.64,521536.25
gmna,MAKE,2018,Actual,P00044855,777.7,Assembly,D3D360055,NEW-CONS_FTD_BSO_IVER1_LINE_DAS_TL-Stg,BODY SI OTR,11.8,14.33,1,1,DAS,72053.905,47527.03,153271.04,1.81,0.78,2.59,510432.78
gmna,MAKE,2018,Actual,P00047572,2094.2,Total,D3D300055,NEW-CONS_FTD_IVER1_DRAW-010_DAS_TL-Stg,BODY SI OTR,12.47,17.26,4,4,DAS,193273.718,30013.82,160960.93,2.93,0.82,3.75,739722.67
gmna,MAKE,2018,Actual,P00047581,1551.2,Total,D3D360055,NEW-CONS_FTD_BSO_IVER1_LINE_DAS_TL-Stg,BODY SI OTR,12.47,17.26,4,4,DAS,143160.248,117367.51,217626.44,2.1,1.1,3.2,631372.31
gmna,MAKE,2018,Actual,P00047586,1402.9,Total,D3D360055,NEW-CONS_FTD_BSO_IVER1_LINE_DAS_TL-Stg,BODY SI OTR,12.47,17.26,4,4,DAS,129473.641,67403.3,159012.3,1.44,0.81,2.24,442250.73
gmna,MAKE,2018,Actual,P00047578,641.3,Total,D3D450255,NEW_CONS_FTD_BSO_IVER1_PREP_LINE_DIE,BODY SI OTR,12.47,17.26,6,6,DIE-PREP,58788.381,97875.78,208208.92,2.22,1.06,3.28,646274.69
gmna,MAKE,2018,Actual,P00047573,544.8,Total,D3D450250,NEW_CONS_FTD_BSO_IVER1_PREP_DRAW,BODY SI OTR,12.47,17.26,5,5,DIE-PREP,50145.613,30013.82,160960.93,2.93,0.82,3.75,739722.67
gmna,MAKE,2018,Actual,P00047533,540.8,Total,D2Y350060,NEW_DSGN_FTD_LINE_CAM_BSO_CATEGORY-1,BODY SI OTR,12.47,17.26,6,6,DSGN,36449.92,67403.3,159012.3,1.44,0.81,2.24,442250.73
gmna,MAKE,2018,Actual,P00047587,504.8,Total,D3D450255,NEW_CONS_FTD_BSO_IVER1_PREP_LINE_DIE,BODY SI OTR,12.47,17.26,6,6,DIE-PREP,46030.953,67403.3,159012.3,1.44,0.81,2.24,442250.73
gmna,MAKE,2018,Actual,P00047582,503.4,Total,D3D450255,NEW_CONS_FTD_BSO_IVER1_PREP_LINE_DIE,BODY SI OTR,12.47,17.26,6,6,DIE-PREP,45841.591,117367.51,217626.44,2.1,1.1,3.2,631372.31
gmna,MAKE,2018,Actual,P00047531,500.2,Total,D2Y350060,NEW_DSGN_FTD_LINE_CAM_BSO_CATEGORY-1,BODY SI OTR,12.47,17.26,6,6,DSGN,33713.48,97875.78,208208.92,2.22,1.06,3.28,646274.69
gmna,MAKE,2018,Actual,P00044867,477,Design,D2Y350060,NEW_DSGN_FTD_LINE_CAM_BSO_CATEGORY-1,BODY SI OTR,11.8,14.33,6,6,DSGN,32149.8,128599.23,223390.79,1.79,1.13,2.92,576040.54
gmna,MAKE,2018,Actual,P00044848,445.8,Final Machining,D3D300055,NEW-CONS_FTD_IVER1_DRAW-010_DAS_TL-Stg,BODY SI OTR,11.8,14.33,1,1,DAS,41303.37,28033.31,159524.94,2.84,0.81,3.65,720498.08
gmna,MAKE,2018,Actual,P00044856,104.5,Process Planning,D3D450255,NEW_CONS_FTD_BSO_IVER1_PREP_LINE_DIE,BODY SI OTR,11.8,14.33,1,1,DIE-PREP,9681.925,47527.03,153271.04,1.81,0.78,2.59,510432.78
gmna,MAKE,2018,Actual,P00044865,79,Process Planning,D3D450255,NEW_CONS_FTD_BSO_IVER1_PREP_LINE_DIE,BODY SI OTR,11.8,14.33,1,1,DIE-PREP,7319.35,128599.23,223390.79,1.79,1.13,2.92,576040.54
gmna,MAKE,2018,Actual,P00044849,58,Process Planning,D3D450250,NEW_CONS_FTD_BSO_IVER1_PREP_DRAW,BODY SI OTR,11.8,14.33,1,1,DIE-PREP,5373.7,28033.31,159524.94,2.84,0.81,3.65,720498.08
gmna,MAKE,2018,Actual,P00045665,49,Process Planning,D3D450255,NEW_CONS_FTD_BSO_IVER1_PREP_LINE_DIE,BODY SI OTR,11.8,14.33,1,1,DIE-PREP,4539.85,55758.21,156856.05,1.85,0.8,2.64,521536.25
gmna,MAKE,2018,Actual,P00044849,415.9,Patterns,D3D450250,NEW_CONS_FTD_BSO_IVER1_PREP_DRAW,BODY SI OTR,11.8,14.33,2,2,DIE-PREP,38533.135,28033.31,159524.94,2.84,0.81,3.65,720498.08
gmna,MAKE,2018,Actual,P00044856,389.9,Patterns,D3D450255,NEW_CONS_FTD_BSO_IVER1_PREP_LINE_DIE,BODY SI OTR,11.8,14.33,2,2,DIE-PREP,36124.235,47527.03,153271.04,1.81,0.78,2.59,510432.78
gmna,MAKE,2018,Actual,P00044865,348.5,Patterns,D3D450255,NEW_CONS_FTD_BSO_IVER1_PREP_LINE_DIE,BODY SI OTR,11.8,14.33,2,2,DIE-PREP,32288.525,128599.23,223390.79,1.79,1.13,2.92,576040.54
gmna,MAKE,2018,Actual,P00045665,347.2,Patterns,D3D450255,NEW_CONS_FTD_BSO_IVER1_PREP_LINE_DIE,BODY SI OTR,11.8,14.33,2,2,DIE-PREP,32168.08,55758.21,156856.05,1.85,0.8,2.64,521536.25
gmna,MAKE,2018,Actual,P00047532,470,Total,D2Y350060,NEW_DSGN_FTD_LINE_CAM_BSO_CATEGORY-1,BODY SI OTR,12.47,17.26,6,6,DSGN,31678,117367.51,217626.44,2.1,1.1,3.2,631372.31
gmna,MAKE,2018,Actual,P00044855,686,Initial Machining,D3D360055,NEW-CONS_FTD_BSO_IVER1_LINE_DAS_TL-Stg,BODY SI OTR,11.8,14.33,1,1,DAS,63557.9,47527.03,153271.04,1.81,0.78,2.59,510432.78
gmna,MAKE,2018,Actual,P00044848,606.6,Initial Machining,D3D300055,NEW-CONS_FTD_IVER1_DRAW-010_DAS_TL-Stg,BODY SI OTR,11.8,14.33,1,1,DAS,56201.49,28033.31,159524.94,2.84,0.81,3.65,720498.08
gmna,MAKE,2018,Actual,P00045664,366.6,Initial Machining,D3D360055,NEW-CONS_FTD_BSO_IVER1_LINE_DAS_TL-Stg,BODY SI OTR,11.8,14.33,1,1,DAS,33965.49,55758.21,156856.05,1.85,0.8,2.64,521536.25
gmna,MAKE,2018,Actual,P00044865,399.3,Foundry,D3D450255,NEW_CONS_FTD_BSO_IVER1_PREP_LINE_DIE,BODY SI OTR,11.8,14.33,3,3,DIE-PREP,36995.145,128599.23,223390.79,1.79,1.13,2.92,576040.54
gmna,MAKE,2018,Actual,P00044856,305.5,Foundry,D3D450255,NEW_CONS_FTD_BSO_IVER1_PREP_LINE_DIE,BODY SI OTR,11.8,14.33,3,3,DIE-PREP,28304.575,47527.03,153271.04,1.81,0.78,2.59,510432.78
gmna,MAKE,2018,Actual,P00045665,221,Foundry,D3D450255,NEW_CONS_FTD_BSO_IVER1_PREP_LINE_DIE,BODY SI OTR,11.8,14.33,3,3,DIE-PREP,20475.65,55758.21,156856.05,1.85,0.8,2.64,521536.25
gmna,MAKE,2018,Actual,P00044864,701.8,Final Machining,D3D360055,NEW-CONS_FTD_BSO_IVER1_LINE_DAS_TL-Stg,BODY SI OTR,11.8,14.33,1,1,DAS,65021.77,128599.23,223390.79,1.79,1.13,2.92,576040.54
gmna,MAKE,2018,Actual,P00044864,642.2,Initial Machining,D3D360055,NEW-CONS_FTD_BSO_IVER1_LINE_DAS_TL-Stg,BODY SI OTR,11.8,14.33,1,1,DAS,59499.83,128599.23,223390.79,1.79,1.13,2.92,576040.54
gmna,MAKE,2018,Actual,P00047530,449.7,Total,D2Y300020,NEW_DSGN_FTD_DRAW-010_BSO_CATEGORY-1,BODY SI OTR,12.47,17.26,5,5,DSGN,30309.78,30013.82,160960.93,2.93,0.82,3.75,739722.67
gmna,MAKE,2018,Actual,P00047572,409.6,Subassembly,D3D300055,NEW-CONS_FTD_IVER1_DRAW-010_DAS_TL-Stg,BODY SI OTR,12.47,17.26,1,1,DAS,37801.984,30013.82,160960.93,2.93,0.82,3.75,739722.67
gmna,MAKE,2018,Actual,P00047531,500.2,Design,D2Y350060,NEW_DSGN_FTD_LINE_CAM_BSO_CATEGORY-1,BODY SI OTR,12.47,17.26,6,6,DSGN,33713.48,97875.78,208208.92,2.22,1.06,3.28,646274.69
gmna,MAKE,2018,Actual,P00047532,470,Design,D2Y350060,NEW_DSGN_FTD_LINE_CAM_BSO_CATEGORY-1,BODY SI OTR,12.47,17.26,6,6,DSGN,31678,117367.51,217626.44,2.1,1.1,3.2,631372.31
gmna,MAKE,2018,Actual,P00047530,449.7,Design,D2Y300020,NEW_DSGN_FTD_DRAW-010_BSO_CATEGORY-1,BODY SI OTR,12.47,17.26,5,5,DSGN,30309.78,30013.82,160960.93,2.93,0.82,3.75,739722.67
gmna,MAKE,2018,Actual,P00047572,1585.6,Assembly,D3D300055,NEW-CONS_FTD_IVER1_DRAW-010_DAS_TL-Stg,BODY SI OTR,12.47,17.26,1,1,DAS,146335.024,30013.82,160960.93,2.93,0.82,3.75,739722.67
gmna,MAKE,2018,Actual,P00047586,748.8,Assembly,D3D360055,NEW-CONS_FTD_BSO_IVER1_LINE_DAS_TL-Stg,BODY SI OTR,12.47,17.26,1,1,DAS,69106.752,67403.3,159012.3,1.44,0.81,2.24,442250.73
gmna,MAKE,2018,Actual,P00047581,665.9,Assembly,D3D360055,NEW-CONS_FTD_BSO_IVER1_LINE_DAS_TL-Stg,BODY SI OTR,12.47,17.26,1,1,DAS,61455.911,117367.51,217626.44,2.1,1.1,3.2,631372.31
gmna,MAKE,2018,Actual,P00047533,540.8,Design,D2Y350060,NEW_DSGN_FTD_LINE_CAM_BSO_CATEGORY-1,BODY SI OTR,12.47,17.26,6,6,DSGN,36449.92,67403.3,159012.3,1.44,0.81,2.24,442250.73
gmna,MAKE,2018,Actual,P00047544,2484.8,Total,D3D300055,NEW-CONS_FTD_IVER1_DRAW-010_DAS_TL-Stg,BODY SI OTR,12.57,20.62,4,4,DAS,229322.192,30119.52,160937.47,2.95,0.82,3.77,742629.13
gmna,MAKE,2018,Actual,P00047559,1266.1,Total,D3D360055,NEW-CONS_FTD_BSO_IVER1_LINE_DAS_TL-Stg,BODY SI OTR,12.57,20.62,4,4,DAS,116848.369,71298.31,165161.78,1.5,0.84,2.33,460228.68
gmna,MAKE,2018,Actual,P00047545,651.8,Total,D3D450250,NEW_CONS_FTD_BSO_IVER1_PREP_DRAW,BODY SI OTR,12.57,20.62,5,5,DIE-PREP,59886.773,30119.52,160937.47,2.95,0.82,3.77,742629.13
gmna,MAKE,2018,Actual,P00047560,585.2,Total,D3D450255,NEW_CONS_FTD_BSO_IVER1_PREP_LINE_DIE,BODY SI OTR,12.57,20.62,6,6,DIE-PREP,53387.705,71298.31,165161.78,1.5,0.84,2.33,460228.68
gmna,MAKE,2018,Actual,P00047556,577.8,Total,D3D450255,NEW_CONS_FTD_BSO_IVER1_PREP_LINE_DIE,BODY SI OTR,12.57,20.62,6,6,DIE-PREP,53214.909,116982.99,217845.63,2.13,1.1,3.23,637198.84
gmna,MAKE,2018,Actual,P00047552,555,Total,D3D450255,NEW_CONS_FTD_BSO_IVER1_PREP_LINE_DIE,BODY SI OTR,12.57,20.62,6,6,DIE-PREP,50927.466,97940.52,208497.24,2.19,1.06,3.24,639441.56
gmna,MAKE,2018,Actual,P00047527,521.6,Total,D2Y350060,NEW_DSGN_FTD_LINE_CAM_BSO_CATEGORY-1,BODY SI OTR,12.57,20.62,6,6,DSGN,35155.84,71298.31,165161.78,1.5,0.84,2.33,460228.68
gmna,MAKE,2018,Actual,P00047522,478.4,Total,D2Y350060,NEW_DSGN_FTD_LINE_CAM_BSO_CATEGORY-1,BODY SI OTR,12.57,20.62,6,6,DSGN,32244.16,97940.52,208497.24,2.19,1.06,3.24,639441.56
gmna,MAKE,2018,Actual,P00047526,476,Total,D2Y350060,NEW_DSGN_FTD_LINE_CAM_BSO_CATEGORY-1,BODY SI OTR,12.57,20.62,6,6,DSGN,32082.4,116982.99,217845.63,2.13,1.1,3.23,637198.84
gmna,MAKE,2018,Actual,P00047555,1780.2,Total,D3D360055,NEW-CONS_FTD_BSO_IVER1_LINE_DAS_TL-Stg,BODY SI OTR,12.57,20.62,4,4,DAS,164294.658,116982.99,217845.63,2.13,1.1,3.23,637198.84
gmna,MAKE,2018,Actual,P00045664,193.2,Subassembly,D3D360055,NEW-CONS_FTD_BSO_IVER1_LINE_DAS_TL-Stg,BODY SI OTR,11.8,14.33,1,1,DAS,17899.98,55758.21,156856.05,1.85,0.8,2.64,521536.25
gmna,MAKE,2018,Actual,P00047581,333.7,Subassembly,D3D360055,NEW-CONS_FTD_BSO_IVER1_LINE_DAS_TL-Stg,BODY SI OTR,12.47,17.26,1,1,DAS,30797.173,117367.51,217626.44,2.1,1.1,3.2,631372.31
gmna,MAKE,2018,Actual,P00047586,325.9,Subassembly,D3D360055,NEW-CONS_FTD_BSO_IVER1_LINE_DAS_TL-Stg,BODY SI OTR,12.47,17.26,1,1,DAS,30077.311,67403.3,159012.3,1.44,0.81,2.24,442250.73
gmna,MAKE,2018,Actual,P00047582,96.5,Process Planning,D3D450255,NEW_CONS_FTD_BSO_IVER1_PREP_LINE_DIE,BODY SI OTR,12.47,17.26,1,1,DIE-PREP,8784.465,117367.51,217626.44,2.1,1.1,3.2,631372.31
gmna,MAKE,2018,Actual,P00047578,52.5,Process Planning,D3D450255,NEW_CONS_FTD_BSO_IVER1_PREP_LINE_DIE,BODY SI OTR,12.47,17.26,1,1,DIE-PREP,4736.725,97875.78,208208.92,2.22,1.06,3.28,646274.69
gmna,MAKE,2018,Actual,P00047573,48,Process Planning,D3D450250,NEW_CONS_FTD_BSO_IVER1_PREP_DRAW,BODY SI OTR,12.47,17.26,1,1,DIE-PREP,4447.2,30013.82,160960.93,2.93,0.82,3.75,739722.67
gmna,MAKE,2018,Actual,P00047587,47.9,Process Planning,D3D450255,NEW_CONS_FTD_BSO_IVER1_PREP_LINE_DIE,BODY SI OTR,12.47,17.26,1,1,DIE-PREP,4401.161,67403.3,159012.3,1.44,0.81,2.24,442250.73
gmna,MAKE,2018,Actual,P00047573,374.9,Patterns,D3D450250,NEW_CONS_FTD_BSO_IVER1_PREP_DRAW,BODY SI OTR,12.47,17.26,2,2,DIE-PREP,34734.485,30013.82,160960.93,2.93,0.82,3.75,739722.67
gmna,MAKE,2018,Actual,P00047578,338.3,Patterns,D3D450255,NEW_CONS_FTD_BSO_IVER1_PREP_LINE_DIE,BODY SI OTR,12.47,17.26,2,2,DIE-PREP,31002.451,97875.78,208208.92,2.22,1.06,3.28,646274.69
gmna,MAKE,2018,Actual,P00047586,272,Final Machining,D3D360055,NEW-CONS_FTD_BSO_IVER1_LINE_DAS_TL-Stg,BODY SI OTR,12.47,17.26,1,1,DAS,25102.88,67403.3,159012.3,1.44,0.81,2.24,442250.73
gmna,MAKE,2018,Actual,P00047582,321.9,Patterns,D3D450255,NEW_CONS_FTD_BSO_IVER1_PREP_LINE_DIE,BODY SI OTR,12.47,17.26,2,2,DIE-PREP,29212.476,117367.51,217626.44,2.1,1.1,3.2,631372.31
gmna,MAKE,2018,Actual,P00047581,453.2,Initial Machining,D3D360055,NEW-CONS_FTD_BSO_IVER1_LINE_DAS_TL-Stg,BODY SI OTR,12.47,17.26,1,1,DAS,41825.828,117367.51,217626.44,2.1,1.1,3.2,631372.31
gmna,MAKE,2018,Actual,P00047578,250.5,Foundry,D3D450255,NEW_CONS_FTD_BSO_IVER1_PREP_LINE_DIE,BODY SI OTR,12.47,17.26,3,3,DIE-PREP,23049.205,97875.78,208208.92,2.22,1.06,3.28,646274.69
gmna,MAKE,2018,Actual,P00047587,154.5,Foundry,D3D450255,NEW_CONS_FTD_BSO_IVER1_PREP_LINE_DIE,BODY SI OTR,12.47,17.26,3,3,DIE-PREP,14258.805,67403.3,159012.3,1.44,0.81,2.24,442250.73
gmna,MAKE,2018,Actual,P00047587,302.4,Patterns,D3D450255,NEW_CONS_FTD_BSO_IVER1_PREP_LINE_DIE,BODY SI OTR,12.47,17.26,2,2,DIE-PREP,27370.987,67403.3,159012.3,1.44,0.81,2.24,442250.73
gmna,MAKE,2018,Actual,P00044848,380.4,Subassembly,D3D300055,NEW-CONS_FTD_IVER1_DRAW-010_DAS_TL-Stg,BODY SI OTR,11.8,14.33,1,1,DAS,35244.06,28033.31,159524.94,2.84,0.81,3.65,720498.08
gmna,MAKE,2018,Actual,P00045663,580.9,Total,D3D450255,NEW_CONS_FTD_BSO_IVER1_PREP_LINE_DIE,BODY SI OTR,12.14,15.36,6,6,DIE-PREP,53820.385,55804.66,156519.97,1.86,0.79,2.65,523265.89
gmna,MAKE,2018,Actual,P00044839,537.3,Total,D3D350080,CONS_FTD_BSO_IVER1_Line_V2_TOOL,BODY SI OTR,12.14,15.36,1,1,V2,49104.809,108601.29,202230.67,1.76,1.03,2.78,548515.57
gmna,MAKE,2018,Actual,P00044825,494,Total,D2Y350060,NEW_DSGN_FTD_LINE_CAM_BSO_CATEGORY-1,BODY SI OTR,12.14,15.36,6,6,DSGN,33295.6,48107.42,153706.74,2.28,0.78,3.06,603078.48
gmna,MAKE,2018,Actual,P00044836,485.6,Total,D3D450255,NEW_CONS_FTD_BSO_IVER1_PREP_LINE_DIE,BODY SI OTR,12.14,15.36,6,6,DIE-PREP,44990.84,108601.29,202230.67,1.76,1.03,2.78,548515.57
gmna,MAKE,2018,Actual,P00044838,468.8,Total,D2Y350060,NEW_DSGN_FTD_LINE_CAM_BSO_CATEGORY-1,BODY SI OTR,12.14,15.36,6,6,DSGN,31597.12,108601.29,202230.67,1.76,1.03,2.78,548515.57
gmna,MAKE,2018,Actual,P00044833,465.5,Total,D2Y350060,NEW_DSGN_FTD_LINE_CAM_BSO_CATEGORY-1,BODY SI OTR,12.14,15.36,6,6,DSGN,31374.7,55804.66,156519.97,1.86,0.79,2.65,523265.89
gmna,MAKE,2018,Actual,P00044820,371.3,Total,D2Y300020,NEW_DSGN_FTD_DRAW-010_BSO_CATEGORY-1,BODY SI OTR,12.14,15.36,5,5,DSGN,25025.62,28033.31,159524.94,2.84,0.81,3.65,720498.08
gmna,MAKE,2018,Actual,P00044834,322.9,Total,D3D350080,CONS_FTD_BSO_IVER1_Line_V2_TOOL,BODY SI OTR,12.14,15.36,1,1,V2,29280.292,55804.66,156519.97,1.86,0.79,2.65,523265.89
gmna,MAKE,2018,Actual,P00044818,612.2,Total,D3D450250,NEW_CONS_FTD_BSO_IVER1_PREP_DRAW,BODY SI OTR,12.14,15.36,5,5,DIE-PREP,56720.33,28033.31,159524.94,2.84,0.81,3.65,720498.08
gmna,MAKE,2018,Actual,P00044817,497.4,Subassembly,D3D300055,NEW-CONS_FTD_IVER1_DRAW-010_DAS_TL-Stg,BODY SI OTR,12.14,15.36,1,1,DAS,46084.11,28033.31,159524.94,2.84,0.81,3.65,720498.08
gmna,MAKE,2018,Actual,P00045662,369.5,Subassembly,D3D360055,NEW-CONS_FTD_BSO_IVER1_LINE_DAS_TL-Stg,BODY SI OTR,12.14,15.36,1,1,DAS,34234.175,55804.66,156519.97,1.86,0.79,2.65,523265.89
gmna,MAKE,2018,Actual,P00044818,106.5,Process Planning,D3D450250,NEW_CONS_FTD_BSO_IVER1_PREP_DRAW,BODY SI OTR,12.14,15.36,1,1,DIE-PREP,9867.225,28033.31,159524.94,2.84,0.81,3.65,720498.08
gmna,MAKE,2018,Actual,P00044823,45,Process Planning,D3D450255,NEW_CONS_FTD_BSO_IVER1_PREP_LINE_DIE,BODY SI OTR,12.14,15.36,1,1,DIE-PREP,4169.25,48107.42,153706.74,2.28,0.78,3.06,603078.48
gmna,MAKE,2018,Actual,P00045663,24,Process Planning,D3D450255,NEW_CONS_FTD_BSO_IVER1_PREP_LINE_DIE,BODY SI OTR,12.14,15.36,1,1,DIE-PREP,2223.6,55804.66,156519.97,1.86,0.79,2.65,523265.89
gmna,MAKE,2018,Actual,P00044836,24,Process Planning,D3D450255,NEW_CONS_FTD_BSO_IVER1_PREP_LINE_DIE,BODY SI OTR,12.14,15.36,1,1,DIE-PREP,2223.6,108601.29,202230.67,1.76,1.03,2.78,548515.57
gmna,MAKE,2018,Actual,P00044823,409.2,Patterns,D3D450255,NEW_CONS_FTD_BSO_IVER1_PREP_LINE_DIE,BODY SI OTR,12.14,15.36,2,2,DIE-PREP,37912.38,48107.42,153706.74,2.28,0.78,3.06,603078.48
gmna,MAKE,2018,Actual,P00044818,371.7,Patterns,D3D450250,NEW_CONS_FTD_BSO_IVER1_PREP_DRAW,BODY SI OTR,12.14,15.36,2,2,DIE-PREP,34438.005,28033.31,159524.94,2.84,0.81,3.65,720498.08
gmna,MAKE,2018,Actual,P00044836,267.5,Patterns,D3D450255,NEW_CONS_FTD_BSO_IVER1_PREP_LINE_DIE,BODY SI OTR,12.14,15.36,2,2,DIE-PREP,24783.875,108601.29,202230.67,1.76,1.03,2.78,548515.57
gmna,MAKE,2018,Actual,P00044823,664.1,Total,D3D450255,NEW_CONS_FTD_BSO_IVER1_PREP_LINE_DIE,BODY SI OTR,12.14,15.36,6,6,DIE-PREP,61528.865,48107.42,153706.74,2.28,0.78,3.06,603078.48
gmna,MAKE,2018,Actual,P00044826,1115.4,Total,D3D350080,CONS_FTD_BSO_IVER1_Line_V2_TOOL,BODY SI OTR,12.14,15.36,1,1,V2,101793.703,48107.42,153706.74,2.28,0.78,3.06,603078.48
gmna,Make,2018,Actual,P00044064,359.2,Design,D2Y300500,NEW_DSGN_FTD_DRAW-010_FSD'S_LESS_5.0,REAR FLOOR,3.51,4.56,5,5,DSGN,24210.08,14746.51,69183.67,0.88,0.35,1.23,242765.35
gmna,Make,2018,Actual,P00044065,310.7,Design,D2Y350480,NEW_DSGN_FTD_LINE_FSD'S_UNDER_5.0,REAR FLOOR,3.51,4.56,6,6,DSGN,20941.18,16127.77,53756.4,0.91,0.27,1.19,233688.4
gmna,Make,2018,Actual,P00044066,300.5,Design,D2Y350480,NEW_DSGN_FTD_LINE_FSD'S_UNDER_5.0,REAR FLOOR,3.51,4.56,6,6,DSGN,20253.7,18739.82,55820.57,0.81,0.28,1.09,214688.16
gmna,Make,2018,Actual,P00044311,201.9,Assembly,D3K360055,NEW-CONS_FTD_UB_UNDER_5.0_FSD'S_LINE_020_DAS_TL-Stg,REAR FLOOR,3.51,4.56,1,1,DAS,18706.035,18739.82,55820.57,0.81,0.28,1.09,214688.16
gmna,Make,2018,Actual,P00044305,178,Assembly,D3K300055,NEW-CONS_FTD_UB_UNDER_5.0_FSD'S_DRAW_010_DAS_TL-Stg,REAR FLOOR,3.51,4.56,1,1,DAS,16491.7,14746.51,69183.67,0.88,0.35,1.23,242765.35
gmna,MAKE,2018,Actual,P00045662,1092.1,Total,D3D360055,NEW-CONS_FTD_BSO_IVER1_LINE_DAS_TL-Stg,BODY SI OTR,12.14,15.36,4,4,DAS,101183.065,55804.66,156519.97,1.86,0.79,2.65,523265.89
gmna,MAKE,2018,Actual,P00044845,46,Iteration,D3D200111,CONS_FTD_V3-V6_ITERATIONS_BSO_FDR_FSD'S_TOOLSET,BODY SI OTR,12.14,15.36,1,1,DD,4245.34,,,,,,
gmna,MAKE,2018,Actual,P00044826,1115.4,V2,D3D350080,CONS_FTD_BSO_IVER1_Line_V2_TOOL,BODY SI OTR,12.14,15.36,1,1,V2,101793.703,48107.42,153706.74,2.28,0.78,3.06,603078.48
gmna,MAKE,2018,Actual,P00044839,537.3,V2,D3D350080,CONS_FTD_BSO_IVER1_Line_V2_TOOL,BODY SI OTR,12.14,15.36,1,1,V2,49104.809,108601.29,202230.67,1.76,1.03,2.78,548515.57
gmna,MAKE,2018,Actual,P00044834,322.9,V2,D3D350080,CONS_FTD_BSO_IVER1_Line_V2_TOOL,BODY SI OTR,12.14,15.36,1,1,V2,29280.292,55804.66,156519.97,1.86,0.79,2.65,523265.89
gmna,MAKE,2018,Actual,P00044821,1373.2,V1,D3D300080,CONS_FTD_BS0_IVER1_DRAW-010_V1_TOOL,BODY SI OTR,12.14,15.36,1,1,V1,127127.503,28033.31,159524.94,2.84,0.81,3.65,720498.08
gmna,MAKE,2018,Actual,P00044821,1373.2,Total,D3D300080,CONS_FTD_BS0_IVER1_DRAW-010_V1_TOOL,BODY SI OTR,12.14,15.36,1,1,V1,127127.503,28033.31,159524.94,2.84,0.81,3.65,720498.08
gmna,MAKE,2018,Actual,P00044845,497.3,Iteration,D3D200111,CONS_FTD_V3-V6_ITERATIONS_BSO_FDR_FSD'S_TOOLSET,BODY SI OTR,12.14,15.36,2,2,DD,45413.327,,,,,,
gmna,MAKE,2018,Actual,P00044822,713.3,Initial Machining,D3D360055,NEW-CONS_FTD_BSO_IVER1_LINE_DAS_TL-Stg,BODY SI OTR,12.14,15.36,1,1,DAS,66087.245,48107.42,153706.74,2.28,0.78,3.06,603078.48
gmna,MAKE,2018,Actual,P00044869,460.8,V2,D3D350080,CONS_FTD_BSO_IVER1_Line_V2_TOOL,BODY SI OTR,11.8,14.33,1,1,V2,41677.026,128599.23,223390.79,1.79,1.13,2.92,576040.54
gmna,MAKE,2018,Actual,P00044852,1109.6,V1,D3D300080,CONS_FTD_BS0_IVER1_DRAW-010_V1_TOOL,BODY SI OTR,11.8,14.33,1,1,V1,102753.84,28033.31,159524.94,2.84,0.81,3.65,720498.08
gmna,MAKE,2018,Actual,P00044848,2517.2,Total,D3D300055,NEW-CONS_FTD_IVER1_DRAW-010_DAS_TL-Stg,BODY SI OTR,11.8,14.33,4,4,DAS,233218.58,28033.31,159524.94,2.84,0.81,3.65,720498.08
gmna,MAKE,2018,Actual,P00045664,1474.7,Total,D3D360055,NEW-CONS_FTD_BSO_IVER1_LINE_DAS_TL-Stg,BODY SI OTR,11.8,14.33,4,4,DAS,136630.955,55758.21,156856.05,1.85,0.8,2.64,521536.25
gmna,MAKE,2018,Actual,P00044852,1109.6,Total,D3D300080,CONS_FTD_BS0_IVER1_DRAW-010_V1_TOOL,BODY SI OTR,11.8,14.33,1,1,V1,102753.84,28033.31,159524.94,2.84,0.81,3.65,720498.08
gmna,MAKE,2018,Actual,P00044863,833.1,Total,D3D350080,CONS_FTD_BSO_IVER1_Line_V2_TOOL,BODY SI OTR,11.8,14.33,1,1,V2,75744.085,55758.21,156856.05,1.85,0.8,2.64,521536.25
gmna,MAKE,2018,Actual,P00044859,770.6,V2,D3D350080,CONS_FTD_BSO_IVER1_Line_V2_TOOL,BODY SI OTR,11.8,14.33,1,1,V2,70424.317,47527.03,153271.04,1.81,0.78,2.59,510432.78
gmna,MAKE,2018,Actual,P00044865,826.8,Total,D3D450255,NEW_CONS_FTD_BSO_IVER1_PREP_LINE_DIE,BODY SI OTR,11.8,14.33,6,6,DIE-PREP,76603.02,128599.23,223390.79,1.79,1.13,2.92,576040.54
gmna,MAKE,2018,Actual,P00044859,770.6,Total,D3D350080,CONS_FTD_BSO_IVER1_Line_V2_TOOL,BODY SI OTR,11.8,14.33,1,1,V2,70424.317,47527.03,153271.04,1.81,0.78,2.59,510432.78
gmna,MAKE,2018,Actual,P00044849,718.3,Total,D3D450250,NEW_CONS_FTD_BSO_IVER1_PREP_DRAW,BODY SI OTR,11.8,14.33,5,5,DIE-PREP,66550.495,28033.31,159524.94,2.84,0.81,3.65,720498.08
gmna,MAKE,2018,Actual,P00045665,617.2,Total,D3D450255,NEW_CONS_FTD_BSO_IVER1_PREP_LINE_DIE,BODY SI OTR,11.8,14.33,6,6,DIE-PREP,57183.58,55758.21,156856.05,1.85,0.8,2.64,521536.25
gmna,MAKE,2018,Actual,P00044867,477,Total,D2Y350060,NEW_DSGN_FTD_LINE_CAM_BSO_CATEGORY-1,BODY SI OTR,11.8,14.33,6,6,DSGN,32149.8,128599.23,223390.79,1.79,1.13,2.92,576040.54
gmna,MAKE,2018,Actual,P00044862,461.5,Total,D2Y350060,NEW_DSGN_FTD_LINE_CAM_BSO_CATEGORY-1,BODY SI OTR,11.8,14.33,6,6,DSGN,31105.1,55758.21,156856.05,1.85,0.8,2.64,521536.25
gmna,MAKE,2018,Actual,P00044869,460.8,Total,D3D350080,CONS_FTD_BSO_IVER1_Line_V2_TOOL,BODY SI OTR,11.8,14.33,1,1,V2,41677.026,128599.23,223390.79,1.79,1.13,2.92,576040.54
gmna,MAKE,2018,Actual,P00044858,449.4,Total,D2Y350060,NEW_DSGN_FTD_LINE_CAM_BSO_CATEGORY-1,BODY SI OTR,11.8,14.33,6,6,DSGN,30289.56,47527.03,153271.04,1.81,0.78,2.59,510432.78
gmna,MAKE,2018,Actual,P00044851,364.2,Total,D2Y300020,NEW_DSGN_FTD_DRAW-010_BSO_CATEGORY-1,BODY SI OTR,11.8,14.33,5,5,DSGN,24547.08,28033.31,159524.94,2.84,0.81,3.65,720498.08
gmna,MAKE,2018,Actual,P00044856,799.9,Total,D3D450255,NEW_CONS_FTD_BSO_IVER1_PREP_LINE_DIE,BODY SI OTR,11.8,14.33,6,6,DIE-PREP,74110.735,47527.03,153271.04,1.81,0.78,2.59,510432.78
gmna,MAKE,2018,Actual,P00044817,1018.2,Initial Machining,D3D300055,NEW-CONS_FTD_IVER1_DRAW-010_DAS_TL-Stg,BODY SI OTR,12.14,15.36,1,1,DAS,94336.23,28033.31,159524.94,2.84,0.81,3.65,720498.08
gmna,MAKE,2018,Actual,P00044863,833.1,V2,D3D350080,CONS_FTD_BSO_IVER1_Line_V2_TOOL,BODY SI OTR,11.8,14.33,1,1,V2,75744.085,55758.21,156856.05,1.85,0.8,2.64,521536.25
gmna,MAKE,2018,Actual,P00045662,472.7,Assembly,D3D360055,NEW-CONS_FTD_BSO_IVER1_LINE_DAS_TL-Stg,BODY SI OTR,12.14,15.36,1,1,DAS,43795.655,55804.66,156519.97,1.86,0.79,2.65,523265.89
gmna,MAKE,2018,Actual,P00044835,675.7,Initial Machining,D3D360055,NEW-CONS_FTD_BSO_IVER1_LINE_DAS_TL-Stg,BODY SI OTR,12.14,15.36,1,1,DAS,62603.605,108601.29,202230.67,1.76,1.03,2.78,548515.57
gmna,MAKE,2018,Actual,P00045663,357,Foundry,D3D450255,NEW_CONS_FTD_BSO_IVER1_PREP_LINE_DIE,BODY SI OTR,12.14,15.36,3,3,DIE-PREP,33076.05,55804.66,156519.97,1.86,0.79,2.65,523265.89
gmna,MAKE,2018,Actual,P00044823,209.9,Foundry,D3D450255,NEW_CONS_FTD_BSO_IVER1_PREP_LINE_DIE,BODY SI OTR,12.14,15.36,3,3,DIE-PREP,19447.235,48107.42,153706.74,2.28,0.78,3.06,603078.48
gmna,MAKE,2018,Actual,P00044836,194.1,Foundry,D3D450255,NEW_CONS_FTD_BSO_IVER1_PREP_LINE_DIE,BODY SI OTR,12.14,15.36,3,3,DIE-PREP,17983.365,108601.29,202230.67,1.76,1.03,2.78,548515.57
gmna,MAKE,2018,Actual,P00044822,605.7,Final Machining,D3D360055,NEW-CONS_FTD_BSO_IVER1_LINE_DAS_TL-Stg,BODY SI OTR,12.14,15.36,1,1,DAS,56118.105,48107.42,153706.74,2.28,0.78,3.06,603078.48
gmna,MAKE,2018,Actual,P00044874,437.9,Iteration,D3D200111,CONS_FTD_V3-V6_ITERATIONS_BSO_FDR_FSD'S_TOOLSET,BODY SI OTR,11.8,14.33,2,2,DD,39869.456,,,,,,
gmna,MAKE,2018,Actual,P00044835,483.2,Final Machining,D3D360055,NEW-CONS_FTD_BSO_IVER1_LINE_DAS_TL-Stg,BODY SI OTR,12.14,15.36,1,1,DAS,44768.48,108601.29,202230.67,1.76,1.03,2.78,548515.57
gmna,MAKE,2018,Actual,P00044825,494,Design,D2Y350060,NEW_DSGN_FTD_LINE_CAM_BSO_CATEGORY-1,BODY SI OTR,12.14,15.36,6,6,DSGN,33295.6,48107.42,153706.74,2.28,0.78,3.06,603078.48
gmna,MAKE,2018,Actual,P00044838,468.8,Design,D2Y350060,NEW_DSGN_FTD_LINE_CAM_BSO_CATEGORY-1,BODY SI OTR,12.14,15.36,6,6,DSGN,31597.12,108601.29,202230.67,1.76,1.03,2.78,548515.57
gmna,MAKE,2018,Actual,P00044833,465.5,Design,D2Y350060,NEW_DSGN_FTD_LINE_CAM_BSO_CATEGORY-1,BODY SI OTR,12.14,15.36,6,6,DSGN,31374.7,55804.66,156519.97,1.86,0.79,2.65,523265.89
gmna,MAKE,2018,Actual,P00044820,371.3,Design,D2Y300020,NEW_DSGN_FTD_DRAW-010_BSO_CATEGORY-1,BODY SI OTR,12.14,15.36,5,5,DSGN,25025.62,28033.31,159524.94,2.84,0.81,3.65,720498.08
gmna,MAKE,2018,Actual,P00044817,1318.8,Assembly,D3D300055,NEW-CONS_FTD_IVER1_DRAW-010_DAS_TL-Stg,BODY SI OTR,12.14,15.36,1,1,DAS,122186.82,28033.31,159524.94,2.84,0.81,3.65,720498.08
gmna,MAKE,2018,Actual,P00044835,1131.5,Assembly,D3D360055,NEW-CONS_FTD_BSO_IVER1_LINE_DAS_TL-Stg,BODY SI OTR,12.14,15.36,1,1,DAS,104833.475,108601.29,202230.67,1.76,1.03,2.78,548515.57
gmna,MAKE,2018,Actual,P00044822,652.4,Assembly,D3D360055,NEW-CONS_FTD_BSO_IVER1_LINE_DAS_TL-Stg,BODY SI OTR,12.14,15.36,1,1,DAS,60444.86,48107.42,153706.74,2.28,0.78,3.06,603078.48
gmna,MAKE,2018,Actual,P00044817,352.9,Final Machining,D3D300055,NEW-CONS_FTD_IVER1_DRAW-010_DAS_TL-Stg,BODY SI OTR,12.14,15.36,1,1,DAS,32696.185,28033.31,159524.94,2.84,0.81,3.65,720498.08
gmna,Make,2018,Actual,P00044061,297,Design,D2Y300800,NEW_DSGN_FTD_DRAW-010_FSD'S_BETWEEN_5.0_7.0,FRONT FLOOR,5.91,8.96,5,5,DSGN,20017.8,13605.14,107317.6,1.95,0.54,2.49,491811.83
gmna,Make,2018,Actual,P00044305,157,Subassembly,D3K300055,NEW-CONS_FTD_UB_UNDER_5.0_FSD'S_DRAW_010_DAS_TL-Stg,REAR FLOOR,3.51,4.56,1,1,DAS,14546.05,14746.51,69183.67,0.88,0.35,1.23,242765.35
gmna,Make,2018,Actual,P00044062,342.1,Design,D2Y350520,NEW_DSGN_FTD_LINE_FSD'S_BETWEEN_5.0_7.0,FRONT FLOOR,5.91,8.96,6,6,DSGN,23057.54,24486.68,99332.39,1.35,0.5,1.85,365731.44
gmna,MAKE,2018,Actual,P00044758,263.4,Total,D3E300080,CONS_FTD_FENDER_IVER2_DRAW-010_V1_TOOL,FENDER OTR,5.91,6.28,1,1,V1,24357.806,16256.3,48546.71,1.04,0.25,1.29,253412.35
gmna,MAKE,2018,Actual,P00044782,285.1,Total,D3E350080,CONS_FTD_FENDER_IVER2_Line_V2_TOOL,FENDER OTR,5.91,6.28,1,1,V2,25921.022,75532.46,105698.7,1.2,0.54,1.73,341810.21
gmna,MAKE,2018,Actual,P00044756,350.1,Total,D2Y300060,NEW_DSGN_FTD_DRAW-010_FENDER_CATEGORY-2,FENDER OTR,5.91,6.28,5,5,DSGN,23596.74,16256.3,48546.71,1.04,0.25,1.29,253412.35
gmna,MAKE,2018,Actual,P00044763,355.7,Total,D3E350080,CONS_FTD_FENDER_IVER2_Line_V2_TOOL,FENDER OTR,5.91,6.28,1,1,V2,32316.952,38270.7,72722.95,1.17,0.37,1.53,302643.35
gmna,MAKE,2018,Actual,P00044777,402,Total,D3E350080,CONS_FTD_FENDER_IVER2_Line_V2_TOOL,FENDER OTR,5.91,6.28,1,1,V2,37191.47,39842.59,68531.63,1.01,0.35,1.36,268308.7
gmna,MAKE,2018,Actual,P00044762,409.1,Total,D2Y350140,NEW_DSGN_FTD_LINE_CAM_FENDER_CATEGORY-2,FENDER OTR,5.91,6.28,6,6,DSGN,27573.34,38270.7,72722.95,1.17,0.37,1.53,302643.35
gmna,MAKE,2018,Actual,P00044779,481.1,Total,D3E450265,NEW_CONS_FTD_FENDER_IVER2_PREP_LINE_DIE,FENDER OTR,5.91,6.28,6,6,DIE-PREP,44573.915,75532.46,105698.7,1.2,0.54,1.73,341810.21
gmna,MAKE,2018,Actual,P00044781,483.4,Total,D2Y350140,NEW_DSGN_FTD_LINE_CAM_FENDER_CATEGORY-2,FENDER OTR,5.91,6.28,6,6,DSGN,32581.16,75532.46,105698.7,1.2,0.54,1.73,341810.21
gmna,MAKE,2018,Actual,P00045658,513.1,Total,D3E450265,NEW_CONS_FTD_FENDER_IVER2_PREP_LINE_DIE,FENDER OTR,5.91,6.28,6,6,DIE-PREP,47538.715,39842.59,68531.63,1.01,0.35,1.36,268308.7
gmna,MAKE,2018,Actual,P00044760,553.9,Total,D3E450265,NEW_CONS_FTD_FENDER_IVER2_PREP_LINE_DIE,FENDER OTR,5.91,6.28,6,6,DIE-PREP,51318.835,38270.7,72722.95,1.17,0.37,1.53,302643.35
gmna,MAKE,2018,Actual,P00044754,806.5,Total,D3E450260,NEW_CONS_FTD_FENDER_IVER2_PREP_DRAW,FENDER OTR,5.91,6.28,5,5,DIE-PREP,74722.225,16256.3,48546.71,1.04,0.25,1.29,253412.35
gmna,MAKE,2018,Actual,P00044776,430.5,Total,D2Y350140,NEW_DSGN_FTD_LINE_CAM_FENDER_CATEGORY-2,FENDER OTR,5.91,6.28,6,6,DSGN,29015.7,39842.59,68531.63,1.01,0.35,1.36,268308.7
gmna,Make,2018,Actual,P00044063,339.7,Design,D2Y350520,NEW_DSGN_FTD_LINE_FSD'S_BETWEEN_5.0_7.0,FRONT FLOOR,5.91,8.96,6,6,DSGN,22895.78,37290.85,111720.07,1.01,0.57,1.57,310154.41
gmna,MAKE,2018,Actual,P00044779,49,Process Planning,D3E450265,NEW_CONS_FTD_FENDER_IVER2_PREP_LINE_DIE,FENDER OTR,5.91,6.28,1,1,DIE-PREP,4539.85,75532.46,105698.7,1.2,0.54,1.73,341810.21
gmna,MAKE,2018,Actual,P00044778,274.9,Final Machining,D3E360055,NEW-CONS_FTD_FENDER_IVER2_Line_DAS_TL-Stg,FENDER OTR,5.91,6.28,1,1,DAS,25469.485,75532.46,105698.7,1.2,0.54,1.73,341810.21
gmna,MAKE,2018,Actual,P00044753,309.2,Final Machining,D3E300055,NEW-CONS_FTD_FENDER_IVER2_Draw_010_DAS_TL-Stg,FENDER OTR,5.91,6.28,1,1,DAS,28647.38,16256.3,48546.71,1.04,0.25,1.29,253412.35
gmna,MAKE,2018,Actual,P00044760,251.9,Foundry,D3E450265,NEW_CONS_FTD_FENDER_IVER2_PREP_LINE_DIE,FENDER OTR,5.91,6.28,3,3,DIE-PREP,23338.535,38270.7,72722.95,1.17,0.37,1.53,302643.35
gmna,MAKE,2018,Actual,P00044779,260.9,Foundry,D3E450265,NEW_CONS_FTD_FENDER_IVER2_PREP_LINE_DIE,FENDER OTR,5.91,6.28,3,3,DIE-PREP,24172.385,75532.46,105698.7,1.2,0.54,1.73,341810.21
gmna,MAKE,2018,Actual,P00045657,378.2,Initial Machining,D3E360055,NEW-CONS_FTD_FENDER_IVER2_Line_DAS_TL-Stg,FENDER OTR,5.91,6.28,1,1,DAS,35040.23,39842.59,68531.63,1.01,0.35,1.36,268308.7
gmna,MAKE,2018,Actual,P00044759,445.5,Initial Machining,D3E360055,NEW-CONS_FTD_FENDER_IVER2_Line_DAS_TL-Stg,FENDER OTR,5.91,6.28,1,1,DAS,41275.575,38270.7,72722.95,1.17,0.37,1.53,302643.35
gmna,MAKE,2018,Actual,P00045658,164.4,Patterns,D3E450265,NEW_CONS_FTD_FENDER_IVER2_PREP_LINE_DIE,FENDER OTR,5.91,6.28,2,2,DIE-PREP,15231.66,39842.59,68531.63,1.01,0.35,1.36,268308.7
gmna,MAKE,2018,Actual,P00044779,171.2,Patterns,D3E450265,NEW_CONS_FTD_FENDER_IVER2_PREP_LINE_DIE,FENDER OTR,5.91,6.28,2,2,DIE-PREP,15861.68,75532.46,105698.7,1.2,0.54,1.73,341810.21
gmna,MAKE,2018,Actual,P00044760,278,Patterns,D3E450265,NEW_CONS_FTD_FENDER_IVER2_PREP_LINE_DIE,FENDER OTR,5.91,6.28,2,2,DIE-PREP,25756.7,38270.7,72722.95,1.17,0.37,1.53,302643.35
gmna,MAKE,2018,Actual,P00044760,24,Process Planning,D3E450265,NEW_CONS_FTD_FENDER_IVER2_PREP_LINE_DIE,FENDER OTR,5.91,6.28,1,1,DIE-PREP,2223.6,38270.7,72722.95,1.17,0.37,1.53,302643.35
gmna,MAKE,2018,Actual,P00045658,35,Process Planning,D3E450265,NEW_CONS_FTD_FENDER_IVER2_PREP_LINE_DIE,FENDER OTR,5.91,6.28,1,1,DIE-PREP,3242.75,39842.59,68531.63,1.01,0.35,1.36,268308.7
gmna,MAKE,2018,Actual,P00044778,472.8,Initial Machining,D3E360055,NEW-CONS_FTD_FENDER_IVER2_Line_DAS_TL-Stg,FENDER OTR,5.91,6.28,1,1,DAS,43804.92,75532.46,105698.7,1.2,0.54,1.73,341810.21
gmna,MAKE,2018,Actual,P00044782,285.1,V2,D3E350080,CONS_FTD_FENDER_IVER2_Line_V2_TOOL,FENDER OTR,5.91,6.28,1,1,V2,25921.022,75532.46,105698.7,1.2,0.54,1.73,341810.21
gmna,MAKE,2018,Actual,P00046765,1121.1,Total,D3E360055,NEW-CONS_FTD_FENDER_IVER2_Line_DAS_TL-Stg,FENDER OTR,12.57,15.47,4,4,DAS,102689.316,71840.94,155825.22,1.89,0.79,2.68,527908.43
gmna,MAKE,2018,Actual,P00046755,1095.5,Total,D3E450265,NEW_CONS_FTD_FENDER_IVER2_PREP_LINE_DIE,FENDER OTR,12.57,15.47,6,6,DIE-PREP,101059.076,109640.97,194644.52,1.82,0.99,2.8,552752.04
gmna,MAKE,2018,Actual,P00046761,1018.6,Total,D3E360055,NEW-CONS_FTD_FENDER_IVER2_Line_DAS_TL-Stg,FENDER OTR,12.57,15.47,4,4,DAS,93012.042,66574.84,137808.95,1.37,0.7,2.07,408867.85
gmna,MAKE,2018,Actual,P00046766,916.6,Total,D3E450265,NEW_CONS_FTD_FENDER_IVER2_PREP_LINE_DIE,FENDER OTR,12.57,15.47,6,6,DIE-PREP,84664.93,71840.94,155825.22,1.89,0.79,2.68,527908.43
gmna,MAKE,2018,Actual,P00046760,791.9,Total,D3E350080,CONS_FTD_FENDER_IVER2_Line_V2_TOOL,FENDER OTR,12.57,15.47,1,1,V2,73084.451,109640.97,194644.52,1.82,0.99,2.8,552752.04
gmna,MAKE,2018,Actual,P00046764,762.6,Total,D3E350080,CONS_FTD_FENDER_IVER2_Line_V2_TOOL,FENDER OTR,12.57,15.47,1,1,V2,70380.354,66574.84,137808.95,1.37,0.7,2.07,408867.85
gmna,MAKE,2018,Actual,P00046714,678.7,Total,D3E450265,NEW_CONS_FTD_FENDER_IVER2_PREP_LINE_DIE,FENDER OTR,12.57,15.47,6,6,DIE-PREP,62005.319,84046.53,176422.69,1.91,0.89,2.81,553244.16
gmna,MAKE,2018,Actual,P00046762,628.6,Total,D3E450265,NEW_CONS_FTD_FENDER_IVER2_PREP_LINE_DIE,FENDER OTR,12.57,15.47,6,6,DIE-PREP,57963.24,66574.84,137808.95,1.37,0.7,2.07,408867.85
gmna,MAKE,2018,Actual,P00046516,497.7,Total,D2Y350140,NEW_DSGN_FTD_LINE_CAM_FENDER_CATEGORY-2,FENDER OTR,12.57,15.47,6,6,DSGN,33544.98,84046.53,176422.69,1.91,0.89,2.81,553244.16
gmna,MAKE,2018,Actual,P00046768,470.5,Total,D3E350080,CONS_FTD_FENDER_IVER2_Line_V2_TOOL,FENDER OTR,12.57,15.47,1,1,V2,43422.445,71840.94,155825.22,1.89,0.79,2.68,527908.43
gmna,MAKE,2018,Actual,P00046517,460.7,Total,D2Y350140,NEW_DSGN_FTD_LINE_CAM_FENDER_CATEGORY-2,FENDER OTR,12.57,15.47,6,6,DSGN,31051.18,109640.97,194644.52,1.82,0.99,2.8,552752.04
gmna,MAKE,2018,Actual,P00046518,460.2,Total,D2Y350140,NEW_DSGN_FTD_LINE_CAM_FENDER_CATEGORY-2,FENDER OTR,12.57,15.47,6,6,DSGN,31017.48,66574.84,137808.95,1.37,0.7,2.07,408867.85
gmna,MAKE,2018,Actual,P00046519,449.5,Total,D2Y350140,NEW_DSGN_FTD_LINE_CAM_FENDER_CATEGORY-2,FENDER OTR,12.57,15.47,6,6,DSGN,30296.3,71840.94,155825.22,1.89,0.79,2.68,527908.43
gmna,MAKE,2018,Actual,P00046710,401,Total,D3E450260,NEW_CONS_FTD_FENDER_IVER2_PREP_DRAW,FENDER OTR,12.57,15.47,5,5,DIE-PREP,37146.89,14695.08,100207.48,1.71,0.51,2.21,436475.17
gmna,MAKE,2018,Actual,P00046515,378.2,Total,D2Y300060,NEW_DSGN_FTD_DRAW-010_FENDER_CATEGORY-2,FENDER OTR,12.57,15.47,5,5,DSGN,25490.68,14695.08,100207.48,1.71,0.51,2.21,436475.17
gmna,MAKE,2018,Actual,P00046717,541.1,Total,D3E350080,CONS_FTD_FENDER_IVER2_Line_V2_TOOL,FENDER OTR,12.57,15.47,1,1,V2,49938.119,84046.53,176422.69,1.91,0.89,2.81,553244.16
gmna,MAKE,2018,Actual,P00044763,355.7,V2,D3E350080,CONS_FTD_FENDER_IVER2_Line_V2_TOOL,FENDER OTR,5.91,6.28,1,1,V2,32316.952,38270.7,72722.95,1.17,0.37,1.53,302643.35
gmna,MAKE,2018,Actual,P00044777,402,V2,D3E350080,CONS_FTD_FENDER_IVER2_Line_V2_TOOL,FENDER OTR,5.91,6.28,1,1,V2,37191.47,39842.59,68531.63,1.01,0.35,1.36,268308.7
gmna,MAKE,2018,Actual,P00044786,377.4,Iteration,D3D200111,CONS_FTD_V3-V6_ITERATIONS_BSO_FDR_FSD'S_TOOLSET,FENDER OTR,5.91,6.28,2,2,DD,34835.195,,,,,,
gmna,MAKE,2018,Actual,P00044786,2802,Iteration,D3D200111,CONS_FTD_V3-V6_ITERATIONS_BSO_FDR_FSD'S_TOOLSET,FENDER OTR,5.91,6.28,2,2,DD,258596.58,,,,,,
gmna,MAKE,2018,Actual,P00044786,6157.1,Iteration,D3D200111,CONS_FTD_V3-V6_ITERATIONS_BSO_FDR_FSD'S_TOOLSET,FENDER OTR,5.91,6.28,2,2,DD,568238.759,,,,,,
gmna,MAKE,2018,Actual,P00044786,6910.6,V6,D3D200111,CONS_FTD_V3-V6_ITERATIONS_BSO_FDR_FSD'S_TOOLSET,FENDER OTR,5.91,6.28,1,1,DD,637797.122,,,,,,
gmna,MAKE,2018,Actual,P00049950,4181.2,V6,D3D200580,FTD_FENDER_DD_14-17_FSD,FENDER OTR,12.57,15.47,1,1,DD,389423.254,,,,,,
gmna,MAKE,2018,Actual,P00049950,945.65,Iteration,D3D200580,FTD_FENDER_DD_14-17_FSD,FENDER OTR,12.57,15.47,2,2,DD,87274.0385,,,,,,
gmna,MAKE,2018,Actual,P00049950,13861.85,Iteration,D3D200580,FTD_FENDER_DD_14-17_FSD,FENDER OTR,12.57,15.47,2,2,DD,1279463.882,,,,,,
gmna,MAKE,2018,Actual,P00049950,326.8,Iteration,D3D200580,FTD_FENDER_DD_14-17_FSD,FENDER OTR,12.57,15.47,2,2,DD,30160.372,,,,,,
gmna,MAKE,2018,Actual,P00049950,5648.4,Iteration,D3D200580,FTD_FENDER_DD_14-17_FSD,FENDER OTR,12.57,15.47,2,2,DD,521290.836,,,,,,
gmna,MAKE,2018,Actual,P00049950,944.7,Iteration,D3D200580,FTD_FENDER_DD_14-17_FSD,FENDER OTR,12.57,15.47,2,2,DD,87186.363,,,,,,
gmna,MAKE,2018,Actual,P00046760,791.9,V2,D3E350080,CONS_FTD_FENDER_IVER2_Line_V2_TOOL,FENDER OTR,12.57,15.47,1,1,V2,73084.451,109640.97,194644.52,1.82,0.99,2.8,552752.04
gmna,MAKE,2018,Actual,P00046764,762.6,V2,D3E350080,CONS_FTD_FENDER_IVER2_Line_V2_TOOL,FENDER OTR,12.57,15.47,1,1,V2,70380.354,66574.84,137808.95,1.37,0.7,2.07,408867.85
gmna,MAKE,2018,Actual,P00046717,541.1,V2,D3E350080,CONS_FTD_FENDER_IVER2_Line_V2_TOOL,FENDER OTR,12.57,15.47,1,1,V2,49938.119,84046.53,176422.69,1.91,0.89,2.81,553244.16
gmna,MAKE,2018,Actual,P00046768,470.5,V2,D3E350080,CONS_FTD_FENDER_IVER2_Line_V2_TOOL,FENDER OTR,12.57,15.47,1,1,V2,43422.445,71840.94,155825.22,1.89,0.79,2.68,527908.43
gmna,MAKE,2018,Actual,P00046712,1623.5,V1,D3E300080,CONS_FTD_FENDER_IVER2_DRAW-010_V1_TOOL,FENDER OTR,12.57,15.47,1,1,V1,149832.815,14695.08,100207.48,1.71,0.51,2.21,436475.17
gmna,MAKE,2018,Actual,P00044759,232.5,Final Machining,D3E360055,NEW-CONS_FTD_FENDER_IVER2_Line_DAS_TL-Stg,FENDER OTR,5.91,6.28,1,1,DAS,21541.125,38270.7,72722.95,1.17,0.37,1.53,302643.35
gmna,MAKE,2018,Actual,P00045657,189.8,Final Machining,D3E360055,NEW-CONS_FTD_FENDER_IVER2_Line_DAS_TL-Stg,FENDER OTR,5.91,6.28,1,1,DAS,17584.97,39842.59,68531.63,1.01,0.35,1.36,268308.7
gmna,MAKE,2018,Actual,P00047025,469.5,Design,D2Y350140,NEW_DSGN_FTD_LINE_CAM_FENDER_CATEGORY-2,FENDER OTR,10.9,11.15,6,6,DSGN,31644.3,92899.63,176438.16,2.06,0.89,2.95,581829.95
gmna,MAKE,2018,Actual,P00047024,480.9,Design,D2Y350140,NEW_DSGN_FTD_LINE_CAM_FENDER_CATEGORY-2,FENDER OTR,10.9,11.15,6,6,DSGN,32412.66,66723.65,154521.43,1.79,0.78,2.57,507051.07
gmna,MAKE,2018,Actual,P00047026,504.1,Design,D2Y350140,NEW_DSGN_FTD_LINE_CAM_FENDER_CATEGORY-2,FENDER OTR,10.9,11.15,6,6,DSGN,33976.34,144590.16,222158.03,2.48,1.13,3.61,710959.06
gmna,MAKE,2018,Actual,P00047072,324,Final Machining,D3E360055,NEW-CONS_FTD_FENDER_IVER2_Line_DAS_TL-Stg,FENDER OTR,10.9,11.15,1,1,DAS,29901.96,92899.63,176438.16,2.06,0.89,2.95,581829.95
gmna,MAKE,2018,Actual,P00047076,350.5,Final Machining,D3E360055,NEW-CONS_FTD_FENDER_IVER2_Line_DAS_TL-Stg,FENDER OTR,10.9,11.15,1,1,DAS,32347.645,144590.16,222158.03,2.48,1.13,3.61,710959.06
gmna,MAKE,2018,Actual,P00047073,169.9,Foundry,D3E450265,NEW_CONS_FTD_FENDER_IVER2_PREP_LINE_DIE,FENDER OTR,10.9,11.15,3,3,DIE-PREP,15641.011,92899.63,176438.16,2.06,0.89,2.95,581829.95
gmna,MAKE,2018,Actual,P00047023,377.4,Design,D2Y300060,NEW_DSGN_FTD_DRAW-010_FENDER_CATEGORY-2,FENDER OTR,10.9,11.15,5,5,DSGN,25436.76,11344.03,84415.08,1.6,0.43,2.02,399002.99
gmna,MAKE,2018,Actual,P00047065,298,Foundry,D3E450260,NEW_CONS_FTD_FENDER_IVER2_PREP_DRAW,FENDER OTR,10.9,11.15,2,2,DIE-PREP,27533.8,11344.03,84415.08,1.6,0.43,2.02,399002.99
gmna,MAKE,2018,Actual,P00047076,391.5,Initial Machining,D3E360055,NEW-CONS_FTD_FENDER_IVER2_Line_DAS_TL-Stg,FENDER OTR,10.9,11.15,1,1,DAS,36131.535,144590.16,222158.03,2.48,1.13,3.61,710959.06
gmna,MAKE,2018,Actual,P00047072,734.4,Initial Machining,D3E360055,NEW-CONS_FTD_FENDER_IVER2_Line_DAS_TL-Stg,FENDER OTR,10.9,11.15,1,1,DAS,67696.401,92899.63,176438.16,2.06,0.89,2.95,581829.95
gmna,MAKE,2018,Actual,P00047073,307.9,Patterns,D3E450265,NEW_CONS_FTD_FENDER_IVER2_PREP_LINE_DIE,FENDER OTR,10.9,11.15,2,2,DIE-PREP,28526.935,92899.63,176438.16,2.06,0.89,2.95,581829.95
gmna,MAKE,2018,Actual,P00047069,311.8,Patterns,D3E450265,NEW_CONS_FTD_FENDER_IVER2_PREP_LINE_DIE,FENDER OTR,10.9,11.15,2,2,DIE-PREP,28723.942,66723.65,154521.43,1.79,0.78,2.57,507051.07
gmna,MAKE,2018,Actual,P00047065,321.5,Patterns,D3E450260,NEW_CONS_FTD_FENDER_IVER2_PREP_DRAW,FENDER OTR,10.9,11.15,2,2,DIE-PREP,29786.975,11344.03,84415.08,1.6,0.43,2.02,399002.99
gmna,MAKE,2018,Actual,P00047076,683.6,Assembly,D3E360055,NEW-CONS_FTD_FENDER_IVER2_Line_DAS_TL-Stg,FENDER OTR,10.9,11.15,1,1,DAS,63089.444,144590.16,222158.03,2.48,1.13,3.61,710959.06
gmna,MAKE,2018,Actual,P00047064,544.6,Assembly,D3E300055,NEW-CONS_FTD_FENDER_IVER2_Draw_010_DAS_TL-Stg,FENDER OTR,10.9,11.15,1,1,DAS,50261.134,11344.03,84415.08,1.6,0.43,2.02,399002.99
gmna,MAKE,2018,Actual,P00044810,477.9,Total,D2Y350140,NEW_DSGN_FTD_LINE_CAM_FENDER_CATEGORY-2,FENDER OTR,5.7,7.67,6,6,DSGN,32210.46,75506.6,105683.21,1.19,0.54,1.72,339717.84
gmna,MAKE,2018,Actual,P00045660,540.5,Total,D3E450265,NEW_CONS_FTD_FENDER_IVER2_PREP_LINE_DIE,FENDER OTR,5.7,7.67,6,6,DIE-PREP,50077.325,39807.25,68730.49,1,0.35,1.35,266345.13
gmna,MAKE,2018,Actual,P00044796,598,Total,D3E300080,CONS_FTD_FENDER_IVER2_DRAW-010_V1_TOOL,FENDER OTR,5.7,7.67,1,1,V1,55005.77,17675.39,51060.2,1.03,0.26,1.29,254192.36
gmna,MAKE,2018,Actual,P00047072,600.4,Assembly,D3E360055,NEW-CONS_FTD_FENDER_IVER2_Line_DAS_TL-Stg,FENDER OTR,10.9,11.15,1,1,DAS,55410.916,92899.63,176438.16,2.06,0.89,2.95,581829.95
gmna,MAKE,2018,Actual,P00044796,598,V1,D3E300080,CONS_FTD_FENDER_IVER2_DRAW-010_V1_TOOL,FENDER OTR,5.7,7.67,1,1,V1,55005.77,17675.39,51060.2,1.03,0.26,1.29,254192.36
gmna,MAKE,2018,Actual,P00044801,154.2,V2,D3E350080,CONS_FTD_FENDER_IVER2_Line_V2_TOOL,FENDER OTR,5.7,7.67,1,1,V2,13935.564,37937.9,71388.68,0.98,0.36,1.34,264772.2
gmna,MAKE,2018,Actual,P00044806,429.8,V2,D3E350080,CONS_FTD_FENDER_IVER2_Line_V2_TOOL,FENDER OTR,5.7,7.67,1,1,V2,39127.556,39807.25,68730.49,1,0.35,1.35,266345.13
gmna,MAKE,2018,Actual,P00044812,813.6,Iteration,D3D200111,CONS_FTD_V3-V6_ITERATIONS_BSO_FDR_FSD'S_TOOLSET,FENDER OTR,5.7,7.67,2,2,DD,74580.429,,,,,,
gmna,MAKE,2018,Actual,P00044812,1871.1,Iteration,D3D200111,CONS_FTD_V3-V6_ITERATIONS_BSO_FDR_FSD'S_TOOLSET,FENDER OTR,5.7,7.67,2,2,DD,172587.589,,,,,,
gmna,MAKE,2018,Actual,P00044812,5502.5,Iteration,D3D200111,CONS_FTD_V3-V6_ITERATIONS_BSO_FDR_FSD'S_TOOLSET,FENDER OTR,5.7,7.67,2,2,DD,507825.725,,,,,,
gmna,MAKE,2018,Actual,P00044812,3368.8,V6,D3D200111,CONS_FTD_V3-V6_ITERATIONS_BSO_FDR_FSD'S_TOOLSET,FENDER OTR,5.7,7.67,1,1,DD,310906.552,,,,,,
gmna,MAKE,2018,Actual,P00047068,492.8,Assembly,D3E360055,NEW-CONS_FTD_FENDER_IVER2_Line_DAS_TL-Stg,FENDER OTR,10.9,11.15,1,1,DAS,45480.512,66723.65,154521.43,1.79,0.78,2.57,507051.07
gmna,MAKE,2018,Actual,P00044811,102,V2,D3E350080,CONS_FTD_FENDER_IVER2_Line_V2_TOOL,FENDER OTR,5.7,7.67,1,1,V2,9344.14,75506.6,105683.21,1.19,0.54,1.72,339717.84
gmna,MAKE,2018,Actual,P00047077,26,Process Planning,D3E450265,NEW_CONS_FTD_FENDER_IVER2_PREP_LINE_DIE,FENDER OTR,10.9,11.15,1,1,DIE-PREP,2343.12,144590.16,222158.03,2.48,1.13,3.61,710959.06
gmna,MAKE,2018,Actual,P00047069,33,Process Planning,D3E450265,NEW_CONS_FTD_FENDER_IVER2_PREP_LINE_DIE,FENDER OTR,10.9,11.15,1,1,DIE-PREP,3045.57,66723.65,154521.43,1.79,0.78,2.57,507051.07
gmna,MAKE,2018,Actual,P00047065,42.8,Process Planning,D3E450260,NEW_CONS_FTD_FENDER_IVER2_PREP_DRAW,FENDER OTR,10.9,11.15,1,1,DIE-PREP,3965.42,11344.03,84415.08,1.6,0.43,2.02,399002.99
gmna,MAKE,2018,Actual,P00047067,1556.1,V1,D3E300080,CONS_FTD_FENDER_IVER2_DRAW-010_V1_TOOL,FENDER OTR,10.9,11.15,1,1,V1,143618.949,11344.03,84415.08,1.6,0.43,2.02,399002.99
gmna,MAKE,2018,Actual,P00047071,463.1,V2,D3E350080,CONS_FTD_FENDER_IVER2_Line_V2_TOOL,FENDER OTR,10.9,11.15,1,1,V2,42739.499,66723.65,154521.43,1.79,0.78,2.57,507051.07
gmna,MAKE,2018,Actual,P00047079,804.5,V2,D3E350080,CONS_FTD_FENDER_IVER2_Line_V2_TOOL,FENDER OTR,10.9,11.15,1,1,V2,74247.305,144590.16,222158.03,2.48,1.13,3.61,710959.06
gmna,MAKE,2018,Actual,P00047075,806.8,V2,D3E350080,CONS_FTD_FENDER_IVER2_Line_V2_TOOL,FENDER OTR,10.9,11.15,1,1,V2,74459.572,92899.63,176438.16,2.06,0.89,2.95,581829.95
gmna,MAKE,2018,Actual,P00050058,252.9,Iteration,D3D200540,FTD_FENDER_DD_10-12_FSD,FENDER OTR,10.9,11.15,2,2,DD,23340.141,,,,,,
gmna,MAKE,2018,Actual,P00050058,2558.6,Iteration,D3D200540,FTD_FENDER_DD_10-12_FSD,FENDER OTR,10.9,11.15,2,2,DD,236133.194,,,,,,
gmna,MAKE,2018,Actual,P00050058,510.7,Iteration,D3D200540,FTD_FENDER_DD_10-12_FSD,FENDER OTR,10.9,11.15,2,2,DD,47132.503,,,,,,
gmna,MAKE,2018,Actual,P00050058,5450.2,Iteration,D3D200540,FTD_FENDER_DD_10-12_FSD,FENDER OTR,10.9,11.15,2,2,DD,502998.958,,,,,,
gmna,MAKE,2018,Actual,P00050058,3189.6,V6,D3D200540,FTD_FENDER_DD_10-12_FSD,FENDER OTR,10.9,11.15,1,1,DD,294368.184,,,,,,
gmna,MAKE,2018,Actual,P00045657,360,Assembly,D3E360055,NEW-CONS_FTD_FENDER_IVER2_Line_DAS_TL-Stg,FENDER OTR,5.91,6.28,1,1,DAS,33354,39842.59,68531.63,1.01,0.35,1.36,268308.7
gmna,MAKE,2018,Actual,P00044778,578.4,Assembly,D3E360055,NEW-CONS_FTD_FENDER_IVER2_Line_DAS_TL-Stg,FENDER OTR,5.91,6.28,1,1,DAS,53588.76,75532.46,105698.7,1.2,0.54,1.73,341810.21
gmna,MAKE,2018,Actual,P00044759,656,Assembly,D3E360055,NEW-CONS_FTD_FENDER_IVER2_Line_DAS_TL-Stg,FENDER OTR,5.91,6.28,1,1,DAS,60191.44,38270.7,72722.95,1.17,0.37,1.53,302643.35
gmna,MAKE,2018,Actual,P00044756,350.1,Design,D2Y300060,NEW_DSGN_FTD_DRAW-010_FENDER_CATEGORY-2,FENDER OTR,5.91,6.28,5,5,DSGN,23596.74,16256.3,48546.71,1.04,0.25,1.29,253412.35
gmna,MAKE,2018,Actual,P00044762,409.1,Design,D2Y350140,NEW_DSGN_FTD_LINE_CAM_FENDER_CATEGORY-2,FENDER OTR,5.91,6.28,6,6,DSGN,27573.34,38270.7,72722.95,1.17,0.37,1.53,302643.35
gmna,MAKE,2018,Actual,P00050058,96.25,Iteration,D3D200540,FTD_FENDER_DD_10-12_FSD,FENDER OTR,10.9,11.15,2,2,DD,8882.9125,,,,,,
gmna,MAKE,2018,Actual,P00047072,1967.1,Total,D3E360055,NEW-CONS_FTD_FENDER_IVER2_Line_DAS_TL-Stg,FENDER OTR,10.9,11.15,4,4,DAS,181462.284,92899.63,176438.16,2.06,0.89,2.95,581829.95
gmna,MAKE,2018,Actual,P00047076,1767.9,Total,D3E360055,NEW-CONS_FTD_FENDER_IVER2_Line_DAS_TL-Stg,FENDER OTR,10.9,11.15,4,4,DAS,163159.491,144590.16,222158.03,2.48,1.13,3.61,710959.06
gmna,MAKE,2018,Actual,P00047073,149.9,Process Planning,D3E450265,NEW_CONS_FTD_FENDER_IVER2_PREP_LINE_DIE,FENDER OTR,10.9,11.15,1,1,DIE-PREP,13834.271,92899.63,176438.16,2.06,0.89,2.95,581829.95
gmna,MAKE,2018,Actual,P00047064,106,Subassembly,D3E300055,NEW-CONS_FTD_FENDER_IVER2_Draw_010_DAS_TL-Stg,FENDER OTR,10.9,11.15,1,1,DAS,9785.62,11344.03,84415.08,1.6,0.43,2.02,399002.99
gmna,MAKE,2018,Actual,P00047072,308.3,Subassembly,D3E360055,NEW-CONS_FTD_FENDER_IVER2_Line_DAS_TL-Stg,FENDER OTR,10.9,11.15,1,1,DAS,28453.007,92899.63,176438.16,2.06,0.89,2.95,581829.95
gmna,MAKE,2018,Actual,P00047076,342.3,Subassembly,D3E360055,NEW-CONS_FTD_FENDER_IVER2_Line_DAS_TL-Stg,FENDER OTR,10.9,11.15,1,1,DAS,31590.867,144590.16,222158.03,2.48,1.13,3.61,710959.06
gmna,MAKE,2018,Actual,P00047023,377.4,Total,D2Y300060,NEW_DSGN_FTD_DRAW-010_FENDER_CATEGORY-2,FENDER OTR,10.9,11.15,5,5,DSGN,25436.76,11344.03,84415.08,1.6,0.43,2.02,399002.99
gmna,MAKE,2018,Actual,P00047071,463.1,Total,D3E350080,CONS_FTD_FENDER_IVER2_Line_V2_TOOL,FENDER OTR,10.9,11.15,1,1,V2,42739.499,66723.65,154521.43,1.79,0.78,2.57,507051.07
gmna,MAKE,2018,Actual,P00047025,469.5,Total,D2Y350140,NEW_DSGN_FTD_LINE_CAM_FENDER_CATEGORY-2,FENDER OTR,10.9,11.15,6,6,DSGN,31644.3,92899.63,176438.16,2.06,0.89,2.95,581829.95
gmna,MAKE,2018,Actual,P00047024,480.9,Total,D2Y350140,NEW_DSGN_FTD_LINE_CAM_FENDER_CATEGORY-2,FENDER OTR,10.9,11.15,6,6,DSGN,32412.66,66723.65,154521.43,1.79,0.78,2.57,507051.07
gmna,MAKE,2018,Actual,P00047026,504.1,Total,D2Y350140,NEW_DSGN_FTD_LINE_CAM_FENDER_CATEGORY-2,FENDER OTR,10.9,11.15,6,6,DSGN,33976.34,144590.16,222158.03,2.48,1.13,3.61,710959.06
gmna,MAKE,2018,Actual,P00047073,627.7,Total,D3E450265,NEW_CONS_FTD_FENDER_IVER2_PREP_LINE_DIE,FENDER OTR,10.9,11.15,6,6,DIE-PREP,58002.217,92899.63,176438.16,2.06,0.89,2.95,581829.95
gmna,MAKE,2018,Actual,P00047065,662.3,Total,D3E450260,NEW_CONS_FTD_FENDER_IVER2_PREP_DRAW,FENDER OTR,10.9,11.15,5,5,DIE-PREP,61286.195,11344.03,84415.08,1.6,0.43,2.02,399002.99
gmna,MAKE,2018,Actual,P00047064,789.5,Total,D3E300055,NEW-CONS_FTD_FENDER_IVER2_Draw_010_DAS_TL-Stg,FENDER OTR,10.9,11.15,4,4,DAS,72836.804,11344.03,84415.08,1.6,0.43,2.02,399002.99
gmna,MAKE,2018,Actual,P00047079,804.5,Total,D3E350080,CONS_FTD_FENDER_IVER2_Line_V2_TOOL,FENDER OTR,10.9,11.15,1,1,V2,74247.305,144590.16,222158.03,2.48,1.13,3.61,710959.06
gmna,MAKE,2018,Actual,P00047075,806.8,Total,D3E350080,CONS_FTD_FENDER_IVER2_Line_V2_TOOL,FENDER OTR,10.9,11.15,1,1,V2,74459.572,92899.63,176438.16,2.06,0.89,2.95,581829.95
gmna,MAKE,2018,Actual,P00047077,1082.2,Total,D3E450265,NEW_CONS_FTD_FENDER_IVER2_PREP_LINE_DIE,FENDER OTR,10.9,11.15,6,6,DIE-PREP,99183.865,144590.16,222158.03,2.48,1.13,3.61,710959.06
gmna,MAKE,2018,Actual,P00047069,1334.7,Total,D3E450265,NEW_CONS_FTD_FENDER_IVER2_PREP_LINE_DIE,FENDER OTR,10.9,11.15,6,6,DIE-PREP,123127.383,66723.65,154521.43,1.79,0.78,2.57,507051.07
gmna,MAKE,2018,Actual,P00044781,483.4,Design,D2Y350140,NEW_DSGN_FTD_LINE_CAM_FENDER_CATEGORY-2,FENDER OTR,5.91,6.28,6,6,DSGN,32581.16,75532.46,105698.7,1.2,0.54,1.73,341810.21
gmna,MAKE,2018,Actual,P00046754,582.3,Subassembly,D3E360055,NEW-CONS_FTD_FENDER_IVER2_Line_DAS_TL-Stg,FENDER OTR,12.57,15.47,1,1,DAS,53158.437,109640.97,194644.52,1.82,0.99,2.8,552752.04
gmna,MAKE,2018,Actual,P00046709,383.1,Subassembly,D3E300055,NEW-CONS_FTD_FENDER_IVER2_Draw_010_DAS_TL-Stg,FENDER OTR,12.57,15.47,1,1,DAS,35463.855,14695.08,100207.48,1.71,0.51,2.21,436475.17
gmna,MAKE,2018,Actual,P00046761,321,Subassembly,D3E360055,NEW-CONS_FTD_FENDER_IVER2_Line_DAS_TL-Stg,FENDER OTR,12.57,15.47,1,1,DAS,29206.2,66574.84,137808.95,1.37,0.7,2.07,408867.85
gmna,MAKE,2018,Actual,P00046496,398.9,Total,D2Y350560,NEW_DSGN_FTD_LINE_FSD'S_ROOF,ROOF,13.44,20.94,6,6,DSGN,26885.86,109764.77,236908.36,2.25,1.2,3.45,681177.29
gmna,MAKE,2018,Actual,P00046559,404.5,Total,D3K450275,NEW_CONS_FTD_ROOF_LINE_FSDS_PREP,ROOF,13.44,20.94,6,6,DIE-PREP,37476.925,109764.77,236908.36,2.25,1.2,3.45,681177.29
gmna,MAKE,2018,Actual,P00046707,412.8,Total,D2Y350560,NEW_DSGN_FTD_LINE_FSD'S_ROOF,ROOF,13.44,20.94,6,6,DSGN,27822.72,113585.5,187840.17,1.61,0.95,2.56,505298.44
gmna,MAKE,2018,Actual,P00046564,425.1,Total,D3K450275,NEW_CONS_FTD_ROOF_LINE_FSDS_PREP,ROOF,13.44,20.94,6,6,DIE-PREP,39385.515,122297.09,200232.32,1.45,1.02,2.47,487039.05
gmna,MAKE,2018,Actual,P00046497,432.1,Total,D2Y350560,NEW_DSGN_FTD_LINE_FSD'S_ROOF,ROOF,13.44,20.94,6,6,DSGN,29123.54,122297.09,200232.32,1.45,1.02,2.47,487039.05
gmna,MAKE,2018,Actual,P00046498,453.6,Total,D2Y350560,NEW_DSGN_FTD_LINE_FSD'S_ROOF,ROOF,13.44,20.94,6,6,DSGN,30572.64,147781.94,226653.95,1.23,1.15,2.38,469687.82
gmna,MAKE,2018,Actual,P00046569,550.7,Total,D3K450275,NEW_CONS_FTD_ROOF_LINE_FSDS_PREP,ROOF,13.44,20.94,6,6,DIE-PREP,51002.195,147781.94,226653.95,1.23,1.15,2.38,469687.82
gmna,MAKE,2018,Actual,P00046705,331.1,Total,D3K450275,NEW_CONS_FTD_ROOF_LINE_FSDS_PREP,ROOF,13.44,20.94,6,6,DIE-PREP,30676.415,113585.5,187840.17,1.61,0.95,2.56,505298.44
gmna,MAKE,2018,Actual,P00046704,636.8,Total,D3N300055,NEW-CONS_FTD_ROOF_FSD'S_DRAW_LINE_DAS_TL-Stg,ROOF,13.44,20.94,4,4,DAS,58183.452,113585.5,187840.17,1.61,0.95,2.56,505298.44
gmna,MAKE,2018,Actual,P00046555,739.9,Total,D3K450270,NEW_CONS_FTD_ROOF_DRAW_FSDS_PREP,ROOF,13.44,20.94,5,5,DIE-PREP,68551.735,10479.03,102273.36,2.06,0.52,2.58,508340.65
gmna,MAKE,2018,Actual,P00046558,847,Total,D3N300055,NEW-CONS_FTD_ROOF_FSD'S_DRAW_LINE_DAS_TL-Stg,ROOF,13.44,20.94,4,4,DAS,78474.55,109764.77,236908.36,2.25,1.2,3.45,681177.29
gmna,MAKE,2018,Actual,P00046563,1036.6,Total,D3N300055,NEW-CONS_FTD_ROOF_FSD'S_DRAW_LINE_DAS_TL-Stg,ROOF,13.44,20.94,4,4,DAS,95016.087,122297.09,200232.32,1.45,1.02,2.47,487039.05
gmna,MAKE,2018,Actual,P00046554,1319.5,Total,D3N300055,NEW-CONS_FTD_ROOF_FSD'S_DRAW_LINE_DAS_TL-Stg,ROOF,13.44,20.94,4,4,DAS,120042.479,10479.03,102273.36,2.06,0.52,2.58,508340.65
gmna,MAKE,2018,Actual,P00042582,635.9,Total,D3K360055,NEW-CONS_FTD_UB_UNDER_5.0_FSD'S_LINE_020_DAS_TL-Stg,REAR CMPT PAN,4.51,5.64,4,4,DAS,58916.135,12487.03,46539.58,0.73,0.24,0.97,190822.01
gmna,MAKE,2018,Actual,P00042590,620,Total,D2Y350480,NEW_DSGN_FTD_LINE_FSD'S_UNDER_5.0,REAR CMPT PAN,4.51,5.64,6,6,DSGN,41788,20209.74,53114.37,0.69,0.27,0.96,189716.35
gmna,MAKE,2018,Actual,P00046568,681,Total,D3N300055,NEW-CONS_FTD_ROOF_FSD'S_DRAW_LINE_DAS_TL-Stg,ROOF,13.44,20.94,4,4,DAS,62252.957,147781.94,226653.95,1.23,1.15,2.38,469687.82
gmna,MAKE,2018,Actual,P00042579,565.6,Total,D2Y300500,NEW_DSGN_FTD_DRAW-010_FSD'S_LESS_5.0,REAR CMPT PAN,4.51,5.64,5,5,DSGN,38121.44,33007.64,140914.63,1.09,0.71,1.8,355243.09
gmna,MAKE,2018,Actual,P00046495,320.2,Total,D2Y300700,NEW_DSGN_FTD_DRAW-010_FSD'S_ROOF,ROOF,13.44,20.94,5,5,DSGN,21581.48,10479.03,102273.36,2.06,0.52,2.58,508340.65
gmna,MAKE,2018,Actual,P00046563,384.1,Subassembly,D3N300055,NEW-CONS_FTD_ROOF_FSD'S_DRAW_LINE_DAS_TL-Stg,ROOF,13.44,20.94,1,1,DAS,35586.865,122297.09,200232.32,1.45,1.02,2.47,487039.05
gmna,MAKE,2018,Actual,P00046555,508,Foundry,D3K450270,NEW_CONS_FTD_ROOF_DRAW_FSDS_PREP,ROOF,13.44,20.94,3,3,DIE-PREP,47066.2,10479.03,102273.36,2.06,0.52,2.58,508340.65
gmna,MAKE,2018,Actual,P00046558,379.5,Initial Machining,D3N300055,NEW-CONS_FTD_ROOF_FSD'S_DRAW_LINE_DAS_TL-Stg,ROOF,13.44,20.94,1,1,DAS,35160.675,109764.77,236908.36,2.25,1.2,3.45,681177.29
gmna,MAKE,2018,Actual,P00046569,199.6,Patterns,D3K450275,NEW_CONS_FTD_ROOF_LINE_FSDS_PREP,ROOF,13.44,20.94,2,2,DIE-PREP,18492.94,147781.94,226653.95,1.23,1.15,2.38,469687.82
gmna,MAKE,2018,Actual,P00046555,231.9,Patterns,D3K450270,NEW_CONS_FTD_ROOF_DRAW_FSDS_PREP,ROOF,13.44,20.94,2,2,DIE-PREP,21485.535,10479.03,102273.36,2.06,0.52,2.58,508340.65
gmna,MAKE,2018,Actual,P00046705,17,Process Planning,D3K450275,NEW_CONS_FTD_ROOF_LINE_FSDS_PREP,ROOF,13.44,20.94,1,1,DIE-PREP,1575.05,113585.5,187840.17,1.61,0.95,2.56,505298.44
gmna,MAKE,2018,Actual,P00046569,72,Process Planning,D3K450275,NEW_CONS_FTD_ROOF_LINE_FSDS_PREP,ROOF,13.44,20.94,1,1,DIE-PREP,6650.64,147781.94,226653.95,1.23,1.15,2.38,469687.82
gmna,MAKE,2018,Actual,P00046568,129.2,Subassembly,D3N300055,NEW-CONS_FTD_ROOF_FSD'S_DRAW_LINE_DAS_TL-Stg,ROOF,13.44,20.94,1,1,DAS,11704.264,147781.94,226653.95,1.23,1.15,2.38,469687.82
gmna,MAKE,2018,Actual,P00046558,193,Subassembly,D3N300055,NEW-CONS_FTD_ROOF_FSD'S_DRAW_LINE_DAS_TL-Stg,ROOF,13.44,20.94,1,1,DAS,17881.45,109764.77,236908.36,2.25,1.2,3.45,681177.29
gmna,MAKE,2018,Actual,P00046704,237.6,Subassembly,D3N300055,NEW-CONS_FTD_ROOF_FSD'S_DRAW_LINE_DAS_TL-Stg,ROOF,13.44,20.94,1,1,DAS,21988.34,113585.5,187840.17,1.61,0.95,2.56,505298.44
gmna,MAKE,2018,Actual,P00046705,214.1,Patterns,D3K450275,NEW_CONS_FTD_ROOF_LINE_FSDS_PREP,ROOF,13.44,20.94,2,2,DIE-PREP,19836.365,113585.5,187840.17,1.61,0.95,2.56,505298.44
gmna,MAKE,2018,Actual,P00042585,464.3,Total,D2Y350480,NEW_DSGN_FTD_LINE_FSD'S_UNDER_5.0,REAR CMPT PAN,4.51,5.64,6,6,DSGN,31293.82,12487.03,46539.58,0.73,0.24,0.97,190822.01
gmna,MAKE,2018,Actual,P00043231,458.5,Total,D2Y350480,NEW_DSGN_FTD_LINE_FSD'S_UNDER_5.0,REAR CMPT PAN,4.51,5.64,6,6,DSGN,30902.9,14414.86,45762.1,0.54,0.23,0.78,153191.77
gmna,MAKE,2018,Actual,P00043229,432.1,Total,D3H450275,NEW_CONS_FTD_MISC_LINE_UNDER_5.0_FSDS_PREP,REAR CMPT PAN,4.51,5.64,6,6,DIE-PREP,40034.065,14414.86,45762.1,0.54,0.23,0.78,153191.77
gmna,MAKE,2018,Actual,P00042583,182.1,Foundry,D3H450275,NEW_CONS_FTD_MISC_LINE_UNDER_5.0_FSDS_PREP,REAR CMPT PAN,4.51,5.64,3,3,DIE-PREP,16871.565,12487.03,46539.58,0.73,0.24,0.97,190822.01
gmna,MAKE,2018,Actual,P00042577,137.5,Foundry,D3H450270,NEW_CONS_FTD_MISC_DRAW_UNDER_5.0_FSDS_PREP,REAR CMPT PAN,4.51,5.64,2,2,DIE-PREP,12739.375,33007.64,140914.63,1.09,0.71,1.8,355243.09
gmna,MAKE,2018,Actual,P00042588,87.5,Foundry,D3H450275,NEW_CONS_FTD_MISC_LINE_UNDER_5.0_FSDS_PREP,REAR CMPT PAN,4.51,5.64,3,3,DIE-PREP,8106.875,20209.74,53114.37,0.69,0.27,0.96,189716.35
gmna,MAKE,2018,Actual,P00042576,201.2,Final Machining,D3K300055,NEW-CONS_FTD_UB_UNDER_5.0_FSD'S_DRAW_010_DAS_TL-Stg,REAR CMPT PAN,4.51,5.64,1,1,DAS,18641.18,33007.64,140914.63,1.09,0.71,1.8,355243.09
gmna,MAKE,2018,Actual,P00042587,160.8,Final Machining,D3K360055,NEW-CONS_FTD_UB_UNDER_5.0_FSD'S_LINE_020_DAS_TL-Stg,REAR CMPT PAN,4.51,5.64,1,1,DAS,14898.12,20209.74,53114.37,0.69,0.27,0.96,189716.35
gmna,MAKE,2018,Actual,P00042582,118.4,Final Machining,D3K360055,NEW-CONS_FTD_UB_UNDER_5.0_FSD'S_LINE_020_DAS_TL-Stg,REAR CMPT PAN,4.51,5.64,1,1,DAS,10969.76,12487.03,46539.58,0.73,0.24,0.97,190822.01
gmna,MAKE,2018,Actual,P00042587,201.7,Initial Machining,D3K360055,NEW-CONS_FTD_UB_UNDER_5.0_FSD'S_LINE_020_DAS_TL-Stg,REAR CMPT PAN,4.51,5.64,1,1,DAS,18687.505,20209.74,53114.37,0.69,0.27,0.96,189716.35
gmna,MAKE,2018,Actual,P00043227,82,Final Machining,D3K360055,NEW-CONS_FTD_UB_UNDER_5.0_FSD'S_LINE_020_DAS_TL-Stg,REAR CMPT PAN,4.51,5.64,1,1,DAS,7597.3,14414.86,45762.1,0.54,0.23,0.78,153191.77
gmna,MAKE,2018,Actual,P00042576,775.1,Assembly,D3K300055,NEW-CONS_FTD_UB_UNDER_5.0_FSD'S_DRAW_010_DAS_TL-Stg,REAR CMPT PAN,4.51,5.64,1,1,DAS,71813.015,33007.64,140914.63,1.09,0.71,1.8,355243.09
gmna,MAKE,2018,Actual,P00043227,278.5,Assembly,D3K360055,NEW-CONS_FTD_UB_UNDER_5.0_FSD'S_LINE_020_DAS_TL-Stg,REAR CMPT PAN,4.51,5.64,1,1,DAS,25803.025,14414.86,45762.1,0.54,0.23,0.78,153191.77
gmna,MAKE,2018,Actual,P00042587,275.7,Assembly,D3K360055,NEW-CONS_FTD_UB_UNDER_5.0_FSD'S_LINE_020_DAS_TL-Stg,REAR CMPT PAN,4.51,5.64,1,1,DAS,25543.605,20209.74,53114.37,0.69,0.27,0.96,189716.35
gmna,MAKE,2018,Actual,P00042582,277.4,Initial Machining,D3K360055,NEW-CONS_FTD_UB_UNDER_5.0_FSD'S_LINE_020_DAS_TL-Stg,REAR CMPT PAN,4.51,5.64,1,1,DAS,25701.11,12487.03,46539.58,0.73,0.24,0.97,190822.01
gmna,MAKE,2018,Actual,P00042576,380.6,Initial Machining,D3K300055,NEW-CONS_FTD_UB_UNDER_5.0_FSD'S_DRAW_010_DAS_TL-Stg,REAR CMPT PAN,4.51,5.64,1,1,DAS,35262.59,33007.64,140914.63,1.09,0.71,1.8,355243.09
gmna,MAKE,2018,Actual,P00042583,379,Total,D3H450275,NEW_CONS_FTD_MISC_LINE_UNDER_5.0_FSDS_PREP,REAR CMPT PAN,4.51,5.64,6,6,DIE-PREP,35114.35,12487.03,46539.58,0.73,0.24,0.97,190822.01
gmna,MAKE,2018,Actual,P00042577,344.1,Total,D3H450270,NEW_CONS_FTD_MISC_DRAW_UNDER_5.0_FSDS_PREP,REAR CMPT PAN,4.51,5.64,5,5,DIE-PREP,31880.865,33007.64,140914.63,1.09,0.71,1.8,355243.09
gmna,MAKE,2018,Actual,P00042588,275.4,Total,D3H450275,NEW_CONS_FTD_MISC_LINE_UNDER_5.0_FSDS_PREP,REAR CMPT PAN,4.51,5.64,6,6,DIE-PREP,25515.81,20209.74,53114.37,0.69,0.27,0.96,189716.35
gmna,MAKE,2018,Actual,P00042586,250.5,Total,D3J350080,CONS_FTD_ALL_UB_UNDER_5_FSD'S_Line_V2_TOOL,REAR CMPT PAN,4.51,5.64,1,1,V2,23208.825,12487.03,46539.58,0.73,0.24,0.97,190822.01
gmna,MAKE,2018,Actual,P00043232,191.9,Total,D3J350080,CONS_FTD_ALL_UB_UNDER_5_FSD'S_Line_V2_TOOL,REAR CMPT PAN,4.51,5.64,1,1,V2,17779.535,14414.86,45762.1,0.54,0.23,0.78,153191.77
gmna,MAKE,2018,Actual,P00042587,206.9,Subassembly,D3K360055,NEW-CONS_FTD_UB_UNDER_5.0_FSD'S_LINE_020_DAS_TL-Stg,REAR CMPT PAN,4.51,5.64,1,1,DAS,19169.285,20209.74,53114.37,0.69,0.27,0.96,189716.35
gmna,MAKE,2018,Actual,P00042576,118.5,Subassembly,D3K300055,NEW-CONS_FTD_UB_UNDER_5.0_FSD'S_DRAW_010_DAS_TL-Stg,REAR CMPT PAN,4.51,5.64,1,1,DAS,10979.025,33007.64,140914.63,1.09,0.71,1.8,355243.09
gmna,MAKE,2018,Actual,P00042582,100.2,Subassembly,D3K360055,NEW-CONS_FTD_UB_UNDER_5.0_FSD'S_LINE_020_DAS_TL-Stg,REAR CMPT PAN,4.51,5.64,1,1,DAS,9283.53,12487.03,46539.58,0.73,0.24,0.97,190822.01
gmna,MAKE,2018,Actual,P00043227,92.2,Subassembly,D3K360055,NEW-CONS_FTD_UB_UNDER_5.0_FSD'S_LINE_020_DAS_TL-Stg,REAR CMPT PAN,4.51,5.64,1,1,DAS,8542.33,14414.86,45762.1,0.54,0.23,0.78,153191.77
gmna,MAKE,2018,Actual,P00042588,35,Process Planning,D3H450275,NEW_CONS_FTD_MISC_LINE_UNDER_5.0_FSDS_PREP,REAR CMPT PAN,4.51,5.64,1,1,DIE-PREP,3242.75,20209.74,53114.37,0.69,0.27,0.96,189716.35
gmna,MAKE,2018,Actual,P00042583,32,Process Planning,D3H450275,NEW_CONS_FTD_MISC_LINE_UNDER_5.0_FSDS_PREP,REAR CMPT PAN,4.51,5.64,1,1,DIE-PREP,2964.8,12487.03,46539.58,0.73,0.24,0.97,190822.01
gmna,MAKE,2018,Actual,P00042577,24,Process Planning,D3H450270,NEW_CONS_FTD_MISC_DRAW_UNDER_5.0_FSDS_PREP,REAR CMPT PAN,4.51,5.64,1,1,DIE-PREP,2223.6,33007.64,140914.63,1.09,0.71,1.8,355243.09
gmna,MAKE,2018,Actual,P00042577,182.6,Patterns,D3H450270,NEW_CONS_FTD_MISC_DRAW_UNDER_5.0_FSDS_PREP,REAR CMPT PAN,4.51,5.64,2,2,DIE-PREP,16917.89,33007.64,140914.63,1.09,0.71,1.8,355243.09
gmna,MAKE,2018,Actual,P00042583,164.9,Patterns,D3H450275,NEW_CONS_FTD_MISC_LINE_UNDER_5.0_FSDS_PREP,REAR CMPT PAN,4.51,5.64,2,2,DIE-PREP,15277.985,12487.03,46539.58,0.73,0.24,0.97,190822.01
gmna,MAKE,2018,Actual,P00042588,152.9,Patterns,D3H450275,NEW_CONS_FTD_MISC_LINE_UNDER_5.0_FSDS_PREP,REAR CMPT PAN,4.51,5.64,2,2,DIE-PREP,14166.185,20209.74,53114.37,0.69,0.27,0.96,189716.35
gmna,MAKE,2018,Actual,P00046569,279.1,Foundry,D3K450275,NEW_CONS_FTD_ROOF_LINE_FSDS_PREP,ROOF,13.44,20.94,3,3,DIE-PREP,25858.615,147781.94,226653.95,1.23,1.15,2.38,469687.82
gmna,MAKE,2018,Actual,P00046559,241.5,Foundry,D3K450275,NEW_CONS_FTD_ROOF_LINE_FSDS_PREP,ROOF,13.44,20.94,3,3,DIE-PREP,22374.975,109764.77,236908.36,2.25,1.2,3.45,681177.29
gmna,MAKE,2018,Actual,P00046564,239.5,Foundry,D3K450275,NEW_CONS_FTD_ROOF_LINE_FSDS_PREP,ROOF,13.44,20.94,3,3,DIE-PREP,22189.675,122297.09,200232.32,1.45,1.02,2.47,487039.05
gmna,MAKE,2018,Actual,P00046705,100,Foundry,D3K450275,NEW_CONS_FTD_ROOF_LINE_FSDS_PREP,ROOF,13.44,20.94,3,3,DIE-PREP,9265,113585.5,187840.17,1.61,0.95,2.56,505298.44
gmna,MAKE,2018,Actual,P00046713,674.2,Final Machining,D3E360055,NEW-CONS_FTD_FENDER_IVER2_Line_DAS_TL-Stg,FENDER OTR,12.57,15.47,1,1,DAS,62221.918,84046.53,176422.69,1.91,0.89,2.81,553244.16
gmna,MAKE,2018,Actual,P00046709,401,Final Machining,D3E300055,NEW-CONS_FTD_FENDER_IVER2_Draw_010_DAS_TL-Stg,FENDER OTR,12.57,15.47,1,1,DAS,37152.65,14695.08,100207.48,1.71,0.51,2.21,436475.17
gmna,MAKE,2018,Actual,P00046754,296.2,Final Machining,D3E360055,NEW-CONS_FTD_FENDER_IVER2_Line_DAS_TL-Stg,FENDER OTR,12.57,15.47,1,1,DAS,27151.197,109640.97,194644.52,1.82,0.99,2.8,552752.04
gmna,MAKE,2018,Actual,P00046516,497.7,Design,D2Y350140,NEW_DSGN_FTD_LINE_CAM_FENDER_CATEGORY-2,FENDER OTR,12.57,15.47,6,6,DSGN,33544.98,84046.53,176422.69,1.91,0.89,2.81,553244.16
gmna,MAKE,2018,Actual,P00046517,460.7,Design,D2Y350140,NEW_DSGN_FTD_LINE_CAM_FENDER_CATEGORY-2,FENDER OTR,12.57,15.47,6,6,DSGN,31051.18,109640.97,194644.52,1.82,0.99,2.8,552752.04
gmna,MAKE,2018,Actual,P00046762,93,Foundry,D3E450265,NEW_CONS_FTD_FENDER_IVER2_PREP_LINE_DIE,FENDER OTR,12.57,15.47,3,3,DIE-PREP,8381.16,66574.84,137808.95,1.37,0.7,2.07,408867.85
gmna,MAKE,2018,Actual,P00046518,460.2,Design,D2Y350140,NEW_DSGN_FTD_LINE_CAM_FENDER_CATEGORY-2,FENDER OTR,12.57,15.47,6,6,DSGN,31017.48,66574.84,137808.95,1.37,0.7,2.07,408867.85
gmna,MAKE,2018,Actual,P00046515,378.2,Design,D2Y300060,NEW_DSGN_FTD_DRAW-010_FENDER_CATEGORY-2,FENDER OTR,12.57,15.47,5,5,DSGN,25490.68,14695.08,100207.48,1.71,0.51,2.21,436475.17
gmna,MAKE,2018,Actual,P00046754,837.7,Assembly,D3E360055,NEW-CONS_FTD_FENDER_IVER2_Line_DAS_TL-Stg,FENDER OTR,12.57,15.47,1,1,DAS,77311.333,109640.97,194644.52,1.82,0.99,2.8,552752.04
gmna,MAKE,2018,Actual,P00046709,525.3,Assembly,D3E300055,NEW-CONS_FTD_FENDER_IVER2_Draw_010_DAS_TL-Stg,FENDER OTR,12.57,15.47,1,1,DAS,47981.391,14695.08,100207.48,1.71,0.51,2.21,436475.17
gmna,MAKE,2018,Actual,P00046713,482.6,Assembly,D3E360055,NEW-CONS_FTD_FENDER_IVER2_Line_DAS_TL-Stg,FENDER OTR,12.57,15.47,1,1,DAS,44539.154,84046.53,176422.69,1.91,0.89,2.81,553244.16
gmna,MAKE,2018,Actual,P00046761,321.5,Assembly,D3E360055,NEW-CONS_FTD_FENDER_IVER2_Line_DAS_TL-Stg,FENDER OTR,12.57,15.47,1,1,DAS,29477.02,66574.84,137808.95,1.37,0.7,2.07,408867.85
gmna,MAKE,2018,Actual,P00044895,1374.8,V6,D3D200105,CONS_FTD_V3-V6_ITERATIONS_UNDER_5.0_FSD'S_TOOLSET,REAR CMPT PAN,4.51,5.64,1,1,DD,126883.172,,,,,,
gmna,MAKE,2018,Actual,P00046519,449.5,Design,D2Y350140,NEW_DSGN_FTD_LINE_CAM_FENDER_CATEGORY-2,FENDER OTR,12.57,15.47,6,6,DSGN,30296.3,71840.94,155825.22,1.89,0.79,2.68,527908.43
gmna,MAKE,2018,Actual,P00046710,170.9,Foundry,D3E450260,NEW_CONS_FTD_FENDER_IVER2_PREP_DRAW,FENDER OTR,12.57,15.47,2,2,DIE-PREP,15833.885,14695.08,100207.48,1.71,0.51,2.21,436475.17
gmna,MAKE,2018,Actual,P00046714,377.5,Foundry,D3E450265,NEW_CONS_FTD_FENDER_IVER2_PREP_LINE_DIE,FENDER OTR,12.57,15.47,3,3,DIE-PREP,34839.475,84046.53,176422.69,1.91,0.89,2.81,553244.16
gmna,MAKE,2018,Actual,P00046755,528.3,Foundry,D3E450265,NEW_CONS_FTD_FENDER_IVER2_PREP_LINE_DIE,FENDER OTR,12.57,15.47,3,3,DIE-PREP,48522.44,109640.97,194644.52,1.82,0.99,2.8,552752.04
gmna,MAKE,2018,Actual,P00046765,262.5,Subassembly,D3E360055,NEW-CONS_FTD_FENDER_IVER2_Line_DAS_TL-Stg,FENDER OTR,12.57,15.47,1,1,DAS,24058.155,71840.94,155825.22,1.89,0.79,2.68,527908.43
gmna,MAKE,2018,Actual,P00046714,33.5,Process Planning,D3E450265,NEW_CONS_FTD_FENDER_IVER2_PREP_LINE_DIE,FENDER OTR,12.57,15.47,1,1,DIE-PREP,3040.72,84046.53,176422.69,1.91,0.89,2.81,553244.16
gmna,MAKE,2018,Actual,P00046766,24.1,Process Planning,D3E450265,NEW_CONS_FTD_FENDER_IVER2_PREP_LINE_DIE,FENDER OTR,12.57,15.47,1,1,DIE-PREP,2232.865,71840.94,155825.22,1.89,0.79,2.68,527908.43
gmna,MAKE,2018,Actual,P00046710,16,Process Planning,D3E450260,NEW_CONS_FTD_FENDER_IVER2_PREP_DRAW,FENDER OTR,12.57,15.47,1,1,DIE-PREP,1476.64,14695.08,100207.48,1.71,0.51,2.21,436475.17
gmna,MAKE,2018,Actual,P00046766,295.2,Patterns,D3E450265,NEW_CONS_FTD_FENDER_IVER2_PREP_LINE_DIE,FENDER OTR,12.57,15.47,2,2,DIE-PREP,27350.28,71840.94,155825.22,1.89,0.79,2.68,527908.43
gmna,MAKE,2018,Actual,P00046755,283.5,Patterns,D3E450265,NEW_CONS_FTD_FENDER_IVER2_PREP_LINE_DIE,FENDER OTR,12.57,15.47,2,2,DIE-PREP,26266.275,109640.97,194644.52,1.82,0.99,2.8,552752.04
gmna,MAKE,2018,Actual,P00046762,270.1,Patterns,D3E450265,NEW_CONS_FTD_FENDER_IVER2_PREP_LINE_DIE,FENDER OTR,12.57,15.47,2,2,DIE-PREP,25024.765,66574.84,137808.95,1.37,0.7,2.07,408867.85
gmna,MAKE,2018,Actual,P00046714,267.7,Patterns,D3E450265,NEW_CONS_FTD_FENDER_IVER2_PREP_LINE_DIE,FENDER OTR,12.57,15.47,2,2,DIE-PREP,24125.124,84046.53,176422.69,1.91,0.89,2.81,553244.16
gmna,MAKE,2018,Actual,P00046710,214.1,Patterns,D3E450260,NEW_CONS_FTD_FENDER_IVER2_PREP_DRAW,FENDER OTR,12.57,15.47,2,2,DIE-PREP,19836.365,14695.08,100207.48,1.71,0.51,2.21,436475.17
gmna,MAKE,2018,Actual,P00046754,602,Initial Machining,D3E360055,NEW-CONS_FTD_FENDER_IVER2_Line_DAS_TL-Stg,FENDER OTR,12.57,15.47,1,1,DAS,55364.175,109640.97,194644.52,1.82,0.99,2.8,552752.04
gmna,MAKE,2018,Actual,P00046709,562.3,Initial Machining,D3E300055,NEW-CONS_FTD_FENDER_IVER2_Draw_010_DAS_TL-Stg,FENDER OTR,12.57,15.47,1,1,DAS,52097.095,14695.08,100207.48,1.71,0.51,2.21,436475.17
gmna,MAKE,2018,Actual,P00046765,333.4,Initial Machining,D3E360055,NEW-CONS_FTD_FENDER_IVER2_Line_DAS_TL-Stg,FENDER OTR,12.57,15.47,1,1,DAS,30182.153,71840.94,155825.22,1.89,0.79,2.68,527908.43
gmna,MAKE,2018,Actual,P00046761,244.1,Initial Machining,D3E360055,NEW-CONS_FTD_FENDER_IVER2_Line_DAS_TL-Stg,FENDER OTR,12.57,15.47,1,1,DAS,22169.642,66574.84,137808.95,1.37,0.7,2.07,408867.85
gmna,MAKE,2018,Actual,P00044895,23,Iteration,D3D200105,CONS_FTD_V3-V6_ITERATIONS_UNDER_5.0_FSD'S_TOOLSET,REAR CMPT PAN,4.51,5.64,2,2,DD,2126.81,,,,,,
gmna,MAKE,2018,Actual,P00044798,450.8,Total,D3E450265,NEW_CONS_FTD_FENDER_IVER2_PREP_LINE_DIE,FENDER OTR,5.7,7.67,6,6,DIE-PREP,41766.62,37937.9,71388.68,0.98,0.36,1.34,264772.2
gmna,MAKE,2018,Actual,P00044895,1895.3,Iteration,D3D200105,CONS_FTD_V3-V6_ITERATIONS_UNDER_5.0_FSD'S_TOOLSET,REAR CMPT PAN,4.51,5.64,2,2,DD,174676.024,,,,,,
gmna,MAKE,2018,Actual,P00044895,745.3,Iteration,D3D200105,CONS_FTD_V3-V6_ITERATIONS_UNDER_5.0_FSD'S_TOOLSET,REAR CMPT PAN,4.51,5.64,2,2,DD,68664.97,,,,,,
gmna,MAKE,2018,Actual,P00046563,509,Assembly,D3N300055,NEW-CONS_FTD_ROOF_FSD'S_DRAW_LINE_DAS_TL-Stg,ROOF,13.44,20.94,1,1,DAS,46133.947,122297.09,200232.32,1.45,1.02,2.47,487039.05
gmna,MAKE,2018,Actual,P00046554,943.7,Assembly,D3N300055,NEW-CONS_FTD_ROOF_FSD'S_DRAW_LINE_DAS_TL-Stg,ROOF,13.44,20.94,1,1,DAS,85249.909,10479.03,102273.36,2.06,0.52,2.58,508340.65
gmna,MAKE,2018,Actual,P00046495,320.2,Design,D2Y300700,NEW_DSGN_FTD_DRAW-010_FSD'S_ROOF,ROOF,13.44,20.94,5,5,DSGN,21581.48,10479.03,102273.36,2.06,0.52,2.58,508340.65
gmna,MAKE,2018,Actual,P00046496,398.9,Design,D2Y350560,NEW_DSGN_FTD_LINE_FSD'S_ROOF,ROOF,13.44,20.94,6,6,DSGN,26885.86,109764.77,236908.36,2.25,1.2,3.45,681177.29
gmna,MAKE,2018,Actual,P00046497,432.1,Design,D2Y350560,NEW_DSGN_FTD_LINE_FSD'S_ROOF,ROOF,13.44,20.94,6,6,DSGN,29123.54,122297.09,200232.32,1.45,1.02,2.47,487039.05
gmna,MAKE,2018,Actual,P00046498,453.6,Design,D2Y350560,NEW_DSGN_FTD_LINE_FSD'S_ROOF,ROOF,13.44,20.94,6,6,DSGN,30572.64,147781.94,226653.95,1.23,1.15,2.38,469687.82
gmna,MAKE,2018,Actual,P00046554,216.1,Final Machining,D3N300055,NEW-CONS_FTD_ROOF_FSD'S_DRAW_LINE_DAS_TL-Stg,ROOF,13.44,20.94,1,1,DAS,20021.665,10479.03,102273.36,2.06,0.52,2.58,508340.65
gmna,MAKE,2018,Actual,P00046707,412.8,Design,D2Y350560,NEW_DSGN_FTD_LINE_FSD'S_ROOF,ROOF,13.44,20.94,6,6,DSGN,27822.72,113585.5,187840.17,1.61,0.95,2.56,505298.44
gmna,Make,2018,Actual,P00046781,260.8,Total,D3K450275,NEW_CONS_FTD_ROOF_LINE_FSDS_PREP,ROOF REINF,3.78,5.28,6,6,DIE-PREP,24036.62,7736.91,40824.07,0.7,0.21,0.91,178973.87
gmna,Make,2018,Actual,P00046770,269.3,Total,D3K450270,NEW_CONS_FTD_ROOF_DRAW_FSDS_PREP,ROOF REINF,3.78,5.28,5,5,DIE-PREP,24944.885,5563.96,59156.89,0.79,0.3,1.09,214985.52
gmna,Make,2018,Actual,P00046776,364,Total,D3K450275,NEW_CONS_FTD_ROOF_LINE_FSDS_PREP,ROOF REINF,3.78,5.28,6,6,DIE-PREP,33724.6,9414.2,46462.79,0.63,0.24,0.87,171521.15
gmna,Make,2018,Actual,P00046528,366.2,Total,D2Y350560,NEW_DSGN_FTD_LINE_FSD'S_ROOF,ROOF REINF,3.78,5.28,6,6,DSGN,24681.88,11519.44,48179.86,0.66,0.24,0.91,178679.17
gmna,Make,2018,Actual,P00046520,367.3,Total,D2Y300700,NEW_DSGN_FTD_DRAW-010_FSD'S_ROOF,ROOF REINF,3.78,5.28,5,5,DSGN,24756.02,5563.96,59156.89,0.79,0.3,1.09,214985.52
gmna,Make,2018,Actual,P00046785,400.2,Total,D3N300055,NEW-CONS_FTD_ROOF_FSD'S_DRAW_LINE_DAS_TL-Stg,ROOF REINF,3.78,5.28,4,4,DAS,36943.891,11519.44,48179.86,0.66,0.24,0.91,178679.17
gmna,Make,2018,Actual,P00046521,422.1,Total,D2Y350560,NEW_DSGN_FTD_LINE_FSD'S_ROOF,ROOF REINF,3.78,5.28,6,6,DSGN,28449.54,9414.2,46462.79,0.63,0.24,0.87,171521.15
gmna,Make,2018,Actual,P00046786,424.6,Total,D3K450275,NEW_CONS_FTD_ROOF_LINE_FSDS_PREP,ROOF REINF,3.78,5.28,6,6,DIE-PREP,39330.55,11519.44,48179.86,0.66,0.24,0.91,178679.17
gmna,Make,2018,Actual,P00046522,430.7,Total,D2Y350560,NEW_DSGN_FTD_LINE_FSD'S_ROOF,ROOF REINF,3.78,5.28,6,6,DSGN,29029.18,7736.91,40824.07,0.7,0.21,0.91,178973.87
gmna,Make,2018,Actual,P00046775,544.5,Total,D3N300055,NEW-CONS_FTD_ROOF_FSD'S_DRAW_LINE_DAS_TL-Stg,ROOF REINF,3.78,5.28,4,4,DAS,50184.805,9414.2,46462.79,0.63,0.24,0.87,171521.15
gmna,Make,2018,Actual,P00046769,751.6,Total,D3N300055,NEW-CONS_FTD_ROOF_FSD'S_DRAW_LINE_DAS_TL-Stg,ROOF REINF,3.78,5.28,4,4,DAS,69320.502,5563.96,59156.89,0.79,0.3,1.09,214985.52
gmna,MAKE,2018,Actual,P00044895,135.5,Iteration,D3D200105,CONS_FTD_V3-V6_ITERATIONS_UNDER_5.0_FSD'S_TOOLSET,REAR CMPT PAN,4.51,5.64,2,2,DD,12503.475,,,,,,
gmna,MAKE,2018,Actual,P00042586,250.5,V2,D3J350080,CONS_FTD_ALL_UB_UNDER_5_FSD'S_Line_V2_TOOL,REAR CMPT PAN,4.51,5.64,1,1,V2,23208.825,12487.03,46539.58,0.73,0.24,0.97,190822.01
gmna,MAKE,2018,Actual,P00043232,191.9,V2,D3J350080,CONS_FTD_ALL_UB_UNDER_5_FSD'S_Line_V2_TOOL,REAR CMPT PAN,4.51,5.64,1,1,V2,17779.535,14414.86,45762.1,0.54,0.23,0.78,153191.77
gmna,MAKE,2018,Actual,P00042580,1426.5,V1,D3J300080,CONS_FTD_UNDER_5.0_FSD'S_DRAW-010_V1_TOOL,REAR CMPT PAN,4.51,5.64,1,1,V1,132124.745,33007.64,140914.63,1.09,0.71,1.8,355243.09
gmna,MAKE,2018,Actual,P00044895,8,Iteration,D3D200105,CONS_FTD_V3-V6_ITERATIONS_UNDER_5.0_FSD'S_TOOLSET,REAR CMPT PAN,4.51,5.64,2,2,DD,741.2,,,,,,
gmna,MAKE,2018,Actual,P00044793,447.3,Total,D3E450260,NEW_CONS_FTD_FENDER_IVER2_PREP_DRAW,FENDER OTR,5.7,7.67,5,5,DIE-PREP,41442.345,17675.39,51060.2,1.03,0.26,1.29,254192.36
gmna,MAKE,2018,Actual,P00044806,429.8,Total,D3E350080,CONS_FTD_FENDER_IVER2_Line_V2_TOOL,FENDER OTR,5.7,7.67,1,1,V2,39127.556,39807.25,68730.49,1,0.35,1.35,266345.13
gmna,Make,2018,Actual,P00044298,206.3,Patterns,D3I450275,NEW_CONS_FTD_MISC_LINE_BETWEEN_5.0_7.0_FSDS_PREP,FRONT FLOOR,5.91,8.96,2,2,DIE-PREP,19113.695,37290.85,111720.07,1.01,0.57,1.57,310154.41
gmna,Make,2018,Actual,P00044295,309.5,Patterns,D3I450275,NEW_CONS_FTD_MISC_LINE_BETWEEN_5.0_7.0_FSDS_PREP,FRONT FLOOR,5.91,8.96,2,2,DIE-PREP,28675.175,24486.68,99332.39,1.35,0.5,1.85,365731.44
gmna,Make,2018,Actual,P00044292,324.3,Patterns,D3I450270,NEW_CONS_FTD_MISC_DRAW_BETWEEN_5.0_7.0_FSDS_PREP,FRONT FLOOR,5.91,8.96,2,2,DIE-PREP,30046.395,13605.14,107317.6,1.95,0.54,2.49,491811.83
gmna,Make,2018,Actual,P00046807,251.5,Assembly,D3L300055,NEW-CONS_FTD_UB_BETWN_5.0_7.0_FSD'S_DRAW_LINE_DAS_TL-Stg,ROOF REINF,4.41,5.68,1,1,DAS,23192.115,7710.93,46294.1,0.59,0.23,0.82,162193.07
gmna,MAKE,2018,Actual,P00044743,1079.5,Iteration,D3D200105,CONS_FTD_V3-V6_ITERATIONS_UNDER_5.0_FSD'S_TOOLSET,REAR FLOOR,4.04,5.64,2,2,DD,100015.675,,,,,,
gmna,MAKE,2018,Actual,P00044743,8,Iteration,D3D200105,CONS_FTD_V3-V6_ITERATIONS_UNDER_5.0_FSD'S_TOOLSET,REAR FLOOR,4.04,5.64,2,2,DD,741.2,,,,,,
gmna,Make,2018,Actual,P00046769,300.1,Subassembly,D3N300055,NEW-CONS_FTD_ROOF_FSD'S_DRAW_LINE_DAS_TL-Stg,ROOF REINF,3.78,5.28,1,1,DAS,27711.667,5563.96,59156.89,0.79,0.3,1.09,214985.52
gmna,Make,2018,Actual,P00046785,94.1,Subassembly,D3N300055,NEW-CONS_FTD_ROOF_FSD'S_DRAW_LINE_DAS_TL-Stg,ROOF REINF,3.78,5.28,1,1,DAS,8693.922,11519.44,48179.86,0.66,0.24,0.91,178679.17
gmna,Make,2018,Actual,P00046786,24,Process Planning,D3K450275,NEW_CONS_FTD_ROOF_LINE_FSDS_PREP,ROOF REINF,3.78,5.28,1,1,DIE-PREP,2214.96,11519.44,48179.86,0.66,0.24,0.91,178679.17
gmna,Make,2018,Actual,P00046786,163.7,Patterns,D3K450275,NEW_CONS_FTD_ROOF_LINE_FSDS_PREP,ROOF REINF,3.78,5.28,2,2,DIE-PREP,15166.805,11519.44,48179.86,0.66,0.24,0.91,178679.17
gmna,Make,2018,Actual,P00046781,132.9,Patterns,D3K450275,NEW_CONS_FTD_ROOF_LINE_FSDS_PREP,ROOF REINF,3.78,5.28,2,2,DIE-PREP,12313.185,7736.91,40824.07,0.7,0.21,0.91,178973.87
gmna,Make,2018,Actual,P00046770,118.4,Patterns,D3K450270,NEW_CONS_FTD_ROOF_DRAW_FSDS_PREP,ROOF REINF,3.78,5.28,2,2,DIE-PREP,10969.76,5563.96,59156.89,0.79,0.3,1.09,214985.52
gmna,Make,2018,Actual,P00046769,93,Initial Machining,D3N300055,NEW-CONS_FTD_ROOF_FSD'S_DRAW_LINE_DAS_TL-Stg,ROOF REINF,3.78,5.28,1,1,DAS,8616.45,5563.96,59156.89,0.79,0.3,1.09,214985.52
gmna,Make,2018,Actual,P00044298,315.5,Foundry,D3I450275,NEW_CONS_FTD_MISC_LINE_BETWEEN_5.0_7.0_FSDS_PREP,FRONT FLOOR,5.91,8.96,3,3,DIE-PREP,29231.075,37290.85,111720.07,1.01,0.57,1.57,310154.41
gmna,Make,2018,Actual,P00044295,227,Foundry,D3I450275,NEW_CONS_FTD_MISC_LINE_BETWEEN_5.0_7.0_FSDS_PREP,FRONT FLOOR,5.91,8.96,3,3,DIE-PREP,21031.55,24486.68,99332.39,1.35,0.5,1.85,365731.44
gmna,Make,2018,Actual,P00044298,576.8,Total,D3I450275,NEW_CONS_FTD_MISC_LINE_BETWEEN_5.0_7.0_FSDS_PREP,FRONT FLOOR,5.91,8.96,6,6,DIE-PREP,53440.52,37290.85,111720.07,1.01,0.57,1.57,310154.41
gmna,Make,2018,Actual,P00044295,561,Total,D3I450275,NEW_CONS_FTD_MISC_LINE_BETWEEN_5.0_7.0_FSDS_PREP,FRONT FLOOR,5.91,8.96,6,6,DIE-PREP,51976.65,24486.68,99332.39,1.35,0.5,1.85,365731.44
gmna,Make,2018,Actual,P00044292,423.3,Total,D3I450270,NEW_CONS_FTD_MISC_DRAW_BETWEEN_5.0_7.0_FSDS_PREP,FRONT FLOOR,5.91,8.96,5,5,DIE-PREP,39218.745,13605.14,107317.6,1.95,0.54,2.49,491811.83
gmna,Make,2018,Actual,P00044062,342.1,Total,D2Y350520,NEW_DSGN_FTD_LINE_FSD'S_BETWEEN_5.0_7.0,FRONT FLOOR,5.91,8.96,6,6,DSGN,23057.54,24486.68,99332.39,1.35,0.5,1.85,365731.44
gmna,Make,2018,Actual,P00044063,339.7,Total,D2Y350520,NEW_DSGN_FTD_LINE_FSD'S_BETWEEN_5.0_7.0,FRONT FLOOR,5.91,8.96,6,6,DSGN,22895.78,37290.85,111720.07,1.01,0.57,1.57,310154.41
gmna,Make,2018,Actual,P00044061,297,Total,D2Y300800,NEW_DSGN_FTD_DRAW-010_FSD'S_BETWEEN_5.0_7.0,FRONT FLOOR,5.91,8.96,5,5,DSGN,20017.8,13605.14,107317.6,1.95,0.54,2.49,491811.83
gmna,Make,2018,Actual,P00055853,157.9,Total,D5Z450025,"Program, Machining, Assembly",FRONT FLOOR,5.91,8.96,3,3,TOOL,14725.754,24486.68,99332.39,1.35,0.5,1.85,365731.44
gmna,Make,2018,Actual,P00055851,118.5,Total,D5Z450025,"Program, Machining, Assembly",FRONT FLOOR,5.91,8.96,3,3,TOOL,11051.31,13605.14,107317.6,1.95,0.54,2.49,491811.83
gmna,Make,2018,Actual,P00044297,297,Subassembly,D3L300055,NEW-CONS_FTD_UB_BETWN_5.0_7.0_FSD'S_DRAW_LINE_DAS_TL-Stg,FRONT FLOOR,5.91,8.96,1,1,DAS,27517.05,37290.85,111720.07,1.01,0.57,1.57,310154.41
gmna,Make,2018,Actual,P00044291,275.5,Subassembly,D3L300055,NEW-CONS_FTD_UB_BETWN_5.0_7.0_FSD'S_DRAW_LINE_DAS_TL-Stg,FRONT FLOOR,5.91,8.96,1,1,DAS,25525.075,13605.14,107317.6,1.95,0.54,2.49,491811.83
gmna,Make,2018,Actual,P00044294,252.8,Subassembly,D3L300055,NEW-CONS_FTD_UB_BETWN_5.0_7.0_FSD'S_DRAW_LINE_DAS_TL-Stg,FRONT FLOOR,5.91,8.96,1,1,DAS,23421.92,24486.68,99332.39,1.35,0.5,1.85,365731.44
gmna,Make,2018,Actual,P00055853,114.9,Subassembly,D5Z450025,"Program, Machining, Assembly",FRONT FLOOR,5.91,8.96,1,1,TOOL,10715.574,24486.68,99332.39,1.35,0.5,1.85,365731.44
gmna,Make,2018,Actual,P00044298,55,Process Planning,D3I450275,NEW_CONS_FTD_MISC_LINE_BETWEEN_5.0_7.0_FSDS_PREP,FRONT FLOOR,5.91,8.96,1,1,DIE-PREP,5095.75,37290.85,111720.07,1.01,0.57,1.57,310154.41
gmna,Make,2018,Actual,P00044295,24.5,Process Planning,D3I450275,NEW_CONS_FTD_MISC_LINE_BETWEEN_5.0_7.0_FSDS_PREP,FRONT FLOOR,5.91,8.96,1,1,DIE-PREP,2269.925,24486.68,99332.39,1.35,0.5,1.85,365731.44
gmna,Make,2018,Actual,P00044292,17,Process Planning,D3I450270,NEW_CONS_FTD_MISC_DRAW_BETWEEN_5.0_7.0_FSDS_PREP,FRONT FLOOR,5.91,8.96,1,1,DIE-PREP,1575.05,13605.14,107317.6,1.95,0.54,2.49,491811.83
gmna,Make,2018,Actual,P00056210,16,Process Planning,D5Z450810,FTD_RW_PROCESSPLANNING,FRONT FLOOR,5.91,8.96,1,1,TOOL,1492.16,13605.14,107317.6,1.95,0.54,2.49,491811.83
gmna,MAKE,2018,Actual,P00044743,147.5,V6,D3D200105,CONS_FTD_V3-V6_ITERATIONS_UNDER_5.0_FSD'S_TOOLSET,REAR FLOOR,4.04,5.64,1,1,DD,13644.275,,,,,,
gmna,MAKE,2018,Actual,P00044743,34.5,Iteration,D3D200105,CONS_FTD_V3-V6_ITERATIONS_UNDER_5.0_FSD'S_TOOLSET,REAR FLOOR,4.04,5.64,2,2,DD,3184.005,,,,,,
gmna,MAKE,2018,Actual,P00044743,431,Iteration,D3D200105,CONS_FTD_V3-V6_ITERATIONS_UNDER_5.0_FSD'S_TOOLSET,REAR FLOOR,4.04,5.64,2,2,DD,39932.15,,,,,,
gmna,MAKE,2018,Actual,P00044743,51.5,Iteration,D3D200105,CONS_FTD_V3-V6_ITERATIONS_UNDER_5.0_FSD'S_TOOLSET,REAR FLOOR,4.04,5.64,2,2,DD,4771.475,,,,,,
gmna,Make,2018,Actual,P00044292,82,Foundry,D3I450270,NEW_CONS_FTD_MISC_DRAW_BETWEEN_5.0_7.0_FSDS_PREP,FRONT FLOOR,5.91,8.96,2,2,DIE-PREP,7597.3,13605.14,107317.6,1.95,0.54,2.49,491811.83
gmna,Make,2018,Actual,P00046776,176,Foundry,D3K450275,NEW_CONS_FTD_ROOF_LINE_FSDS_PREP,ROOF REINF,3.78,5.28,3,3,DIE-PREP,16306.4,9414.2,46462.79,0.63,0.24,0.87,171521.15
gmna,Make,2018,Actual,P00046770,150.9,Foundry,D3K450270,NEW_CONS_FTD_ROOF_DRAW_FSDS_PREP,ROOF REINF,3.78,5.28,3,3,DIE-PREP,13975.125,5563.96,59156.89,0.79,0.3,1.09,214985.52
gmna,Make,2018,Actual,P00046781,127.9,Foundry,D3K450275,NEW_CONS_FTD_ROOF_LINE_FSDS_PREP,ROOF REINF,3.78,5.28,3,3,DIE-PREP,11723.435,7736.91,40824.07,0.7,0.21,0.91,178973.87
gmna,Make,2018,Actual,P00046808,83,Foundry,D3I450275,NEW_CONS_FTD_MISC_LINE_BETWEEN_5.0_7.0_FSDS_PREP,ROOF REINF,4.41,5.68,3,3,DIE-PREP,7479.96,7710.93,46294.1,0.59,0.23,0.82,162193.07
gmna,Make,2018,Actual,P00046799,146.1,Foundry,D3I450275,NEW_CONS_FTD_MISC_LINE_BETWEEN_5.0_7.0_FSDS_PREP,ROOF REINF,4.41,5.68,3,3,DIE-PREP,13533.635,9894.55,48582.52,1.01,0.25,1.25,247265.41
gmna,Make,2018,Actual,P00046807,71.3,Initial Machining,D3L300055,NEW-CONS_FTD_UB_BETWN_5.0_7.0_FSD'S_DRAW_LINE_DAS_TL-Stg,ROOF REINF,4.41,5.68,1,1,DAS,6578.685,7710.93,46294.1,0.59,0.23,0.82,162193.07
gmna,Make,2018,Actual,P00046799,112.8,Patterns,D3I450275,NEW_CONS_FTD_MISC_LINE_BETWEEN_5.0_7.0_FSDS_PREP,ROOF REINF,4.41,5.68,2,2,DIE-PREP,10450.92,9894.55,48582.52,1.01,0.25,1.25,247265.41
gmna,Make,2018,Actual,P00046803,119.9,Patterns,D3I450275,NEW_CONS_FTD_MISC_LINE_BETWEEN_5.0_7.0_FSDS_PREP,ROOF REINF,4.41,5.68,2,2,DIE-PREP,11108.735,11570.18,49855.48,0.81,0.25,1.06,209952.2
gmna,Make,2018,Actual,P00046808,123.4,Patterns,D3I450275,NEW_CONS_FTD_MISC_LINE_BETWEEN_5.0_7.0_FSDS_PREP,ROOF REINF,4.41,5.68,2,2,DIE-PREP,11433.01,7710.93,46294.1,0.59,0.23,0.82,162193.07
gmna,Make,2018,Actual,P00046793,129.3,Patterns,D3I450270,NEW_CONS_FTD_MISC_DRAW_BETWEEN_5.0_7.0_FSDS_PREP,ROOF REINF,4.41,5.68,2,2,DIE-PREP,11979.645,4808.66,62549.11,0.97,0.32,1.28,253125.97
gmna,Make,2018,Actual,P00046793,10,Process Planning,D3I450270,NEW_CONS_FTD_MISC_DRAW_BETWEEN_5.0_7.0_FSDS_PREP,ROOF REINF,4.41,5.68,1,1,DIE-PREP,926.5,4808.66,62549.11,0.97,0.32,1.28,253125.97
gmna,Make,2018,Actual,P00046808,21.6,Process Planning,D3I450275,NEW_CONS_FTD_MISC_LINE_BETWEEN_5.0_7.0_FSDS_PREP,ROOF REINF,4.41,5.68,1,1,DIE-PREP,2000.228,7710.93,46294.1,0.59,0.23,0.82,162193.07
gmna,Make,2018,Actual,P00046803,46.3,Process Planning,D3I450275,NEW_CONS_FTD_MISC_LINE_BETWEEN_5.0_7.0_FSDS_PREP,ROOF REINF,4.41,5.68,1,1,DIE-PREP,4280.407,11570.18,49855.48,0.81,0.25,1.06,209952.2
gmna,Make,2018,Actual,P00046807,112.5,Subassembly,D3L300055,NEW-CONS_FTD_UB_BETWN_5.0_7.0_FSD'S_DRAW_LINE_DAS_TL-Stg,ROOF REINF,4.41,5.68,1,1,DAS,10271.955,7710.93,46294.1,0.59,0.23,0.82,162193.07
gmna,Make,2018,Actual,P00046792,251.6,Subassembly,D3L300055,NEW-CONS_FTD_UB_BETWN_5.0_7.0_FSD'S_DRAW_LINE_DAS_TL-Stg,ROOF REINF,4.41,5.68,1,1,DAS,23310.74,4808.66,62549.11,0.97,0.32,1.28,253125.97
gmna,Make,2018,Actual,P00046798,341,Subassembly,D3L300055,NEW-CONS_FTD_UB_BETWN_5.0_7.0_FSD'S_DRAW_LINE_DAS_TL-Stg,ROOF REINF,4.41,5.68,1,1,DAS,31530.4,9894.55,48582.52,1.01,0.25,1.25,247265.41
gmna,Make,2018,Actual,P00046808,228,Total,D3I450275,NEW_CONS_FTD_MISC_LINE_BETWEEN_5.0_7.0_FSDS_PREP,ROOF REINF,4.41,5.68,6,6,DIE-PREP,20913.198,7710.93,46294.1,0.59,0.23,0.82,162193.07
gmna,Make,2018,Actual,P00046803,242.7,Total,D3I450275,NEW_CONS_FTD_MISC_LINE_BETWEEN_5.0_7.0_FSDS_PREP,ROOF REINF,4.41,5.68,6,6,DIE-PREP,22421.207,11570.18,49855.48,0.81,0.25,1.06,209952.2
gmna,Make,2018,Actual,P00046799,258.9,Total,D3I450275,NEW_CONS_FTD_MISC_LINE_BETWEEN_5.0_7.0_FSDS_PREP,ROOF REINF,4.41,5.68,6,6,DIE-PREP,23984.555,9894.55,48582.52,1.01,0.25,1.25,247265.41
gmna,Make,2018,Actual,P00046527,349.7,Total,D2Y350520,NEW_DSGN_FTD_LINE_FSD'S_BETWEEN_5.0_7.0,ROOF REINF,4.41,5.68,6,6,DSGN,23569.78,7710.93,46294.1,0.59,0.23,0.82,162193.07
gmna,Make,2018,Actual,P00046524,356.3,Total,D2Y300800,NEW_DSGN_FTD_DRAW-010_FSD'S_BETWEEN_5.0_7.0,ROOF REINF,4.41,5.68,5,5,DSGN,24014.62,4808.66,62549.11,0.97,0.32,1.28,253125.97
gmna,MAKE,2018,Actual,P00044800,446.3,Total,D2Y350140,NEW_DSGN_FTD_LINE_CAM_FENDER_CATEGORY-2,FENDER OTR,5.7,7.67,6,6,DSGN,30080.62,37937.9,71388.68,0.98,0.36,1.34,264772.2
gmna,Make,2018,Actual,P00046803,76.5,Foundry,D3I450275,NEW_CONS_FTD_MISC_LINE_BETWEEN_5.0_7.0_FSDS_PREP,ROOF REINF,4.41,5.68,3,3,DIE-PREP,7032.065,11570.18,49855.48,0.81,0.25,1.06,209952.2
gmna,Make,2018,Actual,P00046792,288.3,Final Machining,D3L300055,NEW-CONS_FTD_UB_BETWN_5.0_7.0_FSD'S_DRAW_LINE_DAS_TL-Stg,ROOF REINF,4.41,5.68,1,1,DAS,26710.995,4808.66,62549.11,0.97,0.32,1.28,253125.97
gmna,Make,2018,Actual,P00046769,152.5,Final Machining,D3N300055,NEW-CONS_FTD_ROOF_FSD'S_DRAW_LINE_DAS_TL-Stg,ROOF REINF,3.78,5.28,1,1,DAS,14129.125,5563.96,59156.89,0.79,0.3,1.09,214985.52
gmna,Make,2018,Actual,P00046775,89,Final Machining,D3N300055,NEW-CONS_FTD_ROOF_FSD'S_DRAW_LINE_DAS_TL-Stg,ROOF REINF,3.78,5.28,1,1,DAS,8245.85,9414.2,46462.79,0.63,0.24,0.87,171521.15
gmna,Make,2018,Actual,P00046780,282.7,Assembly,D3N300055,NEW-CONS_FTD_ROOF_FSD'S_DRAW_LINE_DAS_TL-Stg,ROOF REINF,3.78,5.28,1,1,DAS,26090.383,7736.91,40824.07,0.7,0.21,0.91,178973.87
gmna,Make,2018,Actual,P00046785,224.1,Assembly,D3N300055,NEW-CONS_FTD_ROOF_FSD'S_DRAW_LINE_DAS_TL-Stg,ROOF REINF,3.78,5.28,1,1,DAS,20682.189,11519.44,48179.86,0.66,0.24,0.91,178679.17
gmna,Make,2018,Actual,P00046775,140,Assembly,D3N300055,NEW-CONS_FTD_ROOF_FSD'S_DRAW_LINE_DAS_TL-Stg,ROOF REINF,3.78,5.28,1,1,DAS,12748.36,9414.2,46462.79,0.63,0.24,0.87,171521.15
gmna,Make,2018,Actual,P00044297,793.7,Total,D3L300055,NEW-CONS_FTD_UB_BETWN_5.0_7.0_FSD'S_DRAW_LINE_DAS_TL-Stg,FRONT FLOOR,5.91,8.96,4,4,DAS,73536.305,37290.85,111720.07,1.01,0.57,1.57,310154.41
gmna,Make,2018,Actual,P00046798,550,Total,D3L300055,NEW-CONS_FTD_UB_BETWN_5.0_7.0_FSD'S_DRAW_LINE_DAS_TL-Stg,ROOF REINF,4.41,5.68,4,4,DAS,50431.26,9894.55,48582.52,1.01,0.25,1.25,247265.41
gmna,Make,2018,Actual,P00046807,503.8,Total,D3L300055,NEW-CONS_FTD_UB_BETWN_5.0_7.0_FSD'S_DRAW_LINE_DAS_TL-Stg,ROOF REINF,4.41,5.68,4,4,DAS,46364.62,7710.93,46294.1,0.59,0.23,0.82,162193.07
gmna,Make,2018,Actual,P00046793,420.3,Total,D3I450270,NEW_CONS_FTD_MISC_DRAW_BETWEEN_5.0_7.0_FSDS_PREP,ROOF REINF,4.41,5.68,5,5,DIE-PREP,38940.795,4808.66,62549.11,0.97,0.32,1.28,253125.97
gmna,Make,2018,Actual,P00046525,400.5,Total,D2Y350520,NEW_DSGN_FTD_LINE_FSD'S_BETWEEN_5.0_7.0,ROOF REINF,4.41,5.68,6,6,DSGN,26993.7,9894.55,48582.52,1.01,0.25,1.25,247265.41
gmna,Make,2018,Actual,P00046526,379.1,Total,D2Y350520,NEW_DSGN_FTD_LINE_FSD'S_BETWEEN_5.0_7.0,ROOF REINF,4.41,5.68,6,6,DSGN,25551.34,11570.18,49855.48,0.81,0.25,1.06,209952.2
gmna,Make,2018,Actual,P00046792,402.7,Assembly,D3L300055,NEW-CONS_FTD_UB_BETWN_5.0_7.0_FSD'S_DRAW_LINE_DAS_TL-Stg,ROOF REINF,4.41,5.68,1,1,DAS,37310.155,4808.66,62549.11,0.97,0.32,1.28,253125.97
gmna,Make,2018,Actual,P00046524,356.3,Design,D2Y300800,NEW_DSGN_FTD_DRAW-010_FSD'S_BETWEEN_5.0_7.0,ROOF REINF,4.41,5.68,5,5,DSGN,24014.62,4808.66,62549.11,0.97,0.32,1.28,253125.97
gmna,Make,2018,Actual,P00046807,68.5,Final Machining,D3L300055,NEW-CONS_FTD_UB_BETWN_5.0_7.0_FSD'S_DRAW_LINE_DAS_TL-Stg,ROOF REINF,4.41,5.68,1,1,DAS,6321.865,7710.93,46294.1,0.59,0.23,0.82,162193.07
gmna,Make,2018,Actual,P00046802,590,Total,D3L300055,NEW-CONS_FTD_UB_BETWN_5.0_7.0_FSD'S_DRAW_LINE_DAS_TL-Stg,ROOF REINF,4.41,5.68,4,4,DAS,54112.405,11570.18,49855.48,0.81,0.25,1.06,209952.2
gmna,Make,2018,Actual,P00044294,1134.9,Total,D3L300055,NEW-CONS_FTD_UB_BETWN_5.0_7.0_FSD'S_DRAW_LINE_DAS_TL-Stg,FRONT FLOOR,5.91,8.96,4,4,DAS,104964.048,24486.68,99332.39,1.35,0.5,1.85,365731.44
gmna,Make,2018,Actual,P00046769,206,Assembly,D3N300055,NEW-CONS_FTD_ROOF_FSD'S_DRAW_LINE_DAS_TL-Stg,ROOF REINF,3.78,5.28,1,1,DAS,18863.26,5563.96,59156.89,0.79,0.3,1.09,214985.52
gmna,MAKE,2018,Actual,P00049142,434.8,Total,D3E450265,NEW_CONS_FTD_FENDER_IVER2_PREP_LINE_DIE,FENDER OTR,10.83,14.69,6,6,REPLACED,40127.692,89311.12,173967.87,1.73,0.88,2.62,516015.91
gmna,MAKE,2018,Actual,P00044797,261.5,Final Machining,D3E360055,NEW-CONS_FTD_FENDER_IVER2_Line_DAS_TL-Stg,FENDER OTR,5.7,7.67,1,1,DAS,24227.975,37937.9,71388.68,0.98,0.36,1.34,264772.2
gmna,MAKE,2018,Actual,P00044810,477.9,Design,D2Y350140,NEW_DSGN_FTD_LINE_CAM_FENDER_CATEGORY-2,FENDER OTR,5.7,7.67,6,6,DSGN,32210.46,75506.6,105683.21,1.19,0.54,1.72,339717.84
gmna,MAKE,2018,Actual,P00044804,383.3,Design,D2Y350140,NEW_DSGN_FTD_LINE_CAM_FENDER_CATEGORY-2,FENDER OTR,5.7,7.67,6,6,DSGN,25834.42,39807.25,68730.49,1,0.35,1.35,266345.13
gmna,MAKE,2018,Actual,P00044795,344.3,Design,D2Y300060,NEW_DSGN_FTD_DRAW-010_FENDER_CATEGORY-2,FENDER OTR,5.7,7.67,5,5,DSGN,23205.82,17675.39,51060.2,1.03,0.26,1.29,254192.36
gmna,MAKE,2018,Actual,P00045659,496.4,Assembly,D3E360055,NEW-CONS_FTD_FENDER_IVER2_Line_DAS_TL-Stg,FENDER OTR,5.7,7.67,1,1,DAS,45991.46,39807.25,68730.49,1,0.35,1.35,266345.13
gmna,MAKE,2018,Actual,P00044807,438.4,Assembly,D3E360055,NEW-CONS_FTD_FENDER_IVER2_Line_DAS_TL-Stg,FENDER OTR,5.7,7.67,1,1,DAS,40618.013,75506.6,105683.21,1.19,0.54,1.72,339717.84
gmna,MAKE,2018,Actual,P00049144,400,Total,D2Y350140,NEW_DSGN_FTD_LINE_CAM_FENDER_CATEGORY-2,FENDER OTR,10.83,14.69,6,6,DSGN,27452.548,89311.12,173967.87,1.73,0.88,2.62,516015.91
gmna,MAKE,2018,Actual,P00049131,356.2,Total,D2Y300060,NEW_DSGN_FTD_DRAW-010_FENDER_CATEGORY-2,FENDER OTR,10.83,14.69,5,5,DSGN,24381.26,13600.37,94655.27,1.5,0.48,1.98,391152.99
gmna,MAKE,2018,Actual,P00049656,304.9,Total,D3E450265,NEW_CONS_FTD_FENDER_IVER2_PREP_LINE_DIE,FENDER OTR,10.83,14.69,6,6,DIE-PREP,28139.221,89311.12,173967.87,1.73,0.88,2.62,516015.91
gmna,MAKE,2018,Actual,P00049140,303.7,Total,D3E350080,CONS_FTD_FENDER_IVER2_Line_V2_TOOL,FENDER OTR,10.83,14.69,1,1,V2,28028.473,67375.04,157590.53,1.82,0.8,2.62,516996.81
gmna,MAKE,2018,Actual,P00049149,192.9,Total,D3E450265,NEW_CONS_FTD_FENDER_IVER2_PREP_LINE_DIE,FENDER OTR,10.83,14.69,6,6,REPLACED,17802.741,116646.15,211328.01,2.54,1.07,3.61,712270.06
gmna,MAKE,2018,Actual,P00049128,204,Subassembly,D3E300055,NEW-CONS_FTD_FENDER_IVER2_Draw_010_DAS_TL-Stg,FENDER OTR,10.83,14.69,1,1,DAS,18827.16,13600.37,94655.27,1.5,0.48,1.98,391152.99
gmna,MAKE,2018,Actual,P00049141,202,Subassembly,D3E360055,NEW-CONS_FTD_FENDER_IVER2_Line_DAS_TL-Stg,FENDER OTR,10.83,14.69,1,1,DAS,18642.58,89311.12,173967.87,1.73,0.88,2.62,516015.91
gmna,MAKE,2018,Actual,P00049142,52.9,Process Planning,D3E450265,NEW_CONS_FTD_FENDER_IVER2_PREP_LINE_DIE,FENDER OTR,10.83,14.69,1,1,REPLACED,4882.141,89311.12,173967.87,1.73,0.88,2.62,516015.91
gmna,MAKE,2018,Actual,P00049654,41,Process Planning,D3E450260,NEW_CONS_FTD_FENDER_IVER2_PREP_DRAW,FENDER OTR,10.83,14.69,1,1,DIE-PREP,3783.89,13600.37,94655.27,1.5,0.48,1.98,391152.99
gmna,MAKE,2018,Actual,P00049137,41,Process Planning,D3E450265,NEW_CONS_FTD_FENDER_IVER2_PREP_LINE_DIE,FENDER OTR,10.83,14.69,1,1,REPLACED,3783.89,67375.04,157590.53,1.82,0.8,2.62,516996.81
gmna,MAKE,2018,Actual,P00049655,40.5,Process Planning,D3E450265,NEW_CONS_FTD_FENDER_IVER2_PREP_LINE_DIE,FENDER OTR,10.83,14.69,1,1,DIE-PREP,3737.745,67375.04,157590.53,1.82,0.8,2.62,516996.81
gmna,MAKE,2018,Actual,P00049149,36,Process Planning,D3E450265,NEW_CONS_FTD_FENDER_IVER2_PREP_LINE_DIE,FENDER OTR,10.83,14.69,1,1,REPLACED,3322.44,116646.15,211328.01,2.54,1.07,3.61,712270.06
gmna,MAKE,2018,Actual,P00045659,286.4,Final Machining,D3E360055,NEW-CONS_FTD_FENDER_IVER2_Line_DAS_TL-Stg,FENDER OTR,5.7,7.67,1,1,DAS,26534.96,39807.25,68730.49,1,0.35,1.35,266345.13
gmna,MAKE,2018,Actual,P00044807,380.9,Final Machining,D3E360055,NEW-CONS_FTD_FENDER_IVER2_Line_DAS_TL-Stg,FENDER OTR,5.7,7.67,1,1,DAS,35290.385,75506.6,105683.21,1.19,0.54,1.72,339717.84
gmna,MAKE,2018,Actual,P00044798,134.6,Foundry,D3E450265,NEW_CONS_FTD_FENDER_IVER2_PREP_LINE_DIE,FENDER OTR,5.7,7.67,3,3,DIE-PREP,12470.69,37937.9,71388.68,0.98,0.36,1.34,264772.2
gmna,MAKE,2018,Actual,P00044808,390.5,Total,D3E450265,NEW_CONS_FTD_FENDER_IVER2_PREP_LINE_DIE,FENDER OTR,5.7,7.67,6,6,DIE-PREP,36179.825,75506.6,105683.21,1.19,0.54,1.72,339717.84
gmna,MAKE,2018,Actual,P00044804,383.3,Total,D2Y350140,NEW_DSGN_FTD_LINE_CAM_FENDER_CATEGORY-2,FENDER OTR,5.7,7.67,6,6,DSGN,25834.42,39807.25,68730.49,1,0.35,1.35,266345.13
gmna,Make,2018,Actual,P00044291,1393.1,Total,D3L300055,NEW-CONS_FTD_UB_BETWN_5.0_7.0_FSD'S_DRAW_LINE_DAS_TL-Stg,FRONT FLOOR,5.91,8.96,4,4,DAS,129070.715,13605.14,107317.6,1.95,0.54,2.49,491811.83
gmna,MAKE,2018,Actual,P00044795,344.3,Total,D2Y300060,NEW_DSGN_FTD_DRAW-010_FENDER_CATEGORY-2,FENDER OTR,5.7,7.67,5,5,DSGN,23205.82,17675.39,51060.2,1.03,0.26,1.29,254192.36
gmna,MAKE,2018,Actual,P00044801,154.2,Total,D3E350080,CONS_FTD_FENDER_IVER2_Line_V2_TOOL,FENDER OTR,5.7,7.67,1,1,V2,13935.564,37937.9,71388.68,0.98,0.36,1.34,264772.2
gmna,MAKE,2018,Actual,P00044811,102,Total,D3E350080,CONS_FTD_FENDER_IVER2_Line_V2_TOOL,FENDER OTR,5.7,7.67,1,1,V2,9344.14,75506.6,105683.21,1.19,0.54,1.72,339717.84
gmna,MAKE,2018,Actual,P00044797,354.5,Subassembly,D3E360055,NEW-CONS_FTD_FENDER_IVER2_Line_DAS_TL-Stg,FENDER OTR,5.7,7.67,1,1,DAS,32844.425,37937.9,71388.68,0.98,0.36,1.34,264772.2
gmna,MAKE,2018,Actual,P00044807,320.4,Subassembly,D3E360055,NEW-CONS_FTD_FENDER_IVER2_Line_DAS_TL-Stg,FENDER OTR,5.7,7.67,1,1,DAS,29685.06,75506.6,105683.21,1.19,0.54,1.72,339717.84
gmna,MAKE,2018,Actual,P00044792,253,Subassembly,D3E300055,NEW-CONS_FTD_FENDER_IVER2_Draw_010_DAS_TL-Stg,FENDER OTR,5.7,7.67,1,1,DAS,23440.45,17675.39,51060.2,1.03,0.26,1.29,254192.36
gmna,MAKE,2018,Actual,P00044808,49,Process Planning,D3E450265,NEW_CONS_FTD_FENDER_IVER2_PREP_LINE_DIE,FENDER OTR,5.7,7.67,1,1,DIE-PREP,4539.85,75506.6,105683.21,1.19,0.54,1.72,339717.84
gmna,MAKE,2018,Actual,P00044793,41,Process Planning,D3E450260,NEW_CONS_FTD_FENDER_IVER2_PREP_DRAW,FENDER OTR,5.7,7.67,1,1,DIE-PREP,3798.65,17675.39,51060.2,1.03,0.26,1.29,254192.36
gmna,MAKE,2018,Actual,P00045660,16,Process Planning,D3E450265,NEW_CONS_FTD_FENDER_IVER2_PREP_LINE_DIE,FENDER OTR,5.7,7.67,1,1,DIE-PREP,1482.4,39807.25,68730.49,1,0.35,1.35,266345.13
gmna,MAKE,2018,Actual,P00044793,226.4,Patterns,D3E450260,NEW_CONS_FTD_FENDER_IVER2_PREP_DRAW,FENDER OTR,5.7,7.67,2,2,DIE-PREP,20975.96,17675.39,51060.2,1.03,0.26,1.29,254192.36
gmna,MAKE,2018,Actual,P00045660,160,Patterns,D3E450265,NEW_CONS_FTD_FENDER_IVER2_PREP_LINE_DIE,FENDER OTR,5.7,7.67,2,2,DIE-PREP,14824,39807.25,68730.49,1,0.35,1.35,266345.13
gmna,MAKE,2018,Actual,P00044807,359.4,Initial Machining,D3E360055,NEW-CONS_FTD_FENDER_IVER2_Line_DAS_TL-Stg,FENDER OTR,5.7,7.67,1,1,DAS,33298.41,75506.6,105683.21,1.19,0.54,1.72,339717.84
gmna,MAKE,2018,Actual,P00044797,310.9,Initial Machining,D3E360055,NEW-CONS_FTD_FENDER_IVER2_Line_DAS_TL-Stg,FENDER OTR,5.7,7.67,1,1,DAS,28804.885,37937.9,71388.68,0.98,0.36,1.34,264772.2
gmna,MAKE,2018,Actual,P00045659,222,Initial Machining,D3E360055,NEW-CONS_FTD_FENDER_IVER2_Line_DAS_TL-Stg,FENDER OTR,5.7,7.67,1,1,DAS,20568.3,39807.25,68730.49,1,0.35,1.35,266345.13
gmna,MAKE,2018,Actual,P00044808,221.5,Foundry,D3E450265,NEW_CONS_FTD_FENDER_IVER2_PREP_LINE_DIE,FENDER OTR,5.7,7.67,3,3,DIE-PREP,20521.975,75506.6,105683.21,1.19,0.54,1.72,339717.84
gmna,MAKE,2018,Actual,P00044793,179.9,Foundry,D3E450260,NEW_CONS_FTD_FENDER_IVER2_PREP_DRAW,FENDER OTR,5.7,7.67,2,2,DIE-PREP,16667.735,17675.39,51060.2,1.03,0.26,1.29,254192.36
gmna,MAKE,2018,Actual,P00044798,34,Process Planning,D3E450265,NEW_CONS_FTD_FENDER_IVER2_PREP_LINE_DIE,FENDER OTR,5.7,7.67,1,1,DIE-PREP,3150.1,37937.9,71388.68,0.98,0.36,1.34,264772.2
gmna,MAKE,2018,Actual,P00049654,322.7,Patterns,D3E450260,NEW_CONS_FTD_FENDER_IVER2_PREP_DRAW,FENDER OTR,10.83,14.69,2,2,DIE-PREP,29781.983,13600.37,94655.27,1.5,0.48,1.98,391152.99
gmna,MAKE,2018,Actual,P00049657,289.6,Patterns,D3E450265,NEW_CONS_FTD_FENDER_IVER2_PREP_LINE_DIE,FENDER OTR,10.83,14.69,2,2,DIE-PREP,26727.184,116646.15,211328.01,2.54,1.07,3.61,712270.06
gmna,MAKE,2018,Actual,P00049644,1161.2,Iteration,D3D200107,CONS_FTD_V3-V6_ITERATIONS_ROOF_FSD'S_TOOLSET,FENDER OTR,10.83,14.69,2,2,DD,108293.512,,,,,,
gmna,MAKE,2018,Actual,P00049644,5083.2,Iteration,D3D200107,CONS_FTD_V3-V6_ITERATIONS_ROOF_FSD'S_TOOLSET,FENDER OTR,10.83,14.69,2,2,DD,473389.641,,,,,,
gmna,MAKE,2018,Actual,P00049644,1670.6,Iteration,D3D200107,CONS_FTD_V3-V6_ITERATIONS_ROOF_FSD'S_TOOLSET,FENDER OTR,10.83,14.69,2,2,DD,154522.084,,,,,,
gmna,MAKE,2018,Actual,P00049644,6354.2,Iteration,D3D200107,CONS_FTD_V3-V6_ITERATIONS_ROOF_FSD'S_TOOLSET,FENDER OTR,10.83,14.69,2,2,DD,586429.118,,,,,,
gmna,MAKE,2018,Actual,P00049644,168.7,Iteration,D3D200107,CONS_FTD_V3-V6_ITERATIONS_ROOF_FSD'S_TOOLSET,FENDER OTR,10.83,14.69,2,2,DD,15569.323,,,,,,
gmna,MAKE,2018,Actual,P00049147,649.7,V2,D3E350080,CONS_FTD_FENDER_IVER2_Line_V2_TOOL,FENDER OTR,10.83,14.69,1,1,V2,59960.813,89311.12,173967.87,1.73,0.88,2.62,516015.91
gmna,MAKE,2018,Actual,P00049152,483.7,V2,D3E350080,CONS_FTD_FENDER_IVER2_Line_V2_TOOL,FENDER OTR,10.83,14.69,1,1,V2,44640.673,116646.15,211328.01,2.54,1.07,3.61,712270.06
gmna,MAKE,2018,Actual,P00049140,303.7,V2,D3E350080,CONS_FTD_FENDER_IVER2_Line_V2_TOOL,FENDER OTR,10.83,14.69,1,1,V2,28028.473,67375.04,157590.53,1.82,0.8,2.62,516996.81
gmna,MAKE,2018,Actual,P00049132,1100.9,V1,D3E300080,CONS_FTD_FENDER_IVER2_DRAW-010_V1_TOOL,FENDER OTR,10.83,14.69,1,1,V1,101602.061,13600.37,94655.27,1.5,0.48,1.98,391152.99
gmna,MAKE,2018,Actual,P00049148,1124.9,Total,D3E360055,NEW-CONS_FTD_FENDER_IVER2_Line_DAS_TL-Stg,FENDER OTR,10.83,14.69,4,4,DAS,103817.021,116646.15,211328.01,2.54,1.07,3.61,712270.06
gmna,MAKE,2018,Actual,P00049132,1100.9,Total,D3E300080,CONS_FTD_FENDER_IVER2_DRAW-010_V1_TOOL,FENDER OTR,10.83,14.69,1,1,V1,101602.061,13600.37,94655.27,1.5,0.48,1.98,391152.99
gmna,MAKE,2018,Actual,P00049147,649.7,Total,D3E350080,CONS_FTD_FENDER_IVER2_Line_V2_TOOL,FENDER OTR,10.83,14.69,1,1,V2,59960.813,89311.12,173967.87,1.73,0.88,2.62,516015.91
gmna,MAKE,2018,Actual,P00049654,628.7,Total,D3E450260,NEW_CONS_FTD_FENDER_IVER2_PREP_DRAW,FENDER OTR,10.83,14.69,5,5,DIE-PREP,58022.723,13600.37,94655.27,1.5,0.48,1.98,391152.99
gmna,MAKE,2018,Actual,P00049137,533.6,Total,D3E450265,NEW_CONS_FTD_FENDER_IVER2_PREP_LINE_DIE,FENDER OTR,10.83,14.69,6,6,REPLACED,49245.944,67375.04,157590.53,1.82,0.8,2.62,516996.81
gmna,Make,2018,Actual,P00044294,296.1,Final Machining,D3L300055,NEW-CONS_FTD_UB_BETWN_5.0_7.0_FSD'S_DRAW_LINE_DAS_TL-Stg,FRONT FLOOR,5.91,8.96,1,1,DAS,27433.665,24486.68,99332.39,1.35,0.5,1.85,365731.44
gmna,MAKE,2018,Actual,P00049655,527.6,Total,D3E450265,NEW_CONS_FTD_FENDER_IVER2_PREP_LINE_DIE,FENDER OTR,10.83,14.69,6,6,DIE-PREP,48815.879,67375.04,157590.53,1.82,0.8,2.62,516996.81
gmna,MAKE,2018,Actual,P00049152,483.7,Total,D3E350080,CONS_FTD_FENDER_IVER2_Line_V2_TOOL,FENDER OTR,10.83,14.69,1,1,V2,44640.673,116646.15,211328.01,2.54,1.07,3.61,712270.06
gmna,MAKE,2018,Actual,P00049655,293.5,Patterns,D3E450265,NEW_CONS_FTD_FENDER_IVER2_PREP_LINE_DIE,FENDER OTR,10.83,14.69,2,2,DIE-PREP,27087.115,67375.04,157590.53,1.82,0.8,2.62,516996.81
gmna,MAKE,2018,Actual,P00049139,462.9,Total,D2Y350140,NEW_DSGN_FTD_LINE_CAM_FENDER_CATEGORY-2,FENDER OTR,10.83,14.69,6,6,DSGN,31859.588,67375.04,157590.53,1.82,0.8,2.62,516996.81
gmna,MAKE,2018,Actual,P00049657,467.5,Total,D3E450265,NEW_CONS_FTD_FENDER_IVER2_PREP_LINE_DIE,FENDER OTR,10.83,14.69,6,6,DIE-PREP,43145.575,116646.15,211328.01,2.54,1.07,3.61,712270.06
gmna,MAKE,2018,Actual,P00049644,5551.6,V6,D3D200107,CONS_FTD_V3-V6_ITERATIONS_ROOF_FSD'S_TOOLSET,FENDER OTR,10.83,14.69,1,1,DD,517742.216,,,,,,
gmna,MAKE,2018,Actual,P00049141,620.6,Assembly,D3E360055,NEW-CONS_FTD_FENDER_IVER2_Line_DAS_TL-Stg,FENDER OTR,10.83,14.69,1,1,DAS,57275.174,89311.12,173967.87,1.73,0.88,2.62,516015.91
gmna,MAKE,2018,Actual,P00049141,1285.7,Total,D3E360055,NEW-CONS_FTD_FENDER_IVER2_Line_DAS_TL-Stg,FENDER OTR,10.83,14.69,4,4,DAS,118657.253,89311.12,173967.87,1.73,0.88,2.62,516015.91
gmna,MAKE,2018,Actual,P00049128,773,Assembly,D3E300055,NEW-CONS_FTD_FENDER_IVER2_Draw_010_DAS_TL-Stg,FENDER OTR,10.83,14.69,1,1,DAS,71340.17,13600.37,94655.27,1.5,0.48,1.98,391152.99
gmna,MAKE,2018,Actual,P00049656,266.9,Patterns,D3E450265,NEW_CONS_FTD_FENDER_IVER2_PREP_LINE_DIE,FENDER OTR,10.83,14.69,2,2,DIE-PREP,24632.201,89311.12,173967.87,1.73,0.88,2.62,516015.91
gmna,MAKE,2018,Actual,P00049128,440.1,Initial Machining,D3E300055,NEW-CONS_FTD_FENDER_IVER2_Draw_010_DAS_TL-Stg,FENDER OTR,10.83,14.69,1,1,DAS,40616.829,13600.37,94655.27,1.5,0.48,1.98,391152.99
gmna,MAKE,2018,Actual,P00049148,716.4,Assembly,D3E360055,NEW-CONS_FTD_FENDER_IVER2_Line_DAS_TL-Stg,FENDER OTR,10.83,14.69,1,1,DAS,66116.556,116646.15,211328.01,2.54,1.07,3.61,712270.06
gmna,Make,2018,Actual,P00044297,204.7,Final Machining,D3L300055,NEW-CONS_FTD_UB_BETWN_5.0_7.0_FSD'S_DRAW_LINE_DAS_TL-Stg,FRONT FLOOR,5.91,8.96,1,1,DAS,18965.455,37290.85,111720.07,1.01,0.57,1.57,310154.41
gmna,Make,2018,Actual,P00044291,270.4,Final Machining,D3L300055,NEW-CONS_FTD_UB_BETWN_5.0_7.0_FSD'S_DRAW_LINE_DAS_TL-Stg,FRONT FLOOR,5.91,8.96,1,1,DAS,25052.56,13605.14,107317.6,1.95,0.54,2.49,491811.83
gmna,MAKE,2018,Actual,P00049148,350.5,Initial Machining,D3E360055,NEW-CONS_FTD_FENDER_IVER2_Line_DAS_TL-Stg,FENDER OTR,10.83,14.69,1,1,DAS,32347.645,116646.15,211328.01,2.54,1.07,3.61,712270.06
gmna,MAKE,2018,Actual,P00049141,252.5,Initial Machining,D3E360055,NEW-CONS_FTD_FENDER_IVER2_Line_DAS_TL-Stg,FENDER OTR,10.83,14.69,1,1,DAS,23303.225,89311.12,173967.87,1.73,0.88,2.62,516015.91
gmna,MAKE,2018,Actual,P00049137,492.6,Foundry,D3E450265,NEW_CONS_FTD_FENDER_IVER2_PREP_LINE_DIE,FENDER OTR,10.83,14.69,3,3,REPLACED,45462.054,67375.04,157590.53,1.82,0.8,2.62,516996.81
gmna,MAKE,2018,Actual,P00049142,381.9,Foundry,D3E450265,NEW_CONS_FTD_FENDER_IVER2_PREP_LINE_DIE,FENDER OTR,10.83,14.69,3,3,REPLACED,35245.551,89311.12,173967.87,1.73,0.88,2.62,516015.91
gmna,MAKE,2018,Actual,P00049654,265,Foundry,D3E450260,NEW_CONS_FTD_FENDER_IVER2_PREP_DRAW,FENDER OTR,10.83,14.69,2,2,DIE-PREP,24456.85,13600.37,94655.27,1.5,0.48,1.98,391152.99
gmna,MAKE,2018,Actual,P00049151,464.8,Total,D2Y350140,NEW_DSGN_FTD_LINE_CAM_FENDER_CATEGORY-2,FENDER OTR,10.83,14.69,6,6,DSGN,32062.128,116646.15,211328.01,2.54,1.07,3.61,712270.06
gmna,MAKE,2018,Actual,P00049151,464.8,Design,D2Y350140,NEW_DSGN_FTD_LINE_CAM_FENDER_CATEGORY-2,FENDER OTR,10.83,14.69,6,6,DSGN,32062.128,116646.15,211328.01,2.54,1.07,3.61,712270.06
gmna,MAKE,2018,Actual,P00049131,356.2,Design,D2Y300060,NEW_DSGN_FTD_DRAW-010_FENDER_CATEGORY-2,FENDER OTR,10.83,14.69,5,5,DSGN,24381.26,13600.37,94655.27,1.5,0.48,1.98,391152.99
gmna,MAKE,2018,Actual,P00049655,193.6,Foundry,D3E450265,NEW_CONS_FTD_FENDER_IVER2_PREP_LINE_DIE,FENDER OTR,10.83,14.69,3,3,DIE-PREP,17991.019,67375.04,157590.53,1.82,0.8,2.62,516996.81
gmna,MAKE,2018,Actual,P00049139,462.9,Design,D2Y350140,NEW_DSGN_FTD_LINE_CAM_FENDER_CATEGORY-2,FENDER OTR,10.83,14.69,6,6,DSGN,31859.588,67375.04,157590.53,1.82,0.8,2.62,516996.81
gmna,MAKE,2018,Actual,P00049144,400,Design,D2Y350140,NEW_DSGN_FTD_LINE_CAM_FENDER_CATEGORY-2,FENDER OTR,10.83,14.69,6,6,DSGN,27452.548,89311.12,173967.87,1.73,0.88,2.62,516015.91
gmna,MAKE,2018,Actual,P00049149,156.9,Foundry,D3E450265,NEW_CONS_FTD_FENDER_IVER2_PREP_LINE_DIE,FENDER OTR,10.83,14.69,3,3,REPLACED,14480.301,116646.15,211328.01,2.54,1.07,3.61,712270.06
gmna,MAKE,2018,Actual,P00049657,161.9,Foundry,D3E450265,NEW_CONS_FTD_FENDER_IVER2_PREP_LINE_DIE,FENDER OTR,10.83,14.69,3,3,DIE-PREP,14941.751,116646.15,211328.01,2.54,1.07,3.61,712270.06
gmna,MAKE,2018,Actual,P00049128,284.9,Final Machining,D3E300055,NEW-CONS_FTD_FENDER_IVER2_Draw_010_DAS_TL-Stg,FENDER OTR,10.83,14.69,1,1,DAS,26293.421,13600.37,94655.27,1.5,0.48,1.98,391152.99
gmna,MAKE,2019,Actual,P00050425,1171.5,Total,D3M350260,FTD_FENDER_V1_12-14_FSD,FENDER OTR,15.67,14.77,1,1,V1,109254.09,19544.48,155540.5,1.95,0.79,2.73,539200.55
gmna,MAKE,2019,Actual,P00050450,1366.4,Total,D3N300260,FTD_FENDER_DAS_12-14_FSD,FENDER OTR,15.67,14.77,4,4,DAS,126705.874,88947.12,169798.8,1.74,0.86,2.6,512335.73
gmna,MAKE,2019,Actual,P00050454,1240.9,Total,D3N300260,FTD_FENDER_DAS_12-14_FSD,FENDER OTR,15.67,14.77,4,4,DAS,115168.875,252039.99,339970.41,2.22,1.72,3.94,777755.25
gmna,MAKE,2019,Actual,P00050376,493,Total,D2Y450360,FTD_FENDER_DSGN_12-14_FSD,FENDER OTR,15.67,14.77,6,6,DSGN,34194.48,128558.51,220974.48,2.17,1.12,3.29,648540.92
gmna,MAKE,2019,Actual,P00050433,681,Total,D3J350460,FTD_FENDER_V2_12-14_FSD,FENDER OTR,15.67,14.77,1,1,V2,63510.06,98225.24,201308.23,2.08,1.02,3.11,612369.6
gmna,MAKE,2019,Actual,P00050448,720.1,Total,D3I450560,FTD_FENDER_DIE_PREP_12-14_FSD,FENDER OTR,15.67,14.77,6,6,DIE-PREP,66474.131,88947.12,169798.8,1.74,0.86,2.6,512335.73
gmna,MAKE,2019,Actual,P00050451,715.2,Total,D3J350460,FTD_FENDER_V2_12-14_FSD,FENDER OTR,15.67,14.77,1,1,V2,66699.552,88947.12,169798.8,1.74,0.86,2.6,512335.73
gmna,MAKE,2019,Actual,P00050427,698.1,Total,D3I450560,FTD_FENDER_DIE_PREP_12-14_FSD,FENDER OTR,15.67,14.77,6,6,DIE-PREP,64429.104,128558.51,220974.48,2.17,1.12,3.29,648540.92
gmna,MAKE,2019,Actual,P00050431,590.7,Total,D3I450560,FTD_FENDER_DIE_PREP_12-14_FSD,FENDER OTR,15.67,14.77,6,6,DIE-PREP,54515.703,98225.24,201308.23,2.08,1.02,3.11,612369.6
gmna,MAKE,2019,Actual,P00050453,571.1,Total,D3I450560,FTD_FENDER_DIE_PREP_12-14_FSD,FENDER OTR,15.67,14.77,6,6,DIE-PREP,52706.819,252039.99,339970.41,2.22,1.72,3.94,777755.25
gmna,MAKE,2019,Actual,P00050455,554.7,Total,D3J350460,FTD_FENDER_V2_12-14_FSD,FENDER OTR,15.67,14.77,1,1,V2,51731.322,252039.99,339970.41,2.22,1.72,3.94,777755.25
gmna,MAKE,2019,Actual,P00050423,502.7,Total,D3I450560,FTD_FENDER_DIE_PREP_12-14_FSD,FENDER OTR,15.67,14.77,6,6,DIE-PREP,46394.183,19544.48,155540.5,1.95,0.79,2.73,539200.55
gmna,MAKE,2019,Actual,P00050429,887.5,Total,D3J350460,FTD_FENDER_V2_12-14_FSD,FENDER OTR,15.67,14.77,1,1,V2,82768.25,128558.51,220974.48,2.17,1.12,3.29,648540.92
gmna,MAKE,2019,Actual,P00050451,715.2,V2,D3J350460,FTD_FENDER_V2_12-14_FSD,FENDER OTR,15.67,14.77,1,1,V2,66699.552,88947.12,169798.8,1.74,0.86,2.6,512335.73
gmna,MAKE,2019,Actual,P00050425,1171.5,V1,D3M350260,FTD_FENDER_V1_12-14_FSD,FENDER OTR,15.67,14.77,1,1,V1,109254.09,19544.48,155540.5,1.95,0.79,2.73,539200.55
gmna,MAKE,2019,Actual,P00050455,554.7,V2,D3J350460,FTD_FENDER_V2_12-14_FSD,FENDER OTR,15.67,14.77,1,1,V2,51731.322,252039.99,339970.41,2.22,1.72,3.94,777755.25
gmna,MAKE,2019,Actual,P00050433,681,V2,D3J350460,FTD_FENDER_V2_12-14_FSD,FENDER OTR,15.67,14.77,1,1,V2,63510.06,98225.24,201308.23,2.08,1.02,3.11,612369.6
gmna,MAKE,2019,Actual,P00050429,887.5,V2,D3J350460,FTD_FENDER_V2_12-14_FSD,FENDER OTR,15.67,14.77,1,1,V2,82768.25,128558.51,220974.48,2.17,1.12,3.29,648540.92
gmna,MAKE,2019,Actual,P00050725,466.5,Iteration,D3D200560,FTD_FENDER_DD_12-14_FSD,FENDER OTR,15.67,14.77,2,2,DD,43505.79,,,,,,
gmna,MAKE,2019,Actual,P00050725,4997.7,Iteration,D3D200560,FTD_FENDER_DD_12-14_FSD,FENDER OTR,15.67,14.77,2,2,DD,466085.502,,,,,,
gmna,MAKE,2019,Actual,P00050725,744.9,Iteration,D3D200560,FTD_FENDER_DD_12-14_FSD,FENDER OTR,15.67,14.77,2,2,DD,69469.374,,,,,,
gmna,MAKE,2019,Actual,P00050725,1648.4,Iteration,D3D200560,FTD_FENDER_DD_12-14_FSD,FENDER OTR,15.67,14.77,2,2,DD,153802.192,,,,,,
gmna,MAKE,2019,Actual,P00050725,570,V6,D3D200560,FTD_FENDER_DD_12-14_FSD,FENDER OTR,15.67,14.77,1,1,DD,53251.32,,,,,,
gmna,Make,2019,Actual,P00049684,129.5,Patterns,D3I450420,FTD_OTHER_DIE_PREP_5-7_FSD,DASH,6.11,7.87,2,2,DIE-PREP,11951.555,42595.01,95833.42,0.8,0.49,1.28,253175.47
gmna,Make,2019,Actual,P00049685,141,Patterns,D3I450420,FTD_OTHER_DIE_PREP_5-7_FSD,DASH,6.11,7.87,2,2,DIE-PREP,13012.89,57076.92,106297.07,0.7,0.54,1.24,244281.47
gmna,MAKE,2019,Actual,P00050725,14709.4,Iteration,D3D200560,FTD_FENDER_DD_12-14_FSD,FENDER OTR,15.67,14.77,2,2,DD,1372309.316,,,,,,
gmna,MAKE,2019,Actual,P00050454,389.7,Initial Machining,D3N300260,FTD_FENDER_DAS_12-14_FSD,FENDER OTR,15.67,14.77,1,1,DAS,35973.173,252039.99,339970.41,2.22,1.72,3.94,777755.25
gmna,MAKE,2019,Actual,P00050380,445.7,Total,D2Y450360,FTD_FENDER_DSGN_12-14_FSD,FENDER OTR,15.67,14.77,6,6,DSGN,30913.752,98225.24,201308.23,2.08,1.02,3.11,612369.6
gmna,Make,2019,Actual,P00049683,154.5,Patterns,D3I450420,FTD_OTHER_DIE_PREP_5-7_FSD,DASH,6.11,7.87,2,2,DIE-PREP,14258.805,79305.22,132796.33,0.92,0.67,1.59,313714.72
gmna,MAKE,2019,Actual,P00050432,431.1,Final Machining,D3N300260,FTD_FENDER_DAS_12-14_FSD,FENDER OTR,15.67,14.77,1,1,DAS,40019.019,98225.24,201308.23,2.08,1.02,3.11,612369.6
gmna,MAKE,2019,Actual,P00050424,612,Final Machining,D3N300260,FTD_FENDER_DAS_12-14_FSD,FENDER OTR,15.67,14.77,1,1,DAS,56481.48,19544.48,155540.5,1.95,0.79,2.73,539200.55
gmna,MAKE,2019,Actual,P00050423,158.1,Foundry,D3I450560,FTD_FENDER_DIE_PREP_12-14_FSD,FENDER OTR,15.67,14.77,3,3,DIE-PREP,14591.049,19544.48,155540.5,1.95,0.79,2.73,539200.55
gmna,MAKE,2019,Actual,P00050453,162.6,Foundry,D3I450560,FTD_FENDER_DIE_PREP_12-14_FSD,FENDER OTR,15.67,14.77,3,3,DIE-PREP,15006.354,252039.99,339970.41,2.22,1.72,3.94,777755.25
gmna,MAKE,2019,Actual,P00050431,192.7,Foundry,D3I450560,FTD_FENDER_DIE_PREP_12-14_FSD,FENDER OTR,15.67,14.77,3,3,DIE-PREP,17784.283,98225.24,201308.23,2.08,1.02,3.11,612369.6
gmna,MAKE,2019,Actual,P00050427,197.6,Foundry,D3I450560,FTD_FENDER_DIE_PREP_12-14_FSD,FENDER OTR,15.67,14.77,3,3,DIE-PREP,18236.504,128558.51,220974.48,2.17,1.12,3.29,648540.92
gmna,MAKE,2019,Actual,P00050448,291.7,Foundry,D3I450560,FTD_FENDER_DIE_PREP_12-14_FSD,FENDER OTR,15.67,14.77,3,3,DIE-PREP,26920.993,88947.12,169798.8,1.74,0.86,2.6,512335.73
gmna,MAKE,2019,Actual,P00050450,444.3,Initial Machining,D3N300260,FTD_FENDER_DAS_12-14_FSD,FENDER OTR,15.67,14.77,1,1,DAS,41019.967,88947.12,169798.8,1.74,0.86,2.6,512335.73
gmna,MAKE,2019,Actual,P00050432,569.1,Initial Machining,D3N300260,FTD_FENDER_DAS_12-14_FSD,FENDER OTR,15.67,14.77,1,1,DAS,52522.239,98225.24,201308.23,2.08,1.02,3.11,612369.6
gmna,MAKE,2019,Actual,P00050428,817.5,Initial Machining,D3N300260,FTD_FENDER_DAS_12-14_FSD,FENDER OTR,15.67,14.77,1,1,DAS,75447.075,128558.51,220974.48,2.17,1.12,3.29,648540.92
gmna,MAKE,2019,Actual,P00050448,247.4,Patterns,D3I450560,FTD_FENDER_DIE_PREP_12-14_FSD,FENDER OTR,15.67,14.77,2,2,DIE-PREP,22832.546,88947.12,169798.8,1.74,0.86,2.6,512335.73
gmna,MAKE,2019,Actual,P00050423,266.6,Patterns,D3I450560,FTD_FENDER_DIE_PREP_12-14_FSD,FENDER OTR,15.67,14.77,2,2,DIE-PREP,24604.514,19544.48,155540.5,1.95,0.79,2.73,539200.55
gmna,MAKE,2019,Actual,P00050382,432.7,Total,D2Y450360,FTD_FENDER_DSGN_12-14_FSD,FENDER OTR,15.67,14.77,6,6,DSGN,30012.072,88947.12,169798.8,1.74,0.86,2.6,512335.73
gmna,MAKE,2019,Actual,P00050375,418.2,Total,D2Y450360,FTD_FENDER_DSGN_12-14_FSD,FENDER OTR,15.67,14.77,6,6,DSGN,29006.352,19544.48,155540.5,1.95,0.79,2.73,539200.55
gmna,MAKE,2019,Actual,P00050428,853.4,Subassembly,D3N300260,FTD_FENDER_DAS_12-14_FSD,FENDER OTR,15.67,14.77,1,1,DAS,78806.846,128558.51,220974.48,2.17,1.12,3.29,648540.92
gmna,MAKE,2019,Actual,P00050432,759.1,Subassembly,D3N300260,FTD_FENDER_DAS_12-14_FSD,FENDER OTR,15.67,14.77,1,1,DAS,70313.031,98225.24,201308.23,2.08,1.02,3.11,612369.6
gmna,MAKE,2019,Actual,P00050450,241.5,Subassembly,D3N300260,FTD_FENDER_DAS_12-14_FSD,FENDER OTR,15.67,14.77,1,1,DAS,22359.815,88947.12,169798.8,1.74,0.86,2.6,512335.73
gmna,MAKE,2019,Actual,P00050454,212,Subassembly,D3N300260,FTD_FENDER_DAS_12-14_FSD,FENDER OTR,15.67,14.77,1,1,DAS,19639.2,252039.99,339970.41,2.22,1.72,3.94,777755.25
gmna,MAKE,2019,Actual,P00050383,475.3,Total,D2Y450360,FTD_FENDER_DSGN_12-14_FSD,FENDER OTR,15.67,14.77,6,6,DSGN,32966.808,252039.99,339970.41,2.22,1.72,3.94,777755.25
gmna,MAKE,2019,Actual,P00050424,178,Subassembly,D3N300260,FTD_FENDER_DAS_12-14_FSD,FENDER OTR,15.67,14.77,1,1,DAS,16427.62,19544.48,155540.5,1.95,0.79,2.73,539200.55
gmna,MAKE,2019,Actual,P00050427,122.8,Process Planning,D3I450560,FTD_FENDER_DIE_PREP_12-14_FSD,FENDER OTR,15.67,14.77,1,1,DIE-PREP,11334.667,128558.51,220974.48,2.17,1.12,3.29,648540.92
gmna,MAKE,2019,Actual,P00050431,102,Process Planning,D3I450560,FTD_FENDER_DIE_PREP_12-14_FSD,FENDER OTR,15.67,14.77,1,1,DIE-PREP,9413.58,98225.24,201308.23,2.08,1.02,3.11,612369.6
gmna,MAKE,2019,Actual,P00050423,78,Process Planning,D3I450560,FTD_FENDER_DIE_PREP_12-14_FSD,FENDER OTR,15.67,14.77,1,1,DIE-PREP,7198.62,19544.48,155540.5,1.95,0.79,2.73,539200.55
gmna,MAKE,2019,Actual,P00050427,377.7,Patterns,D3I450560,FTD_FENDER_DIE_PREP_12-14_FSD,FENDER OTR,15.67,14.77,2,2,DIE-PREP,34857.933,128558.51,220974.48,2.17,1.12,3.29,648540.92
gmna,MAKE,2019,Actual,P00050431,296,Patterns,D3I450560,FTD_FENDER_DIE_PREP_12-14_FSD,FENDER OTR,15.67,14.77,2,2,DIE-PREP,27317.84,98225.24,201308.23,2.08,1.02,3.11,612369.6
gmna,MAKE,2019,Actual,P00050453,193.7,Process Planning,D3I450560,FTD_FENDER_DIE_PREP_12-14_FSD,FENDER OTR,15.67,14.77,1,1,DIE-PREP,17876.573,252039.99,339970.41,2.22,1.72,3.94,777755.25
gmna,MAKE,2019,Actual,P00055566,309.8,Total,D2Y150060,DSGN_FTD_CHANGE,FRONT FLOOR,6.54,13.2,1,1,DSGN,21487.728,14562.2,166247.11,2.24,0.84,3.08,607597.04
gmna,MAKE,2019,Actual,P00049722,207.8,Total,D3J350380,FTD_OTHER_V2_11-14_FSD,FRONT FLOOR,6.54,13.2,1,1,V2,19177.862,20254.88,102015.11,1.29,0.52,1.81,356111.64
gmna,MAKE,2019,Actual,P00049721,182.4,Subassembly,D3N300180,FTD_OTHER_DAS_11-14_FSD,FRONT FLOOR,6.54,13.2,1,1,DAS,16833.696,20254.88,102015.11,1.29,0.52,1.81,356111.64
gmna,MAKE,2019,Actual,P00049718,127,Subassembly,D3N300180,FTD_OTHER_DAS_11-14_FSD,FRONT FLOOR,6.54,13.2,1,1,DAS,11720.83,14376.09,93229.26,1.17,0.47,1.65,324396.23
gmna,MAKE,2019,Actual,P00049720,96,Process Planning,D3I450480,FTD_OTHER_DIE_PREP_11-14_FSD,FRONT FLOOR,6.54,13.2,1,1,DIE-PREP,8859.84,20254.88,102015.11,1.29,0.52,1.81,356111.64
gmna,MAKE,2019,Actual,P00049713,75.5,Process Planning,D3I450480,FTD_OTHER_DIE_PREP_11-14_FSD,FRONT FLOOR,6.54,13.2,1,1,DIE-PREP,6967.895,14376.09,93229.26,1.17,0.47,1.65,324396.23
gmna,MAKE,2019,Actual,P00049710,52,Process Planning,D3I450480,FTD_OTHER_DIE_PREP_11-14_FSD,FRONT FLOOR,6.54,13.2,1,1,DIE-PREP,4799.08,14562.2,166247.11,2.24,0.84,3.08,607597.04
gmna,MAKE,2019,Actual,P00066467,24,Process Planning,D5Z450050,FTD_RW_MACHINING_ASSEMBLY_VERIFICATION,FRONT FLOOR,6.54,13.2,1,1,DAS,2191.44,14376.09,93229.26,1.17,0.47,1.65,324396.23
gmna,MAKE,2019,Actual,P00049710,259.8,Patterns,D3I450480,FTD_OTHER_DIE_PREP_11-14_FSD,FRONT FLOOR,6.54,13.2,2,2,DIE-PREP,23976.942,14562.2,166247.11,2.24,0.84,3.08,607597.04
gmna,MAKE,2019,Actual,P00049713,252.2,Patterns,D3I450480,FTD_OTHER_DIE_PREP_11-14_FSD,FRONT FLOOR,6.54,13.2,2,2,DIE-PREP,23275.538,14376.09,93229.26,1.17,0.47,1.65,324396.23
gmna,MAKE,2019,Actual,P00049720,213.5,Patterns,D3I450480,FTD_OTHER_DIE_PREP_11-14_FSD,FRONT FLOOR,6.54,13.2,2,2,DIE-PREP,19703.915,20254.88,102015.11,1.29,0.52,1.81,356111.64
gmna,MAKE,2019,Actual,P00049711,942.8,Initial Machining,D3N300180,FTD_OTHER_DAS_11-14_FSD,FRONT FLOOR,6.54,13.2,1,1,DAS,87011.012,14562.2,166247.11,2.24,0.84,3.08,607597.04
gmna,MAKE,2019,Actual,P00049317,331.8,Total,D2Y300800,NEW_DSGN_FTD_DRAW-010_FSD'S_BETWEEN_5.0_7.0,FRONT FLOOR,6.54,13.2,5,5,DSGN,22743.952,14562.2,166247.11,2.24,0.84,3.08,607597.04
gmna,MAKE,2019,Actual,P00049718,468,Initial Machining,D3N300180,FTD_OTHER_DAS_11-14_FSD,FRONT FLOOR,6.54,13.2,1,1,DAS,43191.72,14376.09,93229.26,1.17,0.47,1.65,324396.23
gmna,MAKE,2019,Actual,P00049720,239.5,Foundry,D3I450480,FTD_OTHER_DIE_PREP_11-14_FSD,FRONT FLOOR,6.54,13.2,3,3,DIE-PREP,22103.455,20254.88,102015.11,1.29,0.52,1.81,356111.64
gmna,MAKE,2019,Actual,P00049713,234.2,Foundry,D3I450480,FTD_OTHER_DIE_PREP_11-14_FSD,FRONT FLOOR,6.54,13.2,3,3,DIE-PREP,21614.318,14376.09,93229.26,1.17,0.47,1.65,324396.23
gmna,MAKE,2019,Actual,P00049721,321.6,Final Machining,D3N300180,FTD_OTHER_DAS_11-14_FSD,FRONT FLOOR,6.54,13.2,1,1,DAS,29680.464,20254.88,102015.11,1.29,0.52,1.81,356111.64
gmna,MAKE,2019,Actual,P00049718,167,Final Machining,D3N300180,FTD_OTHER_DAS_11-14_FSD,FRONT FLOOR,6.54,13.2,1,1,DAS,15412.43,14376.09,93229.26,1.17,0.47,1.65,324396.23
gmna,MAKE,2019,Actual,P00049318,427.8,Design,D2Y350520,NEW_DSGN_FTD_LINE_FSD'S_BETWEEN_5.0_7.0,FRONT FLOOR,6.54,13.2,6,6,DSGN,29577.54,14376.09,93229.26,1.17,0.47,1.65,324396.23
gmna,MAKE,2019,Actual,P00049319,384.5,Design,D2Y350520,NEW_DSGN_FTD_LINE_FSD'S_BETWEEN_5.0_7.0,FRONT FLOOR,6.54,13.2,6,6,DSGN,26366.688,20254.88,102015.11,1.29,0.52,1.81,356111.64
gmna,MAKE,2019,Actual,P00049317,331.8,Design,D2Y300800,NEW_DSGN_FTD_DRAW-010_FSD'S_BETWEEN_5.0_7.0,FRONT FLOOR,6.54,13.2,5,5,DSGN,22743.952,14562.2,166247.11,2.24,0.84,3.08,607597.04
gmna,MAKE,2019,Actual,P00055566,309.8,Design,D2Y150060,DSGN_FTD_CHANGE,FRONT FLOOR,6.54,13.2,1,1,DSGN,21487.728,14562.2,166247.11,2.24,0.84,3.08,607597.04
gmna,MAKE,2019,Actual,P00049721,733.5,Assembly,D3N300180,FTD_OTHER_DAS_11-14_FSD,FRONT FLOOR,6.54,13.2,1,1,DAS,67694.715,20254.88,102015.11,1.29,0.52,1.81,356111.64
gmna,MAKE,2019,Actual,P00049710,346.1,Foundry,D3I450480,FTD_OTHER_DIE_PREP_11-14_FSD,FRONT FLOOR,6.54,13.2,3,3,DIE-PREP,31941.569,14562.2,166247.11,2.24,0.84,3.08,607597.04
gmna,MAKE,2019,Actual,P00055501,342.5,Total,D5Z450010,FTD ITERATION DIE LEVEL,FRONT FLOOR,6.54,13.2,4,4,DIE-PREP,31941.55,14562.2,166247.11,2.24,0.84,3.08,607597.04
gmna,MAKE,2019,Actual,P00049719,425.2,Total,D3J350380,FTD_OTHER_V2_11-14_FSD,FRONT FLOOR,6.54,13.2,1,1,V2,39241.708,14376.09,93229.26,1.17,0.47,1.65,324396.23
gmna,MAKE,2019,Actual,P00049318,427.8,Total,D2Y350520,NEW_DSGN_FTD_LINE_FSD'S_BETWEEN_5.0_7.0,FRONT FLOOR,6.54,13.2,6,6,DSGN,29577.54,14376.09,93229.26,1.17,0.47,1.65,324396.23
gmna,Make,2019,Actual,P00049686,90,Subassembly,D3N300120,FTD_OTHER_DAS_5-7_FSD,DASH,6.11,7.87,1,1,DAS,8306.1,21991.2,157790.94,1.2,0.8,2,393613.3
gmna,Make,2019,Actual,P00049687,157,Subassembly,D3N300120,FTD_OTHER_DAS_5-7_FSD,DASH,6.11,7.87,1,1,DAS,14489.53,79305.22,132796.33,0.92,0.67,1.59,313714.72
gmna,Make,2019,Actual,P00049689,220,Subassembly,D3N300120,FTD_OTHER_DAS_5-7_FSD,DASH,6.11,7.87,1,1,DAS,20303.8,57076.92,106297.07,0.7,0.54,1.24,244281.47
gmna,Make,2019,Actual,P00049688,292.6,Subassembly,D3N300120,FTD_OTHER_DAS_5-7_FSD,DASH,6.11,7.87,1,1,DAS,27004.054,42595.01,95833.42,0.8,0.49,1.28,253175.47
gmna,Make,2019,Actual,P00049692,190.5,Total,D3J350320,FTD_OTHER_V2_5-7_FSD,DASH,6.11,7.87,1,1,V2,17581.245,42595.01,95833.42,0.8,0.49,1.28,253175.47
gmna,Make,2019,Actual,P00049684,315.1,Total,D3I450420,FTD_OTHER_DIE_PREP_5-7_FSD,DASH,6.11,7.87,6,6,DIE-PREP,29080.579,42595.01,95833.42,0.8,0.49,1.28,253175.47
gmna,Make,2019,Actual,P00049465,353.6,Total,D2Y300800,NEW_DSGN_FTD_DRAW-010_FSD'S_BETWEEN_5.0_7.0,DASH,6.11,7.87,5,5,DSGN,24525.696,21991.2,157790.94,1.2,0.8,2,393613.3
gmna,Make,2019,Actual,P00049468,353.8,Total,D2Y350520,NEW_DSGN_FTD_LINE_FSD'S_BETWEEN_5.0_7.0,DASH,6.11,7.87,6,6,DSGN,24539.568,57076.92,106297.07,0.7,0.54,1.24,244281.47
gmna,Make,2019,Actual,P00049467,407.9,Total,D2Y350520,NEW_DSGN_FTD_LINE_FSD'S_BETWEEN_5.0_7.0,DASH,6.11,7.87,6,6,DSGN,28291.944,42595.01,95833.42,0.8,0.49,1.28,253175.47
gmna,Make,2019,Actual,P00049466,432.5,Total,D2Y350520,NEW_DSGN_FTD_LINE_FSD'S_BETWEEN_5.0_7.0,DASH,6.11,7.87,6,6,DSGN,29998.2,79305.22,132796.33,0.92,0.67,1.59,313714.72
gmna,Make,2019,Actual,P00049682,440.9,Total,D3I450420,FTD_OTHER_DIE_PREP_5-7_FSD,DASH,6.11,7.87,6,6,DIE-PREP,40690.661,21991.2,157790.94,1.2,0.8,2,393613.3
gmna,Make,2019,Actual,P00049693,442,Total,D3J350320,FTD_OTHER_V2_5-7_FSD,DASH,6.11,7.87,1,1,V2,40797.03,57076.92,106297.07,0.7,0.54,1.24,244281.47
gmna,Make,2019,Actual,P00049685,620.7,Total,D3I450420,FTD_OTHER_DIE_PREP_5-7_FSD,DASH,6.11,7.87,6,6,DIE-PREP,57284.403,57076.92,106297.07,0.7,0.54,1.24,244281.47
gmna,Make,2019,Actual,P00049683,722.3,Total,D3I450420,FTD_OTHER_DIE_PREP_5-7_FSD,DASH,6.11,7.87,6,6,DIE-PREP,66661.067,79305.22,132796.33,0.92,0.67,1.59,313714.72
gmna,Make,2019,Actual,P00049691,878.3,Total,D3J350320,FTD_OTHER_V2_5-7_FSD,DASH,6.11,7.87,1,1,V2,81058.307,79305.22,132796.33,0.92,0.67,1.59,313714.72
gmna,Make,2019,Actual,P00049697,434.3,V6,D3D200420,FTD_OTHER_DD_5-7_FSD,DASH,6.11,7.87,1,1,DD,40471.778,,,,,,
gmna,Make,2019,Actual,P00049697,196.6,Iteration,D3D200420,FTD_OTHER_DD_5-7_FSD,DASH,6.11,7.87,2,2,DD,18190.483,,,,,,
gmna,Make,2019,Actual,P00049697,333.7,Iteration,D3D200420,FTD_OTHER_DD_5-7_FSD,DASH,6.11,7.87,2,2,DD,30828.213,,,,,,
gmna,Make,2019,Actual,P00049697,1731.2,Iteration,D3D200420,FTD_OTHER_DD_5-7_FSD,DASH,6.11,7.87,2,2,DD,159772.448,,,,,,
gmna,Make,2019,Actual,P00049697,44,Iteration,D3D200420,FTD_OTHER_DD_5-7_FSD,DASH,6.11,7.87,2,2,DD,4060.76,,,,,,
gmna,Make,2019,Actual,P00049691,878.3,V2,D3J350320,FTD_OTHER_V2_5-7_FSD,DASH,6.11,7.87,1,1,V2,81058.307,79305.22,132796.33,0.92,0.67,1.59,313714.72
gmna,Make,2019,Actual,P00049682,94.5,Process Planning,D3I450420,FTD_OTHER_DIE_PREP_5-7_FSD,DASH,6.11,7.87,1,1,DIE-PREP,8721.405,21991.2,157790.94,1.2,0.8,2,393613.3
gmna,Make,2019,Actual,P00049693,442,V2,D3J350320,FTD_OTHER_V2_5-7_FSD,DASH,6.11,7.87,1,1,V2,40797.03,57076.92,106297.07,0.7,0.54,1.24,244281.47
gmna,Make,2019,Actual,P00049690,1090.6,V1,D3M350120,FTD_OTHER_V1_5-7_FSD,DASH,6.11,7.87,1,1,V1,100651.474,21991.2,157790.94,1.2,0.8,2,393613.3
gmna,Make,2019,Actual,P00049690,1090.6,Total,D3M350120,FTD_OTHER_V1_5-7_FSD,DASH,6.11,7.87,1,1,V1,100651.474,21991.2,157790.94,1.2,0.8,2,393613.3
gmna,Make,2019,Actual,P00049692,190.5,V2,D3J350320,FTD_OTHER_V2_5-7_FSD,DASH,6.11,7.87,1,1,V2,17581.245,42595.01,95833.42,0.8,0.49,1.28,253175.47
gmna,MAKE,2019,Actual,P00050376,493,Design,D2Y450360,FTD_FENDER_DSGN_12-14_FSD,FENDER OTR,15.67,14.77,6,6,DSGN,34194.48,128558.51,220974.48,2.17,1.12,3.29,648540.92
gmna,MAKE,2019,Actual,P00050380,445.7,Design,D2Y450360,FTD_FENDER_DSGN_12-14_FSD,FENDER OTR,15.67,14.77,6,6,DSGN,30913.752,98225.24,201308.23,2.08,1.02,3.11,612369.6
gmna,Make,2019,Actual,P00049827,801.2,Total,D3I450440,FTD_OTHER_DIE_PREP_7-9_FSD,QTR INR & RR WH,7.08,10,6,6,DIE-PREP,73942.748,34270,110049.69,1.39,0.56,1.94,383551.8
gmna,Make,2019,Actual,P00049830,673.8,Total,D3I450440,FTD_OTHER_DIE_PREP_7-9_FSD,QTR INR & RR WH,7.08,10,6,6,DIE-PREP,62185.002,24169.93,90165.61,0.83,0.46,1.29,254033.07
gmna,Make,2019,Actual,P00049833,672.8,Total,D3I450440,FTD_OTHER_DIE_PREP_7-9_FSD,QTR INR & RR WH,7.08,10,6,6,DIE-PREP,62092.712,51843.15,116999,1.16,0.59,1.75,345198.42
gmna,Make,2019,Actual,P00049824,621.8,Total,D3I450440,FTD_OTHER_DIE_PREP_7-9_FSD,QTR INR & RR WH,7.08,10,6,6,DIE-PREP,57385.922,15047.16,103733.3,1.57,0.53,2.1,413234.32
gmna,Make,2019,Actual,P00049829,595,Total,D3J350340,FTD_OTHER_V2_7-9_FSD,QTR INR & RR WH,7.08,10,1,1,V2,54951.35,34270,110049.69,1.39,0.56,1.94,383551.8
gmna,Make,2019,Actual,P00049768,503.3,Total,D2Y450240,FTD_OTHER_DSGN_7-9_FSD,QTR INR & RR WH,7.08,10,6,6,DSGN,34908.888,51843.15,116999,1.16,0.59,1.75,345198.42
gmna,Make,2019,Actual,P00049766,452,Total,D2Y450240,FTD_OTHER_DSGN_7-9_FSD,QTR INR & RR WH,7.08,10,6,6,DSGN,31350.72,34270,110049.69,1.39,0.56,1.94,383551.8
gmna,Make,2019,Actual,P00049767,425.5,Total,D2Y450240,FTD_OTHER_DSGN_7-9_FSD,QTR INR & RR WH,7.08,10,6,6,DSGN,29512.68,24169.93,90165.61,0.83,0.46,1.29,254033.07
gmna,Make,2019,Actual,P00049709,405.9,Total,D2Y450240,FTD_OTHER_DSGN_7-9_FSD,QTR INR & RR WH,7.08,10,6,6,DSGN,28153.224,15047.16,103733.3,1.57,0.53,2.1,413234.32
gmna,Make,2019,Actual,P00049832,207,Total,D3J350340,FTD_OTHER_V2_7-9_FSD,QTR INR & RR WH,7.08,10,1,1,V2,19142.83,24169.93,90165.61,0.83,0.46,1.29,254033.07
gmna,Make,2019,Actual,P00049835,195.7,Total,D3J350340,FTD_OTHER_V2_7-9_FSD,QTR INR & RR WH,7.08,10,1,1,V2,18099.953,51843.15,116999,1.16,0.59,1.75,345198.42
gmna,Make,2019,Actual,P00049828,356.3,Subassembly,D3N300140,FTD_OTHER_DAS_7-9_FSD,QTR INR & RR WH,7.08,10,1,1,DAS,32882.927,34270,110049.69,1.39,0.56,1.94,383551.8
gmna,Make,2019,Actual,P00049831,340,Subassembly,D3N300140,FTD_OTHER_DAS_7-9_FSD,QTR INR & RR WH,7.08,10,1,1,DAS,31378.6,24169.93,90165.61,0.83,0.46,1.29,254033.07
gmna,Make,2019,Actual,P00049834,154,Subassembly,D3N300140,FTD_OTHER_DAS_7-9_FSD,QTR INR & RR WH,7.08,10,1,1,DAS,14212.66,51843.15,116999,1.16,0.59,1.75,345198.42
gmna,Make,2019,Actual,P00049824,86.6,Process Planning,D3I450440,FTD_OTHER_DIE_PREP_7-9_FSD,QTR INR & RR WH,7.08,10,1,1,DIE-PREP,7992.314,15047.16,103733.3,1.57,0.53,2.1,413234.32
gmna,Make,2019,Actual,P00049827,77,Process Planning,D3I450440,FTD_OTHER_DIE_PREP_7-9_FSD,QTR INR & RR WH,7.08,10,1,1,DIE-PREP,7106.33,34270,110049.69,1.39,0.56,1.94,383551.8
gmna,Make,2019,Actual,P00049830,75.9,Process Planning,D3I450440,FTD_OTHER_DIE_PREP_7-9_FSD,QTR INR & RR WH,7.08,10,1,1,DIE-PREP,7004.811,24169.93,90165.61,0.83,0.46,1.29,254033.07
gmna,Make,2019,Actual,P00049833,16,Process Planning,D3I450440,FTD_OTHER_DIE_PREP_7-9_FSD,QTR INR & RR WH,7.08,10,1,1,DIE-PREP,1476.64,51843.15,116999,1.16,0.59,1.75,345198.42
gmna,Make,2019,Actual,P00049826,813.8,Total,D3M350140,FTD_OTHER_V1_7-9_FSD,QTR INR & RR WH,7.08,10,1,1,V1,75105.602,15047.16,103733.3,1.57,0.53,2.1,413234.32
gmna,Make,2019,Actual,P00049689,332.8,Assembly,D3N300120,FTD_OTHER_DAS_5-7_FSD,DASH,6.11,7.87,1,1,DAS,30714.112,57076.92,106297.07,0.7,0.54,1.24,244281.47
gmna,MAKE,2019,Actual,P00049713,561.9,Total,D3I450480,FTD_OTHER_DIE_PREP_11-14_FSD,FRONT FLOOR,6.54,13.2,6,6,DIE-PREP,51857.751,14376.09,93229.26,1.17,0.47,1.65,324396.23
gmna,MAKE,2019,Actual,P00049710,657.9,Total,D3I450480,FTD_OTHER_DIE_PREP_11-14_FSD,FRONT FLOOR,6.54,13.2,6,6,DIE-PREP,60717.591,14562.2,166247.11,2.24,0.84,3.08,607597.04
gmna,MAKE,2019,Actual,P00049718,956,Total,D3N300180,FTD_OTHER_DAS_11-14_FSD,FRONT FLOOR,6.54,13.2,4,4,DAS,88229.24,14376.09,93229.26,1.17,0.47,1.65,324396.23
gmna,MAKE,2019,Actual,P00049712,1551.9,Total,D3M350180,FTD_OTHER_V1_11-14_FSD,FRONT FLOOR,6.54,13.2,1,1,V1,143224.851,14562.2,166247.11,2.24,0.84,3.08,607597.04
gmna,MAKE,2019,Actual,P00049712,1551.9,V1,D3M350180,FTD_OTHER_V1_11-14_FSD,FRONT FLOOR,6.54,13.2,1,1,V1,143224.851,14562.2,166247.11,2.24,0.84,3.08,607597.04
gmna,MAKE,2019,Actual,P00049722,207.8,V2,D3J350380,FTD_OTHER_V2_11-14_FSD,FRONT FLOOR,6.54,13.2,1,1,V2,19177.862,20254.88,102015.11,1.29,0.52,1.81,356111.64
gmna,Make,2019,Actual,P00049890,3497.8,V6,D3D200440,FTD_OTHER_DD_7-9_FSD,QTR INR & RR WH,7.08,10,1,1,DD,326204.828,,,,,,
gmna,Make,2019,Actual,P00049890,448.3,Iteration,D3D200440,FTD_OTHER_DD_7-9_FSD,QTR INR & RR WH,7.08,10,2,2,DD,41808.458,,,,,,
gmna,Make,2019,Actual,P00049890,135.3,Iteration,D3D200440,FTD_OTHER_DD_7-9_FSD,QTR INR & RR WH,7.08,10,2,2,DD,12618.078,,,,,,
gmna,Make,2019,Actual,P00049890,3790.4,Iteration,D3D200440,FTD_OTHER_DD_7-9_FSD,QTR INR & RR WH,7.08,10,2,2,DD,352752.497,,,,,,
gmna,Make,2019,Actual,P00049890,16,Iteration,D3D200440,FTD_OTHER_DD_7-9_FSD,QTR INR & RR WH,7.08,10,2,2,DD,1476.64,,,,,,
gmna,Make,2019,Actual,P00049829,595,V2,D3J350340,FTD_OTHER_V2_7-9_FSD,QTR INR & RR WH,7.08,10,1,1,V2,54951.35,34270,110049.69,1.39,0.56,1.94,383551.8
gmna,Make,2019,Actual,P00049832,207,V2,D3J350340,FTD_OTHER_V2_7-9_FSD,QTR INR & RR WH,7.08,10,1,1,V2,19142.83,24169.93,90165.61,0.83,0.46,1.29,254033.07
gmna,Make,2019,Actual,P00049835,195.7,V2,D3J350340,FTD_OTHER_V2_7-9_FSD,QTR INR & RR WH,7.08,10,1,1,V2,18099.953,51843.15,116999,1.16,0.59,1.75,345198.42
gmna,Make,2019,Actual,P00049826,813.8,V1,D3M350140,FTD_OTHER_V1_7-9_FSD,QTR INR & RR WH,7.08,10,1,1,V1,75105.602,15047.16,103733.3,1.57,0.53,2.1,413234.32
gmna,Make,2019,Actual,P00049824,337.3,Patterns,D3I450440,FTD_OTHER_DIE_PREP_7-9_FSD,QTR INR & RR WH,7.08,10,2,2,DIE-PREP,31129.417,15047.16,103733.3,1.57,0.53,2.1,413234.32
gmna,Make,2019,Actual,P00049833,235.3,Patterns,D3I450440,FTD_OTHER_DIE_PREP_7-9_FSD,QTR INR & RR WH,7.08,10,2,2,DIE-PREP,21715.837,51843.15,116999,1.16,0.59,1.75,345198.42
gmna,MAKE,2019,Actual,P00049747,293.6,Iteration,D3D200480,FTD_OTHER_DD_11-14_FSD,FRONT FLOOR,6.54,13.2,2,2,DD,27390.736,,,,,,
gmna,MAKE,2019,Actual,P00050384,420.9,Design,D2Y450360,FTD_FENDER_DSGN_12-14_FSD,FENDER OTR,16.62,14.77,6,6,DSGN,29193.624,19850,142950.82,1.97,0.72,2.7,531613.92
gmna,MAKE,2019,Actual,P00050385,393.9,Design,D2Y450360,FTD_FENDER_DSGN_12-14_FSD,FENDER OTR,16.62,14.77,6,6,DSGN,27320.904,210882.84,317865.95,2.46,1.61,4.07,802199.95
gmna,MAKE,2019,Actual,P00050406,926.55,Assembly,D3N300260,FTD_FENDER_DAS_12-14_FSD,FENDER OTR,16.62,14.77,1,1,DAS,85751.8595,210882.84,317865.95,2.46,1.61,4.07,802199.95
gmna,MAKE,2019,Actual,P00050563,706.3,Assembly,D3N300260,FTD_FENDER_DAS_12-14_FSD,FENDER OTR,16.62,14.77,1,1,DAS,65713.271,91630.75,176247.52,1.93,0.89,2.82,556516.84
gmna,MAKE,2019,Actual,P00050568,627.4,Assembly,D3N300260,FTD_FENDER_DAS_12-14_FSD,FENDER OTR,16.62,14.77,1,1,DAS,58511.324,142918.62,231296.17,2.03,1.17,3.21,632370.07
gmna,MAKE,2019,Actual,P00050410,590.9,Assembly,D3N300260,FTD_FENDER_DAS_12-14_FSD,FENDER OTR,16.62,14.77,1,1,DAS,54695.472,190323.65,292656.12,2.33,1.48,3.82,752686.91
gmna,MAKE,2019,Actual,P00051189,3020.2,V6,D3D200560,FTD_FENDER_DD_12-14_FSD,FENDER OTR,16.59,14.77,1,1,DD,282388.7,,,,,,
gmna,MAKE,2019,Actual,P00051189,8,Iteration,D3D200560,FTD_FENDER_DD_12-14_FSD,FENDER OTR,16.59,14.77,2,2,DD,748,,,,,,
gmna,MAKE,2019,Actual,P00051189,6994.9,Iteration,D3D200560,FTD_FENDER_DD_12-14_FSD,FENDER OTR,16.59,14.77,2,2,DD,654023.15,,,,,,
gmna,MAKE,2019,Actual,P00051189,2214.7,Iteration,D3D200560,FTD_FENDER_DD_12-14_FSD,FENDER OTR,16.59,14.77,2,2,DD,206922.794,,,,,,
gmna,MAKE,2019,Actual,P00051189,5482.2,Iteration,D3D200560,FTD_FENDER_DD_12-14_FSD,FENDER OTR,16.59,14.77,2,2,DD,511433.148,,,,,,
gmna,MAKE,2019,Actual,P00051189,403.5,Iteration,D3D200560,FTD_FENDER_DD_12-14_FSD,FENDER OTR,16.59,14.77,2,2,DD,37630.41,,,,,,
gmna,Make,2019,Actual,P00049831,532.4,Assembly,D3N300140,FTD_OTHER_DAS_7-9_FSD,QTR INR & RR WH,7.08,10,1,1,DAS,49135.196,24169.93,90165.61,0.83,0.46,1.29,254033.07
gmna,Make,2019,Actual,P00049834,496.6,Assembly,D3N300140,FTD_OTHER_DAS_7-9_FSD,QTR INR & RR WH,7.08,10,1,1,DAS,45831.214,51843.15,116999,1.16,0.59,1.75,345198.42
gmna,MAKE,2019,Actual,P00049747,2011.6,V6,D3D200480,FTD_OTHER_DD_11-14_FSD,FRONT FLOOR,6.54,13.2,1,1,DD,187601.816,,,,,,
gmna,MAKE,2019,Actual,P00049747,945.3,Iteration,D3D200480,FTD_OTHER_DD_11-14_FSD,FRONT FLOOR,6.54,13.2,2,2,DD,88158.678,,,,,,
gmna,MAKE,2019,Actual,P00049747,754.6,Iteration,D3D200480,FTD_OTHER_DD_11-14_FSD,FRONT FLOOR,6.54,13.2,2,2,DD,70373.996,,,,,,
gmna,MAKE,2019,Actual,P00055501,107.1,Iteration,D5Z450010,FTD ITERATION DIE LEVEL,FRONT FLOOR,6.54,13.2,2,2,DIE-PREP,9988.146,14562.2,166247.11,2.24,0.84,3.08,607597.04
gmna,MAKE,2019,Actual,P00055501,111.4,Iteration,D5Z450010,FTD ITERATION DIE LEVEL,FRONT FLOOR,6.54,13.2,1,1,DIE-PREP,10389.164,14562.2,166247.11,2.24,0.84,3.08,607597.04
gmna,MAKE,2019,Actual,P00049747,4847.6,Iteration,D3D200480,FTD_OTHER_DD_11-14_FSD,FRONT FLOOR,6.54,13.2,2,2,DD,451939.833,,,,,,
gmna,Make,2019,Actual,P00049828,604.6,Initial Machining,D3N300140,FTD_OTHER_DAS_7-9_FSD,QTR INR & RR WH,7.08,10,1,1,DAS,55798.534,34270,110049.69,1.39,0.56,1.94,383551.8
gmna,Make,2019,Actual,P00049834,426.2,Initial Machining,D3N300140,FTD_OTHER_DAS_7-9_FSD,QTR INR & RR WH,7.08,10,1,1,DAS,39333.998,51843.15,116999,1.16,0.59,1.75,345198.42
gmna,Make,2019,Actual,P00049827,212,Foundry,D3I450440,FTD_OTHER_DIE_PREP_7-9_FSD,QTR INR & RR WH,7.08,10,3,3,DIE-PREP,19565.48,34270,110049.69,1.39,0.56,1.94,383551.8
gmna,Make,2019,Actual,P00049824,197.9,Foundry,D3I450440,FTD_OTHER_DIE_PREP_7-9_FSD,QTR INR & RR WH,7.08,10,3,3,DIE-PREP,18264.191,15047.16,103733.3,1.57,0.53,2.1,413234.32
gmna,Make,2019,Actual,P00049830,190,Foundry,D3I450440,FTD_OTHER_DIE_PREP_7-9_FSD,QTR INR & RR WH,7.08,10,3,3,DIE-PREP,17535.1,24169.93,90165.61,0.83,0.46,1.29,254033.07
gmna,Make,2019,Actual,P00049828,400.7,Final Machining,D3N300140,FTD_OTHER_DAS_7-9_FSD,QTR INR & RR WH,7.08,10,1,1,DAS,36980.603,34270,110049.69,1.39,0.56,1.94,383551.8
gmna,Make,2019,Actual,P00049688,343.5,Assembly,D3N300120,FTD_OTHER_DAS_5-7_FSD,DASH,6.11,7.87,1,1,DAS,31701.615,42595.01,95833.42,0.8,0.49,1.28,253175.47
gmna,Make,2019,Actual,P00049834,320.3,Final Machining,D3N300140,FTD_OTHER_DAS_7-9_FSD,QTR INR & RR WH,7.08,10,1,1,DAS,29560.487,51843.15,116999,1.16,0.59,1.75,345198.42
gmna,Make,2019,Actual,P00049825,234.4,Final Machining,D3N300140,FTD_OTHER_DAS_7-9_FSD,QTR INR & RR WH,7.08,10,1,1,DAS,21632.776,15047.16,103733.3,1.57,0.53,2.1,413234.32
gmna,Make,2019,Actual,P00049768,503.3,Design,D2Y450240,FTD_OTHER_DSGN_7-9_FSD,QTR INR & RR WH,7.08,10,6,6,DSGN,34908.888,51843.15,116999,1.16,0.59,1.75,345198.42
gmna,Make,2019,Actual,P00049766,452,Design,D2Y450240,FTD_OTHER_DSGN_7-9_FSD,QTR INR & RR WH,7.08,10,6,6,DSGN,31350.72,34270,110049.69,1.39,0.56,1.94,383551.8
gmna,Make,2019,Actual,P00049709,405.9,Design,D2Y450240,FTD_OTHER_DSGN_7-9_FSD,QTR INR & RR WH,7.08,10,6,6,DSGN,28153.224,15047.16,103733.3,1.57,0.53,2.1,413234.32
gmna,Make,2019,Actual,P00049828,744.8,Assembly,D3N300140,FTD_OTHER_DAS_7-9_FSD,QTR INR & RR WH,7.08,10,1,1,DAS,68846.232,34270,110049.69,1.39,0.56,1.94,383551.8
gmna,MAKE,2019,Actual,P00049719,425.2,V2,D3J350380,FTD_OTHER_V2_11-14_FSD,FRONT FLOOR,6.54,13.2,1,1,V2,39241.708,14376.09,93229.26,1.17,0.47,1.65,324396.23
gmna,MAKE,2019,Actual,P00049747,533.8,Iteration,D3D200480,FTD_OTHER_DD_11-14_FSD,FRONT FLOOR,6.54,13.2,2,2,DD,49264.402,,,,,,
gmna,Make,2019,Actual,P00049831,310,Final Machining,D3N300140,FTD_OTHER_DAS_7-9_FSD,QTR INR & RR WH,7.08,10,1,1,DAS,28609.9,24169.93,90165.61,0.83,0.46,1.29,254033.07
gmna,Make,2019,Actual,P00049687,423.9,Assembly,D3N300120,FTD_OTHER_DAS_5-7_FSD,DASH,6.11,7.87,1,1,DAS,39121.731,79305.22,132796.33,0.92,0.67,1.59,313714.72
gmna,MAKE,2019,Actual,P00050410,1795.6,Total,D3N300260,FTD_FENDER_DAS_12-14_FSD,FENDER OTR,16.62,14.77,4,4,DAS,165877.235,190323.65,292656.12,2.33,1.48,3.82,752686.91
gmna,MAKE,2019,Actual,P00050568,1691.2,Total,D3N300260,FTD_FENDER_DAS_12-14_FSD,FENDER OTR,16.62,14.77,4,4,DAS,156770.906,142918.62,231296.17,2.03,1.17,3.21,632370.07
gmna,MAKE,2019,Actual,P00050563,1684.5,Total,D3N300260,FTD_FENDER_DAS_12-14_FSD,FENDER OTR,16.62,14.77,4,4,DAS,156068.949,91630.75,176247.52,1.93,0.89,2.82,556516.84
gmna,MAKE,2019,Actual,P00050403,1620.6,Total,D3M350260,FTD_FENDER_V1_12-14_FSD,FENDER OTR,16.62,14.77,1,1,V1,150850.036,19850,142950.82,1.97,0.72,2.7,531613.92
gmna,MAKE,2019,Actual,P00050407,1255.5,Total,D3J350460,FTD_FENDER_V2_12-14_FSD,FENDER OTR,16.62,14.77,1,1,V2,117087.93,210882.84,317865.95,2.46,1.61,4.07,802199.95
gmna,MAKE,2019,Actual,P00050411,1155.8,Total,D3J350460,FTD_FENDER_V2_12-14_FSD,FENDER OTR,16.62,14.77,1,1,V2,107789.908,190323.65,292656.12,2.33,1.48,3.82,752686.91
gmna,MAKE,2019,Actual,P00050405,884.6,Total,D3I450560,FTD_FENDER_DIE_PREP_12-14_FSD,FENDER OTR,16.62,14.77,6,6,DIE-PREP,81639.734,210882.84,317865.95,2.46,1.61,4.07,802199.95
gmna,MAKE,2019,Actual,P00050409,703.1,Total,D3I450560,FTD_FENDER_DIE_PREP_12-14_FSD,FENDER OTR,16.62,14.77,6,6,DIE-PREP,64892.979,190323.65,292656.12,2.33,1.48,3.82,752686.91
gmna,MAKE,2019,Actual,P00050561,691.9,Total,D3I450560,FTD_FENDER_DIE_PREP_12-14_FSD,FENDER OTR,16.62,14.77,6,6,DIE-PREP,63878.731,91630.75,176247.52,1.93,0.89,2.82,556516.84
gmna,MAKE,2019,Actual,P00050567,548,Total,D3I450560,FTD_FENDER_DIE_PREP_12-14_FSD,FENDER OTR,16.62,14.77,6,6,DIE-PREP,50620.025,142918.62,231296.17,2.03,1.17,3.21,632370.07
gmna,MAKE,2019,Actual,P00050401,477.6,Total,D3I450560,FTD_FENDER_DIE_PREP_12-14_FSD,FENDER OTR,16.62,14.77,6,6,DIE-PREP,44077.704,19850,142950.82,1.97,0.72,2.7,531613.92
gmna,MAKE,2019,Actual,P00050387,455.1,Total,D2Y450360,FTD_FENDER_DSGN_12-14_FSD,FENDER OTR,16.62,14.77,6,6,DSGN,31565.736,91630.75,176247.52,1.93,0.89,2.82,556516.84
gmna,MAKE,2019,Actual,P00050386,452,Total,D2Y450360,FTD_FENDER_DSGN_12-14_FSD,FENDER OTR,16.62,14.77,6,6,DSGN,31350.72,190323.65,292656.12,2.33,1.48,3.82,752686.91
gmna,MAKE,2019,Actual,P00050569,449.1,Total,D3J350460,FTD_FENDER_V2_12-14_FSD,FENDER OTR,16.62,14.77,1,1,V2,41883.066,142918.62,231296.17,2.03,1.17,3.21,632370.07
gmna,MAKE,2019,Actual,P00050564,446,Total,D3J350460,FTD_FENDER_V2_12-14_FSD,FENDER OTR,16.62,14.77,1,1,V2,41593.96,91630.75,176247.52,1.93,0.89,2.82,556516.84
gmna,MAKE,2019,Actual,P00050388,446,Total,D2Y450360,FTD_FENDER_DSGN_12-14_FSD,FENDER OTR,16.62,14.77,6,6,DSGN,30934.56,142918.62,231296.17,2.03,1.17,3.21,632370.07
gmna,MAKE,2019,Actual,P00050384,420.9,Total,D2Y450360,FTD_FENDER_DSGN_12-14_FSD,FENDER OTR,16.62,14.77,6,6,DSGN,29193.624,19850,142950.82,1.97,0.72,2.7,531613.92
gmna,MAKE,2019,Actual,P00050403,1620.6,V1,D3M350260,FTD_FENDER_V1_12-14_FSD,FENDER OTR,16.62,14.77,1,1,V1,150850.036,19850,142950.82,1.97,0.72,2.7,531613.92
gmna,MAKE,2019,Actual,P00050564,446,V2,D3J350460,FTD_FENDER_V2_12-14_FSD,FENDER OTR,16.62,14.77,1,1,V2,41593.96,91630.75,176247.52,1.93,0.89,2.82,556516.84
gmna,MAKE,2019,Actual,P00050569,449.1,V2,D3J350460,FTD_FENDER_V2_12-14_FSD,FENDER OTR,16.62,14.77,1,1,V2,41883.066,142918.62,231296.17,2.03,1.17,3.21,632370.07
gmna,MAKE,2019,Actual,P00050411,1155.8,V2,D3J350460,FTD_FENDER_V2_12-14_FSD,FENDER OTR,16.62,14.77,1,1,V2,107789.908,190323.65,292656.12,2.33,1.48,3.82,752686.91
gmna,MAKE,2019,Actual,P00050382,432.7,Design,D2Y450360,FTD_FENDER_DSGN_12-14_FSD,FENDER OTR,15.67,14.77,6,6,DSGN,30012.072,88947.12,169798.8,1.74,0.86,2.6,512335.73
gmna,MAKE,2019,Actual,P00050375,418.2,Design,D2Y450360,FTD_FENDER_DSGN_12-14_FSD,FENDER OTR,15.67,14.77,6,6,DSGN,29006.352,19544.48,155540.5,1.95,0.79,2.73,539200.55
gmna,MAKE,2019,Actual,P00050428,848.3,Assembly,D3N300260,FTD_FENDER_DAS_12-14_FSD,FENDER OTR,15.67,14.77,1,1,DAS,78970.547,128558.51,220974.48,2.17,1.12,3.29,648540.92
gmna,MAKE,2019,Actual,P00050450,529.4,Assembly,D3N300260,FTD_FENDER_DAS_12-14_FSD,FENDER OTR,15.67,14.77,1,1,DAS,49371.844,88947.12,169798.8,1.74,0.86,2.6,512335.73
gmna,MAKE,2019,Actual,P00051190,3653.2,V6,D3D200560,FTD_FENDER_DD_12-14_FSD,FENDER OTR,16.03,14.77,1,1,DD,341574.2,,,,,,
gmna,MAKE,2019,Actual,P00051190,442.6,Iteration,D3D200560,FTD_FENDER_DD_12-14_FSD,FENDER OTR,16.03,14.77,2,2,DD,41383.1,,,,,,
gmna,MAKE,2019,Actual,P00050385,393.9,Total,D2Y450360,FTD_FENDER_DSGN_12-14_FSD,FENDER OTR,16.62,14.77,6,6,DSGN,27320.904,210882.84,317865.95,2.46,1.61,4.07,802199.95
gmna,MAKE,2019,Actual,P00051190,7863,Iteration,D3D200560,FTD_FENDER_DD_12-14_FSD,FENDER OTR,16.03,14.77,2,2,DD,735190.5,,,,,,
gmna,MAKE,2019,Actual,P00051190,5902.8,Iteration,D3D200560,FTD_FENDER_DD_12-14_FSD,FENDER OTR,16.03,14.77,2,2,DD,550895.64,,,,,,
gmna,MAKE,2019,Actual,P00051190,468.9,Iteration,D3D200560,FTD_FENDER_DD_12-14_FSD,FENDER OTR,16.03,14.77,2,2,DD,43729.614,,,,,,
gmna,MAKE,2019,Actual,P00050726,959.5,V6,D3D200560,FTD_FENDER_DD_12-14_FSD,FENDER OTR,16.62,14.77,1,1,DD,89713.25,,,,,,
gmna,MAKE,2019,Actual,P00050726,2198.3,Iteration,D3D200560,FTD_FENDER_DD_12-14_FSD,FENDER OTR,16.62,14.77,2,2,DD,205280.218,,,,,,
gmna,MAKE,2019,Actual,P00050726,12894.8,Iteration,D3D200560,FTD_FENDER_DD_12-14_FSD,FENDER OTR,16.62,14.77,2,2,DD,1203392.632,,,,,,
gmna,MAKE,2019,Actual,P00050726,1139.5,Iteration,D3D200560,FTD_FENDER_DD_12-14_FSD,FENDER OTR,16.62,14.77,2,2,DD,106269.77,,,,,,
gmna,MAKE,2019,Actual,P00050726,4962.84,Iteration,D3D200560,FTD_FENDER_DD_12-14_FSD,FENDER OTR,16.62,14.77,2,2,DD,462834.4584,,,,,,
gmna,MAKE,2019,Actual,P00050726,429.8,Iteration,D3D200560,FTD_FENDER_DD_12-14_FSD,FENDER OTR,16.62,14.77,2,2,DD,40083.148,,,,,,
gmna,MAKE,2019,Actual,P00050407,1255.5,V2,D3J350460,FTD_FENDER_V2_12-14_FSD,FENDER OTR,16.62,14.77,1,1,V2,117087.93,210882.84,317865.95,2.46,1.61,4.07,802199.95
gmna,MAKE,2019,Actual,P00051190,2053.2,Iteration,D3D200560,FTD_FENDER_DD_12-14_FSD,FENDER OTR,16.03,14.77,2,2,DD,191876.424,,,,,,
gmna,MAKE,2019,Actual,P00050383,475.3,Design,D2Y450360,FTD_FENDER_DSGN_12-14_FSD,FENDER OTR,15.67,14.77,6,6,DSGN,32966.808,252039.99,339970.41,2.22,1.72,3.94,777755.25
gmna,MAKE,2019,Actual,P00050406,1152.6,Subassembly,D3N300260,FTD_FENDER_DAS_12-14_FSD,FENDER OTR,16.62,14.77,1,1,DAS,106373.454,210882.84,317865.95,2.46,1.61,4.07,802199.95
gmna,MAKE,2019,Actual,P00050410,324.1,Subassembly,D3N300260,FTD_FENDER_DAS_12-14_FSD,FENDER OTR,16.62,14.77,1,1,DAS,29911.189,190323.65,292656.12,2.33,1.48,3.82,752686.91
gmna,MAKE,2019,Actual,P00050410,364.6,Final Machining,D3N300260,FTD_FENDER_DAS_12-14_FSD,FENDER OTR,16.62,14.77,1,1,DAS,33648.934,190323.65,292656.12,2.33,1.48,3.82,752686.91
gmna,MAKE,2019,Actual,P00050387,455.1,Design,D2Y450360,FTD_FENDER_DSGN_12-14_FSD,FENDER OTR,16.62,14.77,6,6,DSGN,31565.736,91630.75,176247.52,1.93,0.89,2.82,556516.84
gmna,MAKE,2019,Actual,P00050386,452,Design,D2Y450360,FTD_FENDER_DSGN_12-14_FSD,FENDER OTR,16.62,14.77,6,6,DSGN,31350.72,190323.65,292656.12,2.33,1.48,3.82,752686.91
gmna,MAKE,2019,Actual,P00050388,446,Design,D2Y450360,FTD_FENDER_DSGN_12-14_FSD,FENDER OTR,16.62,14.77,6,6,DSGN,30934.56,142918.62,231296.17,2.03,1.17,3.21,632370.07
gmna,Make,2019,Actual,P00049687,343.5,Initial Machining,D3N300120,FTD_OTHER_DAS_5-7_FSD,DASH,6.11,7.87,1,1,DAS,31701.615,79305.22,132796.33,0.92,0.67,1.59,313714.72
gmna,Make,2019,Actual,P00049689,270.4,Initial Machining,D3N300120,FTD_OTHER_DAS_5-7_FSD,DASH,6.11,7.87,1,1,DAS,24955.216,57076.92,106297.07,0.7,0.54,1.24,244281.47
gmna,Make,2019,Actual,P00049688,209.8,Initial Machining,D3N300120,FTD_OTHER_DAS_5-7_FSD,DASH,6.11,7.87,1,1,DAS,19362.442,42595.01,95833.42,0.8,0.49,1.28,253175.47
gmna,Make,2019,Actual,P00049682,210.5,Foundry,D3I450420,FTD_OTHER_DIE_PREP_5-7_FSD,DASH,6.11,7.87,3,3,DIE-PREP,19427.045,21991.2,157790.94,1.2,0.8,2,393613.3
gmna,Make,2019,Actual,P00049689,297.1,Final Machining,D3N300120,FTD_OTHER_DAS_5-7_FSD,DASH,6.11,7.87,1,1,DAS,27419.359,57076.92,106297.07,0.7,0.54,1.24,244281.47
gmna,Make,2019,Actual,P00049686,272.9,Final Machining,D3N300120,FTD_OTHER_DAS_5-7_FSD,DASH,6.11,7.87,1,1,DAS,25185.941,21991.2,157790.94,1.2,0.8,2,393613.3
gmna,Make,2019,Actual,P00049687,254.9,Final Machining,D3N300120,FTD_OTHER_DAS_5-7_FSD,DASH,6.11,7.87,1,1,DAS,23524.721,79305.22,132796.33,0.92,0.67,1.59,313714.72
gmna,Make,2019,Actual,P00049466,432.5,Design,D2Y350520,NEW_DSGN_FTD_LINE_FSD'S_BETWEEN_5.0_7.0,DASH,6.11,7.87,6,6,DSGN,29998.2,79305.22,132796.33,0.92,0.67,1.59,313714.72
gmna,Make,2019,Actual,P00049468,353.8,Design,D2Y350520,NEW_DSGN_FTD_LINE_FSD'S_BETWEEN_5.0_7.0,DASH,6.11,7.87,6,6,DSGN,24539.568,57076.92,106297.07,0.7,0.54,1.24,244281.47
gmna,Make,2019,Actual,P00049465,353.6,Design,D2Y300800,NEW_DSGN_FTD_DRAW-010_FSD'S_BETWEEN_5.0_7.0,DASH,6.11,7.87,5,5,DSGN,24525.696,21991.2,157790.94,1.2,0.8,2,393613.3
gmna,MAKE,2019,Actual,P00050400,572.3,Final Machining,D3N300260,FTD_FENDER_DAS_12-14_FSD,FENDER OTR,16.62,14.77,1,1,DAS,52817.567,19850,142950.82,1.97,0.72,2.7,531613.92
gmna,MAKE,2019,Actual,P00050406,830.4,Final Machining,D3N300260,FTD_FENDER_DAS_12-14_FSD,FENDER OTR,16.62,14.77,1,1,DAS,76637.616,210882.84,317865.95,2.46,1.61,4.07,802199.95
gmna,MAKE,2019,Actual,P00050561,178.6,Foundry,D3I450560,FTD_FENDER_DIE_PREP_12-14_FSD,FENDER OTR,16.62,14.77,3,3,DIE-PREP,16482.994,91630.75,176247.52,1.93,0.89,2.82,556516.84
gmna,MAKE,2019,Actual,P00050563,319,Subassembly,D3N300260,FTD_FENDER_DAS_12-14_FSD,FENDER OTR,16.62,14.77,1,1,DAS,29518.11,91630.75,176247.52,1.93,0.89,2.82,556516.84
gmna,MAKE,2019,Actual,P00050400,244.3,Subassembly,D3N300260,FTD_FENDER_DAS_12-14_FSD,FENDER OTR,16.62,14.77,1,1,DAS,22546.447,19850,142950.82,1.97,0.72,2.7,531613.92
gmna,MAKE,2019,Actual,P00050567,189.5,Process Planning,D3I450560,FTD_FENDER_DIE_PREP_12-14_FSD,FENDER OTR,16.62,14.77,1,1,DIE-PREP,17534.06,142918.62,231296.17,2.03,1.17,3.21,632370.07
gmna,MAKE,2019,Actual,P00050561,146,Process Planning,D3I450560,FTD_FENDER_DIE_PREP_12-14_FSD,FENDER OTR,16.62,14.77,1,1,DIE-PREP,13497.62,91630.75,176247.52,1.93,0.89,2.82,556516.84
gmna,MAKE,2019,Actual,P00050401,87.7,Process Planning,D3I450560,FTD_FENDER_DIE_PREP_12-14_FSD,FENDER OTR,16.62,14.77,1,1,DIE-PREP,8093.833,19850,142950.82,1.97,0.72,2.7,531613.92
gmna,MAKE,2019,Actual,P00050409,71.6,Process Planning,D3I450560,FTD_FENDER_DIE_PREP_12-14_FSD,FENDER OTR,16.62,14.77,1,1,DIE-PREP,6611.844,190323.65,292656.12,2.33,1.48,3.82,752686.91
gmna,MAKE,2019,Actual,P00050405,45,Process Planning,D3I450560,FTD_FENDER_DIE_PREP_12-14_FSD,FENDER OTR,16.62,14.77,1,1,DIE-PREP,4153.05,210882.84,317865.95,2.46,1.61,4.07,802199.95
gmna,MAKE,2019,Actual,P00050405,532.8,Patterns,D3I450560,FTD_FENDER_DIE_PREP_12-14_FSD,FENDER OTR,16.62,14.77,2,2,DIE-PREP,49172.112,210882.84,317865.95,2.46,1.61,4.07,802199.95
gmna,MAKE,2019,Actual,P00050409,426.8,Patterns,D3I450560,FTD_FENDER_DIE_PREP_12-14_FSD,FENDER OTR,16.62,14.77,2,2,DIE-PREP,39389.372,190323.65,292656.12,2.33,1.48,3.82,752686.91
gmna,MAKE,2019,Actual,P00050568,425.2,Subassembly,D3N300260,FTD_FENDER_DAS_12-14_FSD,FENDER OTR,16.62,14.77,1,1,DAS,39309.608,142918.62,231296.17,2.03,1.17,3.21,632370.07
gmna,MAKE,2019,Actual,P00050561,367.3,Patterns,D3I450560,FTD_FENDER_DIE_PREP_12-14_FSD,FENDER OTR,16.62,14.77,2,2,DIE-PREP,33898.117,91630.75,176247.52,1.93,0.89,2.82,556516.84
gmna,MAKE,2019,Actual,P00050406,1164.6,Initial Machining,D3N300260,FTD_FENDER_DAS_12-14_FSD,FENDER OTR,16.62,14.77,1,1,DAS,107480.934,210882.84,317865.95,2.46,1.61,4.07,802199.95
gmna,MAKE,2019,Actual,P00050410,516,Initial Machining,D3N300260,FTD_FENDER_DAS_12-14_FSD,FENDER OTR,16.62,14.77,1,1,DAS,47621.64,190323.65,292656.12,2.33,1.48,3.82,752686.91
gmna,MAKE,2019,Actual,P00050568,440.1,Initial Machining,D3N300260,FTD_FENDER_DAS_12-14_FSD,FENDER OTR,16.62,14.77,1,1,DAS,40616.829,142918.62,231296.17,2.03,1.17,3.21,632370.07
gmna,MAKE,2019,Actual,P00050563,433.2,Initial Machining,D3N300260,FTD_FENDER_DAS_12-14_FSD,FENDER OTR,16.62,14.77,1,1,DAS,39980.028,91630.75,176247.52,1.93,0.89,2.82,556516.84
gmna,MAKE,2019,Actual,P00050405,306.8,Foundry,D3I450560,FTD_FENDER_DIE_PREP_12-14_FSD,FENDER OTR,16.62,14.77,3,3,DIE-PREP,28314.572,210882.84,317865.95,2.46,1.61,4.07,802199.95
gmna,MAKE,2019,Actual,P00050409,204.7,Foundry,D3I450560,FTD_FENDER_DIE_PREP_12-14_FSD,FENDER OTR,16.62,14.77,3,3,DIE-PREP,18891.763,190323.65,292656.12,2.33,1.48,3.82,752686.91
gmna,MAKE,2019,Actual,P00050567,200.1,Foundry,D3I450560,FTD_FENDER_DIE_PREP_12-14_FSD,FENDER OTR,16.62,14.77,3,3,DIE-PREP,18467.229,142918.62,231296.17,2.03,1.17,3.21,632370.07
gmna,MAKE,2019,Actual,P00050401,301.9,Patterns,D3I450560,FTD_FENDER_DIE_PREP_12-14_FSD,FENDER OTR,16.62,14.77,2,2,DIE-PREP,27862.351,19850,142950.82,1.97,0.72,2.7,531613.92
gmna,MAKE,2019,Actual,P00049319,384.5,Total,D2Y350520,NEW_DSGN_FTD_LINE_FSD'S_BETWEEN_5.0_7.0,FRONT FLOOR,6.54,13.2,6,6,DSGN,26366.688,20254.88,102015.11,1.29,0.52,1.81,356111.64
gmna,MAKE,2019,Actual,P00049720,549,Total,D3I450480,FTD_OTHER_DIE_PREP_11-14_FSD,FRONT FLOOR,6.54,13.2,6,6,DIE-PREP,50667.21,20254.88,102015.11,1.29,0.52,1.81,356111.64
gmna,Make,2019,Actual,P00052622,156.5,Subassembly,D3N300140,FTD_OTHER_DAS_7-9_FSD,SUNROOF REINF,6.65,7.2,1,1,DAS,14595.19,17404.13,75234.22,1.15,0.38,1.53,302423.48
gmna,Make,2019,Actual,P00052625,397.3,Design,D2Y450240,FTD_OTHER_DSGN_7-9_FSD,SUNROOF REINF,6.65,7.2,6,6,DSGN,27556.728,17404.13,75234.22,1.15,0.38,1.53,302423.48
gmna,Make,2019,Actual,P00052620,390.4,Design,D2Y450240,FTD_OTHER_DSGN_7-9_FSD,SUNROOF REINF,6.65,7.2,6,6,DSGN,27078.144,9252.42,115569.59,1.35,0.59,1.94,381739.38
gmna,Make,2019,Actual,P00052617,665.4,Assembly,D3N300140,FTD_OTHER_DAS_7-9_FSD,SUNROOF REINF,6.65,7.2,1,1,DAS,62055.204,9252.42,115569.59,1.35,0.59,1.94,381739.38
gmna,Make,2019,Actual,P00052632,354.4,Assembly,D3N300140,FTD_OTHER_DAS_7-9_FSD,SUNROOF REINF,6.65,7.2,1,1,DAS,33051.344,12789.92,79029.92,1.16,0.4,1.56,307145.17
gmna,Make,2019,Actual,P00052622,315.6,Assembly,D3N300140,FTD_OTHER_DAS_7-9_FSD,SUNROOF REINF,6.65,7.2,1,1,DAS,29432.856,17404.13,75234.22,1.15,0.38,1.53,302423.48
gmna,Make,2019,Actual,P00052627,284.9,Assembly,D3N300140,FTD_OTHER_DAS_7-9_FSD,SUNROOF REINF,6.65,7.2,1,1,DAS,26569.774,16078.11,75046.13,1.24,0.38,1.62,319693.78
gmna,Make,2019,Actual,P00052575,573.9,Total,D3J350460,FTD_FENDER_V2_12-14_FSD,FENDER OTR,13.56,14.55,1,1,V2,53521.914,88472.48,180091,2.02,0.91,2.94,578961.42
gmna,Make,2019,Actual,P00053601,604.5,Total,D3I450560,FTD_FENDER_DIE_PREP_12-14_FSD,FENDER OTR,13.56,14.55,10,10,DIE-PREP,56375.67,89489.23,170185.23,1.59,0.86,2.45,483626.02
gmna,Make,2019,Actual,P00053600,614.6,Total,D3I450560,FTD_FENDER_DIE_PREP_12-14_FSD,FENDER OTR,13.56,14.55,10,10,DIE-PREP,57317.596,86951.3,180360.32,2.21,0.91,3.12,616195.36
gmna,Make,2019,Actual,P00052560,629.1,Total,D3J350460,FTD_FENDER_V2_12-14_FSD,FENDER OTR,13.56,14.55,1,1,V2,58669.866,86678.1,174693.4,2.13,0.89,3.01,594288.3
gmna,Make,2019,Actual,P00053599,634.7,Total,D3I450560,FTD_FENDER_DIE_PREP_12-14_FSD,FENDER OTR,13.56,14.55,10,10,DIE-PREP,59192.122,86678.1,174693.4,2.13,0.89,3.01,594288.3
gmna,Make,2019,Actual,P00053598,660.5,Total,D3I450560,FTD_FENDER_DIE_PREP_12-14_FSD,FENDER OTR,13.56,14.55,10,10,DIE-PREP,61598.23,20756.54,108154.16,1.49,0.55,2.04,402006.39
gmna,Make,2019,Actual,P00053602,697,Total,D3I450560,FTD_FENDER_DIE_PREP_12-14_FSD,FENDER OTR,13.56,14.55,10,10,DIE-PREP,65002.22,88472.48,180091,2.02,0.91,2.94,578961.42
gmna,Make,2019,Actual,P00052689,810.9,Total,D3M350260,FTD_FENDER_V1_12-14_FSD,FENDER OTR,13.56,14.55,1,1,V1,75624.534,20756.54,108154.16,1.49,0.55,2.04,402006.39
gmna,Make,2019,Actual,P00052570,888.5,Total,D3J350460,FTD_FENDER_V2_12-14_FSD,FENDER OTR,13.56,14.55,1,1,V2,82861.51,89489.23,170185.23,1.59,0.86,2.45,483626.02
gmna,Make,2019,Actual,P00052565,951.6,Total,D3J350460,FTD_FENDER_V2_12-14_FSD,FENDER OTR,13.56,14.55,1,1,V2,88746.216,86951.3,180360.32,2.21,0.91,3.12,616195.36
gmna,Make,2019,Actual,P00052689,810.9,V1,D3M350260,FTD_FENDER_V1_12-14_FSD,FENDER OTR,13.56,14.55,1,1,V1,75624.534,20756.54,108154.16,1.49,0.55,2.04,402006.39
gmna,Make,2019,Actual,P00052575,573.9,V2,D3J350460,FTD_FENDER_V2_12-14_FSD,FENDER OTR,13.56,14.55,1,1,V2,53521.914,88472.48,180091,2.02,0.91,2.94,578961.42
gmna,Make,2019,Actual,P00052560,629.1,V2,D3J350460,FTD_FENDER_V2_12-14_FSD,FENDER OTR,13.56,14.55,1,1,V2,58669.866,86678.1,174693.4,2.13,0.89,3.01,594288.3
gmna,Make,2019,Actual,P00052570,888.5,V2,D3J350460,FTD_FENDER_V2_12-14_FSD,FENDER OTR,13.56,14.55,1,1,V2,82861.51,89489.23,170185.23,1.59,0.86,2.45,483626.02
gmna,Make,2019,Actual,P00052565,951.6,V2,D3J350460,FTD_FENDER_V2_12-14_FSD,FENDER OTR,13.56,14.55,1,1,V2,88746.216,86951.3,180360.32,2.21,0.91,3.12,616195.36
gmna,Make,2019,Actual,P00053056,408.2,Iteration,D3D200560,FTD_FENDER_DD_12-14_FSD,FENDER OTR,13.56,14.55,2,2,REPLACED,38068.732,,,,,,
gmna,Make,2019,Actual,P00053056,2047.5,Iteration,D3D200560,FTD_FENDER_DD_12-14_FSD,FENDER OTR,13.56,14.55,2,2,REPLACED,190949.85,,,,,,
gmna,Make,2019,Actual,P00062371,4083,Iteration,D3D200581,NEW_FTD_FENDER_DD_14-17_FSD,FENDER OTR,13.56,14.55,3,3,DD,381589.092,,,,,,
gmna,Make,2019,Actual,P00052630,400,Design,D2Y450240,FTD_OTHER_DSGN_7-9_FSD,SUNROOF REINF,6.65,7.2,6,6,DSGN,27744,16078.11,75046.13,1.24,0.38,1.62,319693.78
gmna,Make,2019,Actual,P00053056,203.5,Iteration,D3D200560,FTD_FENDER_DD_12-14_FSD,FENDER OTR,13.56,14.55,2,2,REPLACED,18978.41,,,,,,
gmna,Make,2019,Actual,P00052635,431.3,Design,D2Y450240,FTD_OTHER_DSGN_7-9_FSD,SUNROOF REINF,6.65,7.2,6,6,DSGN,29914.968,12789.92,79029.92,1.16,0.4,1.56,307145.17
gmna,Make,2019,Actual,P00052627,239.5,Final Machining,D3N300140,FTD_OTHER_DAS_7-9_FSD,SUNROOF REINF,6.65,7.2,1,1,DAS,22335.77,16078.11,75046.13,1.24,0.38,1.62,319693.78
gmna,Make,2019,Actual,P00051255,384.5,Initial Machining,D3N300120,FTD_OTHER_DAS_5-7_FSD,REAR FLOOR,8.03,8.08,1,1,DAS,35485.505,19436.98,94278.11,1.39,0.48,1.87,369249.92
gmna,Make,2019,Actual,P00051260,403.7,Initial Machining,D3N300120,FTD_OTHER_DAS_5-7_FSD,REAR FLOOR,8.03,8.08,1,1,DAS,37257.473,23008.27,94056.67,1.15,0.48,1.63,320582.23
gmna,Make,2019,Actual,P00051270,697.1,Initial Machining,D3N300120,FTD_OTHER_DAS_5-7_FSD,REAR FLOOR,8.03,8.08,1,1,DAS,64335.359,15766.63,104567.19,2.11,0.53,2.64,520661.82
gmna,Make,2019,Actual,P00051256,146,Patterns,D3I450420,FTD_OTHER_DIE_PREP_5-7_FSD,REAR FLOOR,8.03,8.08,2,2,DIE-PREP,13474.34,19436.98,94278.11,1.39,0.48,1.87,369249.92
gmna,Make,2019,Actual,P00051261,222,Patterns,D3I450420,FTD_OTHER_DIE_PREP_5-7_FSD,REAR FLOOR,8.03,8.08,2,2,DIE-PREP,20488.38,23008.27,94056.67,1.15,0.48,1.63,320582.23
gmna,Make,2019,Actual,P00052574,511.4,Total,D2Y450360,FTD_FENDER_DSGN_12-14_FSD,FENDER OTR,13.56,14.55,6,6,DSGN,35470.704,88472.48,180091,2.02,0.91,2.94,578961.42
gmna,Make,2019,Actual,P00052564,521.1,Total,D2Y450360,FTD_FENDER_DSGN_12-14_FSD,FENDER OTR,13.56,14.55,6,6,DSGN,36143.496,86951.3,180360.32,2.21,0.91,3.12,616195.36
gmna,Make,2019,Actual,P00052632,383.5,Subassembly,D3N300140,FTD_OTHER_DAS_7-9_FSD,SUNROOF REINF,6.65,7.2,1,1,DAS,35765.21,12789.92,79029.92,1.16,0.4,1.56,307145.17
gmna,Make,2019,Actual,P00052627,188.5,Subassembly,D3N300140,FTD_OTHER_DAS_7-9_FSD,SUNROOF REINF,6.65,7.2,1,1,DAS,17579.51,16078.11,75046.13,1.24,0.38,1.62,319693.78
gmna,Make,2019,Actual,P00052569,551.1,Total,D2Y450360,FTD_FENDER_DSGN_12-14_FSD,FENDER OTR,13.56,14.55,6,6,DSGN,38224.296,89489.23,170185.23,1.59,0.86,2.45,483626.02
gmna,Make,2019,Actual,P00052617,125.5,Subassembly,D3N300140,FTD_OTHER_DAS_7-9_FSD,SUNROOF REINF,6.65,7.2,1,1,DAS,11704.13,9252.42,115569.59,1.35,0.59,1.94,381739.38
gmna,Make,2019,Actual,P00053618,74,Process Planning,D3I450440,FTD_OTHER_DIE_PREP_7-9_FSD,SUNROOF REINF,6.65,7.2,1,1,DIE-PREP,6901.24,16078.11,75046.13,1.24,0.38,1.62,319693.78
gmna,Make,2019,Actual,P00053619,63,Process Planning,D3I450440,FTD_OTHER_DIE_PREP_7-9_FSD,SUNROOF REINF,6.65,7.2,1,1,DIE-PREP,5875.38,12789.92,79029.92,1.16,0.4,1.56,307145.17
gmna,Make,2019,Actual,P00053616,61,Process Planning,D3I450440,FTD_OTHER_DIE_PREP_7-9_FSD,SUNROOF REINF,6.65,7.2,1,1,DIE-PREP,5688.86,9252.42,115569.59,1.35,0.59,1.94,381739.38
gmna,Make,2019,Actual,P00053617,28,Process Planning,D3I450440,FTD_OTHER_DIE_PREP_7-9_FSD,SUNROOF REINF,6.65,7.2,1,1,DIE-PREP,2611.28,17404.13,75234.22,1.15,0.38,1.53,302423.48
gmna,Make,2019,Actual,P00053617,194.8,Patterns,D3I450440,FTD_OTHER_DIE_PREP_7-9_FSD,SUNROOF REINF,6.65,7.2,6,6,DIE-PREP,18167.048,17404.13,75234.22,1.15,0.38,1.53,302423.48
gmna,Make,2019,Actual,P00053619,186,Patterns,D3I450440,FTD_OTHER_DIE_PREP_7-9_FSD,SUNROOF REINF,6.65,7.2,6,6,DIE-PREP,17346.36,12789.92,79029.92,1.16,0.4,1.56,307145.17
gmna,Make,2019,Actual,P00053616,177.25,Patterns,D3I450440,FTD_OTHER_DIE_PREP_7-9_FSD,SUNROOF REINF,6.65,7.2,6,6,DIE-PREP,16530.335,9252.42,115569.59,1.35,0.59,1.94,381739.38
gmna,Make,2019,Actual,P00053618,172.4,Patterns,D3I450440,FTD_OTHER_DIE_PREP_7-9_FSD,SUNROOF REINF,6.65,7.2,6,6,DIE-PREP,16078.024,16078.11,75046.13,1.24,0.38,1.62,319693.78
gmna,Make,2019,Actual,P00052632,436.1,Initial Machining,D3N300140,FTD_OTHER_DAS_7-9_FSD,SUNROOF REINF,6.65,7.2,1,1,DAS,40670.686,12789.92,79029.92,1.16,0.4,1.56,307145.17
gmna,Make,2019,Actual,P00052627,366.9,Initial Machining,D3N300140,FTD_OTHER_DAS_7-9_FSD,SUNROOF REINF,6.65,7.2,1,1,DAS,34217.094,16078.11,75046.13,1.24,0.38,1.62,319693.78
gmna,Make,2019,Actual,P00052622,300.2,Initial Machining,D3N300140,FTD_OTHER_DAS_7-9_FSD,SUNROOF REINF,6.65,7.2,1,1,DAS,27996.652,17404.13,75234.22,1.15,0.38,1.53,302423.48
gmna,Make,2019,Actual,P00053619,176.8,Foundry,D3I450440,FTD_OTHER_DIE_PREP_7-9_FSD,SUNROOF REINF,6.65,7.2,3,3,DIE-PREP,16488.368,12789.92,79029.92,1.16,0.4,1.56,307145.17
gmna,Make,2019,Actual,P00053617,92.5,Foundry,D3I450440,FTD_OTHER_DIE_PREP_7-9_FSD,SUNROOF REINF,6.65,7.2,3,3,DIE-PREP,8626.55,17404.13,75234.22,1.15,0.38,1.53,302423.48
gmna,Make,2019,Actual,P00053618,80,Foundry,D3I450440,FTD_OTHER_DIE_PREP_7-9_FSD,SUNROOF REINF,6.65,7.2,3,3,DIE-PREP,7460.8,16078.11,75046.13,1.24,0.38,1.62,319693.78
gmna,Make,2019,Actual,P00053616,78.5,Foundry,D3I450440,FTD_OTHER_DIE_PREP_7-9_FSD,SUNROOF REINF,6.65,7.2,3,3,DIE-PREP,7320.91,9252.42,115569.59,1.35,0.59,1.94,381739.38
gmna,Make,2019,Actual,P00052617,382.4,Final Machining,D3N300140,FTD_OTHER_DAS_7-9_FSD,SUNROOF REINF,6.65,7.2,1,1,DAS,35662.624,9252.42,115569.59,1.35,0.59,1.94,381739.38
gmna,Make,2019,Actual,P00052622,257.8,Final Machining,D3N300140,FTD_OTHER_DAS_7-9_FSD,SUNROOF REINF,6.65,7.2,1,1,DAS,24042.428,17404.13,75234.22,1.15,0.38,1.53,302423.48
gmna,Make,2019,Actual,P00052632,191.3,Final Machining,D3N300140,FTD_OTHER_DAS_7-9_FSD,SUNROOF REINF,6.65,7.2,1,1,DAS,17840.638,12789.92,79029.92,1.16,0.4,1.56,307145.17
gmna,Make,2019,Actual,P00062371,1109.9,Iteration,D3D200581,NEW_FTD_FENDER_DD_14-17_FSD,FENDER OTR,13.56,14.55,2,2,DD,103717.138,,,,,,
gmna,Make,2019,Actual,P00053056,68,Iteration,D3D200560,FTD_FENDER_DD_12-14_FSD,FENDER OTR,13.56,14.55,2,2,REPLACED,6341.68,,,,,,
gmna,Make,2019,Actual,P00062371,10373.9,Iteration,D3D200581,NEW_FTD_FENDER_DD_14-17_FSD,FENDER OTR,13.56,14.55,5,5,DD,969959.65,,,,,,
gmna,Make,2019,Actual,P00049650,60,Process Planning,D3I450440,FTD_OTHER_DIE_PREP_7-9_FSD,REAR FLOOR,4.93,7.4,1,1,DIE-PREP,5537.4,5968.44,84550.61,1.23,0.43,1.66,327628.25
gmna,Make,2019,Actual,P00049652,56,Process Planning,D3I450440,FTD_OTHER_DIE_PREP_7-9_FSD,REAR FLOOR,4.93,7.4,1,1,DIE-PREP,5168.24,12747.79,67315.52,0.66,0.34,1,197835.35
gmna,Make,2019,Actual,P00049651,49.8,Process Planning,D3I450440,FTD_OTHER_DIE_PREP_7-9_FSD,REAR FLOOR,4.93,7.4,1,1,DIE-PREP,4596.042,16254.97,76192.07,0.85,0.39,1.24,244509.01
gmna,Make,2019,Actual,P00049653,19,Process Planning,D3I450440,FTD_OTHER_DIE_PREP_7-9_FSD,REAR FLOOR,4.93,7.4,1,1,DIE-PREP,1753.51,8805.52,62841.53,0.71,0.32,1.03,202684.23
gmna,Make,2019,Actual,P00049651,181.9,Patterns,D3I450440,FTD_OTHER_DIE_PREP_7-9_FSD,REAR FLOOR,4.93,7.4,2,2,DIE-PREP,16787.551,16254.97,76192.07,0.85,0.39,1.24,244509.01
gmna,Make,2019,Actual,P00049650,180.9,Patterns,D3I450440,FTD_OTHER_DIE_PREP_7-9_FSD,REAR FLOOR,4.93,7.4,2,2,DIE-PREP,16695.261,5968.44,84550.61,1.23,0.43,1.66,327628.25
gmna,Make,2019,Actual,P00049652,168.9,Patterns,D3I450440,FTD_OTHER_DIE_PREP_7-9_FSD,REAR FLOOR,4.93,7.4,2,2,DIE-PREP,15587.781,12747.79,67315.52,0.66,0.34,1,197835.35
gmna,Make,2019,Actual,P00049653,165.8,Patterns,D3I450440,FTD_OTHER_DIE_PREP_7-9_FSD,REAR FLOOR,4.93,7.4,2,2,DIE-PREP,15301.682,8805.52,62841.53,0.71,0.32,1.03,202684.23
gmna,Make,2019,Actual,P00049674,329.3,Initial Machining,D3N300140,FTD_OTHER_DAS_7-9_FSD,REAR FLOOR,4.93,7.4,1,1,DAS,30391.097,16254.97,76192.07,0.85,0.39,1.24,244509.01
gmna,Make,2019,Actual,P00049650,215.4,Foundry,D3I450440,FTD_OTHER_DIE_PREP_7-9_FSD,REAR FLOOR,4.93,7.4,3,3,DIE-PREP,19879.266,5968.44,84550.61,1.23,0.43,1.66,327628.25
gmna,Make,2019,Actual,P00049653,134,Foundry,D3I450440,FTD_OTHER_DIE_PREP_7-9_FSD,REAR FLOOR,4.93,7.4,3,3,DIE-PREP,12366.86,8805.52,62841.53,0.71,0.32,1.03,202684.23
gmna,Make,2019,Actual,P00049652,102,Foundry,D3I450440,FTD_OTHER_DIE_PREP_7-9_FSD,REAR FLOOR,4.93,7.4,3,3,DIE-PREP,9413.58,12747.79,67315.52,0.66,0.34,1,197835.35
gmna,Make,2019,Actual,P00049651,98,Foundry,D3I450440,FTD_OTHER_DIE_PREP_7-9_FSD,REAR FLOOR,4.93,7.4,3,3,DIE-PREP,9044.42,16254.97,76192.07,0.85,0.39,1.24,244509.01
gmna,Make,2019,Actual,P00049660,302.7,Final Machining,D3N300140,FTD_OTHER_DAS_7-9_FSD,REAR FLOOR,4.93,7.4,1,1,DAS,27936.183,5968.44,84550.61,1.23,0.43,1.66,327628.25
gmna,Make,2019,Actual,P00053600,65,Process Planning,D3I450560,FTD_FENDER_DIE_PREP_12-14_FSD,FENDER OTR,13.56,14.55,1,1,DIE-PREP,6061.9,86951.3,180360.32,2.21,0.91,3.12,616195.36
gmna,Make,2019,Actual,P00049472,300.1,Design,D2Y350520,NEW_DSGN_FTD_LINE_FSD'S_BETWEEN_5.0_7.0,REAR FLOOR,4.93,7.4,6,6,DSGN,20814.936,8805.52,62841.53,0.71,0.32,1.03,202684.23
gmna,Make,2019,Actual,P00049471,283.5,Design,D2Y350520,NEW_DSGN_FTD_LINE_FSD'S_BETWEEN_5.0_7.0,REAR FLOOR,4.93,7.4,6,6,DSGN,19663.56,12747.79,67315.52,0.66,0.34,1,197835.35
gmna,Make,2019,Actual,P00049470,263.7,Design,D2Y350520,NEW_DSGN_FTD_LINE_FSD'S_BETWEEN_5.0_7.0,REAR FLOOR,4.93,7.4,6,6,DSGN,18290.232,16254.97,76192.07,0.85,0.39,1.24,244509.01
gmna,Make,2019,Actual,P00049469,250.4,Design,D2Y300800,NEW_DSGN_FTD_DRAW-010_FSD'S_BETWEEN_5.0_7.0,REAR FLOOR,4.93,7.4,5,5,DSGN,17367.744,5968.44,84550.61,1.23,0.43,1.66,327628.25
gmna,Make,2019,Actual,P00052637,132,Design,D2Y150060,DSGN_FTD_CHANGE,REAR FLOOR,4.93,7.4,1,1,DSGN,9155.52,5968.44,84550.61,1.23,0.43,1.66,327628.25
gmna,Make,2019,Actual,P00049660,521,Assembly,D3N300140,FTD_OTHER_DAS_7-9_FSD,REAR FLOOR,4.93,7.4,1,1,DAS,48083.09,5968.44,84550.61,1.23,0.43,1.66,327628.25
gmna,Make,2019,Actual,P00049673,274.5,Assembly,D3N300140,FTD_OTHER_DAS_7-9_FSD,REAR FLOOR,4.93,7.4,1,1,DAS,25370.95,12747.79,67315.52,0.66,0.34,1,197835.35
gmna,Make,2019,Actual,P00049674,226,Assembly,D3N300140,FTD_OTHER_DAS_7-9_FSD,REAR FLOOR,4.93,7.4,1,1,DAS,20857.54,16254.97,76192.07,0.85,0.39,1.24,244509.01
gmna,Make,2019,Actual,P00049671,161.5,Assembly,D3N300140,FTD_OTHER_DAS_7-9_FSD,REAR FLOOR,4.93,7.4,1,1,DAS,14942.18,8805.52,62841.53,0.71,0.32,1.03,202684.23
gmna,Make,2019,Actual,P00049671,168,Subassembly,D3N300140,FTD_OTHER_DAS_7-9_FSD,REAR FLOOR,4.93,7.4,1,1,DAS,15504.72,8805.52,62841.53,0.71,0.32,1.03,202684.23
gmna,Make,2019,Actual,P00049660,213.9,Subassembly,D3N300140,FTD_OTHER_DAS_7-9_FSD,REAR FLOOR,4.93,7.4,1,1,DAS,19740.831,5968.44,84550.61,1.23,0.43,1.66,327628.25
gmna,Make,2019,Actual,P00049674,245.1,Subassembly,D3N300140,FTD_OTHER_DAS_7-9_FSD,REAR FLOOR,4.93,7.4,1,1,DAS,22620.279,16254.97,76192.07,0.85,0.39,1.24,244509.01
gmna,Make,2019,Actual,P00052637,132,Total,D2Y150060,DSGN_FTD_CHANGE,REAR FLOOR,4.93,7.4,1,1,DSGN,9155.52,5968.44,84550.61,1.23,0.43,1.66,327628.25
gmna,Make,2019,Actual,P00053056,29,Iteration,D3D200560,FTD_FENDER_DD_12-14_FSD,FENDER OTR,13.56,14.55,2,2,REPLACED,2704.54,,,,,,
gmna,Make,2019,Actual,P00062371,629,Iteration,D3D200581,NEW_FTD_FENDER_DD_14-17_FSD,FENDER OTR,13.56,14.55,2,2,DD,58811.5,,,,,,
gmna,Make,2019,Actual,P00065369,38.2,V6,D5Z450080,FTD_DIE_SCANNING,FENDER OTR,13.56,14.55,1,1,RW,3488.042,,,,,,
gmna,Make,2019,Actual,P00062371,6317.5,V6,D3D200581,NEW_FTD_FENDER_DD_14-17_FSD,FENDER OTR,13.56,14.55,3,3,DD,590686.25,,,,,,
gmna,Make,2019,Actual,P00049675,1350.8,V6,D3D200440,FTD_OTHER_DD_7-9_FSD,REAR FLOOR,4.93,7.4,1,1,DD,125975.608,,,,,,
gmna,Make,2019,Actual,P00049675,382.1,Iteration,D3D200440,FTD_OTHER_DD_7-9_FSD,REAR FLOOR,4.93,7.4,2,2,DD,35634.646,,,,,,
gmna,Make,2019,Actual,P00049675,495.2,Iteration,D3D200440,FTD_OTHER_DD_7-9_FSD,REAR FLOOR,4.93,7.4,2,2,DD,46182.352,,,,,,
gmna,Make,2019,Actual,P00049675,342.7,Iteration,D3D200440,FTD_OTHER_DD_7-9_FSD,REAR FLOOR,4.93,7.4,2,2,DD,31730.312,,,,,,
gmna,Make,2019,Actual,P00049675,4393.7,Iteration,D3D200440,FTD_OTHER_DD_7-9_FSD,REAR FLOOR,4.93,7.4,2,2,DD,406963.25,,,,,,
gmna,Make,2019,Actual,P00049675,99,Iteration,D3D200440,FTD_OTHER_DD_7-9_FSD,REAR FLOOR,4.93,7.4,2,2,DD,9136.71,,,,,,
gmna,Make,2019,Actual,P00049658,367.3,V2,D3J350340,FTD_OTHER_V2_7-9_FSD,REAR FLOOR,4.93,7.4,1,1,V2,33967.957,16254.97,76192.07,0.85,0.39,1.24,244509.01
gmna,Make,2019,Actual,P00049670,173.7,V2,D3J350340,FTD_OTHER_V2_7-9_FSD,REAR FLOOR,4.93,7.4,1,1,V2,16077.333,8805.52,62841.53,0.71,0.32,1.03,202684.23
gmna,Make,2019,Actual,P00049672,144,V2,D3J350340,FTD_OTHER_V2_7-9_FSD,REAR FLOOR,4.93,7.4,1,1,V2,13313.04,12747.79,67315.52,0.66,0.34,1,197835.35
gmna,Make,2019,Actual,P00049659,1423.9,V1,D3M350140,FTD_OTHER_V1_7-9_FSD,REAR FLOOR,4.93,7.4,1,1,V1,131458.291,5968.44,84550.61,1.23,0.43,1.66,327628.25
gmna,Make,2019,Actual,P00051265,331.1,Initial Machining,D3N300120,FTD_OTHER_DAS_5-7_FSD,REAR FLOOR,8.03,8.08,1,1,DAS,30557.219,40142.11,112319.79,1.32,0.57,1.89,373152.86
gmna,Make,2019,Actual,P00049674,824.4,Total,D3N300140,FTD_OTHER_DAS_7-9_FSD,REAR FLOOR,4.93,7.4,4,4,DAS,76083.876,16254.97,76192.07,0.85,0.39,1.24,244509.01
gmna,Make,2019,Actual,P00049650,456.3,Total,D3I450440,FTD_OTHER_DIE_PREP_7-9_FSD,REAR FLOOR,4.93,7.4,6,6,DIE-PREP,42111.927,5968.44,84550.61,1.23,0.43,1.66,327628.25
gmna,Make,2019,Actual,P00049658,367.3,Total,D3J350340,FTD_OTHER_V2_7-9_FSD,REAR FLOOR,4.93,7.4,1,1,V2,33967.957,16254.97,76192.07,0.85,0.39,1.24,244509.01
gmna,Make,2019,Actual,P00049651,329.7,Total,D3I450440,FTD_OTHER_DIE_PREP_7-9_FSD,REAR FLOOR,4.93,7.4,6,6,DIE-PREP,30428.013,16254.97,76192.07,0.85,0.39,1.24,244509.01
gmna,Make,2019,Actual,P00049652,326.9,Total,D3I450440,FTD_OTHER_DIE_PREP_7-9_FSD,REAR FLOOR,4.93,7.4,6,6,DIE-PREP,30169.601,12747.79,67315.52,0.66,0.34,1,197835.35
gmna,Make,2019,Actual,P00049653,318.8,Total,D3I450440,FTD_OTHER_DIE_PREP_7-9_FSD,REAR FLOOR,4.93,7.4,6,6,DIE-PREP,29422.052,8805.52,62841.53,0.71,0.32,1.03,202684.23
gmna,Make,2019,Actual,P00049472,300.1,Total,D2Y350520,NEW_DSGN_FTD_LINE_FSD'S_BETWEEN_5.0_7.0,REAR FLOOR,4.93,7.4,6,6,DSGN,20814.936,8805.52,62841.53,0.71,0.32,1.03,202684.23
gmna,Make,2019,Actual,P00049471,283.5,Total,D2Y350520,NEW_DSGN_FTD_LINE_FSD'S_BETWEEN_5.0_7.0,REAR FLOOR,4.93,7.4,6,6,DSGN,19663.56,12747.79,67315.52,0.66,0.34,1,197835.35
gmna,Make,2019,Actual,P00049470,263.7,Total,D2Y350520,NEW_DSGN_FTD_LINE_FSD'S_BETWEEN_5.0_7.0,REAR FLOOR,4.93,7.4,6,6,DSGN,18290.232,16254.97,76192.07,0.85,0.39,1.24,244509.01
gmna,Make,2019,Actual,P00049469,250.4,Total,D2Y300800,NEW_DSGN_FTD_DRAW-010_FSD'S_BETWEEN_5.0_7.0,REAR FLOOR,4.93,7.4,5,5,DSGN,17367.744,5968.44,84550.61,1.23,0.43,1.66,327628.25
gmna,Make,2019,Actual,P00049670,173.7,Total,D3J350340,FTD_OTHER_V2_7-9_FSD,REAR FLOOR,4.93,7.4,1,1,V2,16077.333,8805.52,62841.53,0.71,0.32,1.03,202684.23
gmna,Make,2019,Actual,P00049672,144,Total,D3J350340,FTD_OTHER_V2_7-9_FSD,REAR FLOOR,4.93,7.4,1,1,V2,13313.04,12747.79,67315.52,0.66,0.34,1,197835.35
gmna,Make,2019,Actual,P00051256,149.4,Foundry,D3I450420,FTD_OTHER_DIE_PREP_5-7_FSD,REAR FLOOR,8.03,8.08,3,3,DIE-PREP,13788.126,19436.98,94278.11,1.39,0.48,1.87,369249.92
gmna,Make,2019,Actual,P00051261,144.9,Foundry,D3I450420,FTD_OTHER_DIE_PREP_5-7_FSD,REAR FLOOR,8.03,8.08,3,3,DIE-PREP,13372.821,23008.27,94056.67,1.15,0.48,1.63,320582.23
gmna,Make,2019,Actual,P00051271,144.5,Foundry,D3I450420,FTD_OTHER_DIE_PREP_5-7_FSD,REAR FLOOR,8.03,8.08,2,2,DIE-PREP,13335.905,15766.63,104567.19,2.11,0.53,2.64,520661.82
gmna,Make,2019,Actual,P00051034,222.1,Iteration,D3D200560,FTD_FENDER_DD_12-14_FSD,FENDER OTR,10.49,17.26,2,2,DD,20713.046,,,,,,
gmna,Make,2019,Actual,P00051034,4809.66,Iteration,D3D200560,FTD_FENDER_DD_12-14_FSD,FENDER OTR,10.49,17.26,2,2,DD,448548.8916,,,,,,
gmna,Make,2019,Actual,P00051034,402,Iteration,D3D200560,FTD_FENDER_DD_12-14_FSD,FENDER OTR,10.49,17.26,2,2,DD,37490.52,,,,,,
gmna,Make,2019,Actual,P00049970,501.7,V2,D3J350480,FTD_FENDER_V2_14-17_FSD,FENDER OTR,10.49,17.26,1,1,V2,46788.542,70983.03,158945.69,1.89,0.81,2.7,532499.13
gmna,Make,2019,Actual,P00049965,490.3,V2,D3J350480,FTD_FENDER_V2_14-17_FSD,FENDER OTR,10.49,17.26,1,1,V2,45725.378,73255.97,163784.07,1.36,0.83,2.19,432333.58
gmna,Make,2019,Actual,P00049988,350.5,V2,D3J350480,FTD_FENDER_V2_14-17_FSD,FENDER OTR,10.49,17.26,1,1,V2,32687.63,137406.88,226155.37,2.3,1.15,3.45,679410.03
gmna,Make,2019,Actual,P00049961,1570.2,V1,D3M350280,FTD_FENDER_V1_14-17_FSD,FENDER OTR,10.49,17.26,1,1,V1,146436.852,15404.52,102934.53,1.62,0.52,2.15,423103.49
gmna,Make,2019,Actual,P00049987,1822.6,Total,D3N300280,FTD_FENDER_DAS_14-17_FSD,FENDER OTR,10.49,17.26,4,4,DAS,169900.986,137406.88,226155.37,2.3,1.15,3.45,679410.03
gmna,Make,2019,Actual,P00052627,1079.8,Total,D3N300140,FTD_OTHER_DAS_7-9_FSD,SUNROOF REINF,6.65,7.2,4,4,DAS,100702.148,16078.11,75046.13,1.24,0.38,1.62,319693.78
gmna,Make,2019,Actual,P00052622,1030.1,Total,D3N300140,FTD_OTHER_DAS_7-9_FSD,SUNROOF REINF,6.65,7.2,4,4,DAS,96067.126,17404.13,75234.22,1.15,0.38,1.53,302423.48
gmna,Make,2019,Actual,P00052635,431.3,Total,D2Y450240,FTD_OTHER_DSGN_7-9_FSD,SUNROOF REINF,6.65,7.2,6,6,DSGN,29914.968,12789.92,79029.92,1.16,0.4,1.56,307145.17
gmna,Make,2019,Actual,P00053619,425.8,Total,D3I450440,FTD_OTHER_DIE_PREP_7-9_FSD,SUNROOF REINF,6.65,7.2,10,10,DIE-PREP,39710.108,12789.92,79029.92,1.16,0.4,1.56,307145.17
gmna,Make,2019,Actual,P00052630,400,Total,D2Y450240,FTD_OTHER_DSGN_7-9_FSD,SUNROOF REINF,6.65,7.2,6,6,DSGN,27744,16078.11,75046.13,1.24,0.38,1.62,319693.78
gmna,Make,2019,Actual,P00052625,397.3,Total,D2Y450240,FTD_OTHER_DSGN_7-9_FSD,SUNROOF REINF,6.65,7.2,6,6,DSGN,27556.728,17404.13,75234.22,1.15,0.38,1.53,302423.48
gmna,Make,2019,Actual,P00052620,390.4,Total,D2Y450240,FTD_OTHER_DSGN_7-9_FSD,SUNROOF REINF,6.65,7.2,6,6,DSGN,27078.144,9252.42,115569.59,1.35,0.59,1.94,381739.38
gmna,Make,2019,Actual,P00053618,326.4,Total,D3I450440,FTD_OTHER_DIE_PREP_7-9_FSD,SUNROOF REINF,6.65,7.2,10,10,DIE-PREP,30440.064,16078.11,75046.13,1.24,0.38,1.62,319693.78
gmna,Make,2019,Actual,P00053616,316.75,Total,D3I450440,FTD_OTHER_DIE_PREP_7-9_FSD,SUNROOF REINF,6.65,7.2,10,10,DIE-PREP,29540.105,9252.42,115569.59,1.35,0.59,1.94,381739.38
gmna,Make,2019,Actual,P00053617,315.3,Total,D3I450440,FTD_OTHER_DIE_PREP_7-9_FSD,SUNROOF REINF,6.65,7.2,10,10,DIE-PREP,29404.878,17404.13,75234.22,1.15,0.38,1.53,302423.48
gmna,Make,2019,Actual,P00053523,1050.9,Total,D3I450580,FTD_FENDER_DIE_PREP_14-17_FSD,FENDER OTR,10.49,17.26,10,10,DIE-PREP,97212.116,70983.03,158945.69,1.89,0.81,2.7,532499.13
gmna,Make,2019,Actual,P00053522,991.3,Total,D3I450580,FTD_FENDER_DIE_PREP_14-17_FSD,FENDER OTR,10.49,17.26,10,10,DIE-PREP,91871.1,73255.97,163784.07,1.36,0.83,2.19,432333.58
gmna,Make,2019,Actual,P00053524,773.8,Total,D3I450580,FTD_FENDER_DIE_PREP_14-17_FSD,FENDER OTR,10.49,17.26,10,10,DIE-PREP,71555.525,137406.88,226155.37,2.3,1.15,3.45,679410.03
gmna,Make,2019,Actual,P00053518,684,Total,D3I450580,FTD_FENDER_DIE_PREP_14-17_FSD,FENDER OTR,10.49,17.26,10,10,DIE-PREP,63126.166,15404.52,102934.53,1.62,0.52,2.15,423103.49
gmna,Make,2019,Actual,P00050201,520.1,Total,D5Z450030,FTD_DETAIL_PATTERN_PROGRAMMING_MACHINING_SUBASSEMBLY,FENDER OTR,10.49,17.26,4,4,RW,48092.955,15404.52,102934.53,1.62,0.52,2.15,423103.49
gmna,Make,2019,Actual,P00051034,10643.3,Iteration,D3D200560,FTD_FENDER_DD_12-14_FSD,FENDER OTR,10.49,17.26,2,2,DD,992594.158,,,,,,
gmna,Make,2019,Actual,P00051034,2230,Iteration,D3D200560,FTD_FENDER_DD_12-14_FSD,FENDER OTR,10.49,17.26,2,2,DD,207979.4,,,,,,
gmna,Make,2019,Actual,P00051034,5202.6,V6,D3D200560,FTD_FENDER_DD_12-14_FSD,FENDER OTR,10.49,17.26,1,1,DD,485416.668,,,,,,
gmna,Make,2019,Actual,P00052551,442.1,Assembly,D3N300260,FTD_FENDER_DAS_12-14_FSD,FENDER OTR,13.56,14.55,1,1,DAS,41230.246,20756.54,108154.16,1.49,0.55,2.04,402006.39
gmna,Make,2019,Actual,P00053599,56.1,Process Planning,D3I450560,FTD_FENDER_DIE_PREP_12-14_FSD,FENDER OTR,13.56,14.55,1,1,DIE-PREP,5231.886,86678.1,174693.4,2.13,0.89,3.01,594288.3
gmna,Make,2019,Actual,P00053599,383.6,Patterns,D3I450560,FTD_FENDER_DIE_PREP_12-14_FSD,FENDER OTR,13.56,14.55,6,6,DIE-PREP,35774.536,86678.1,174693.4,2.13,0.89,3.01,594288.3
gmna,Make,2019,Actual,P00053601,379.5,Patterns,D3I450560,FTD_FENDER_DIE_PREP_12-14_FSD,FENDER OTR,13.56,14.55,6,6,DIE-PREP,35392.17,89489.23,170185.23,1.59,0.86,2.45,483626.02
gmna,Make,2019,Actual,P00053598,356,Patterns,D3I450560,FTD_FENDER_DIE_PREP_12-14_FSD,FENDER OTR,13.56,14.55,6,6,DIE-PREP,33200.56,20756.54,108154.16,1.49,0.55,2.04,402006.39
gmna,Make,2019,Actual,P00053600,342.9,Patterns,D3I450560,FTD_FENDER_DIE_PREP_12-14_FSD,FENDER OTR,13.56,14.55,6,6,DIE-PREP,31978.854,86951.3,180360.32,2.21,0.91,3.12,616195.36
gmna,Make,2019,Actual,P00053602,281.1,Patterns,D3I450560,FTD_FENDER_DIE_PREP_12-14_FSD,FENDER OTR,13.56,14.55,6,6,DIE-PREP,26215.386,88472.48,180091,2.02,0.91,2.94,578961.42
gmna,Make,2019,Actual,P00052551,589.2,Initial Machining,D3N300260,FTD_FENDER_DAS_12-14_FSD,FENDER OTR,13.56,14.55,1,1,DAS,54948.792,20756.54,108154.16,1.49,0.55,2.04,402006.39
gmna,Make,2019,Actual,P00052559,530.3,Initial Machining,D3N300260,FTD_FENDER_DAS_12-14_FSD,FENDER OTR,13.56,14.55,1,1,DAS,49455.778,86678.1,174693.4,2.13,0.89,3.01,594288.3
gmna,Make,2019,Actual,P00052561,485.8,Initial Machining,D3N300260,FTD_FENDER_DAS_12-14_FSD,FENDER OTR,13.56,14.55,1,1,DAS,45305.708,86951.3,180360.32,2.21,0.91,3.12,616195.36
gmna,Make,2019,Actual,P00052571,406.6,Initial Machining,D3N300260,FTD_FENDER_DAS_12-14_FSD,FENDER OTR,13.56,14.55,1,1,DAS,37919.516,88472.48,180091,2.02,0.91,2.94,578961.42
gmna,Make,2019,Actual,P00052566,380.4,Initial Machining,D3N300180,FTD_OTHER_DAS_11-14_FSD,FENDER OTR,13.56,14.55,1,1,DAS,35476.104,89489.23,170185.23,1.59,0.86,2.45,483626.02
gmna,Make,2019,Actual,P00053602,312,Foundry,D3I450560,FTD_FENDER_DIE_PREP_12-14_FSD,FENDER OTR,13.56,14.55,3,3,DIE-PREP,29097.12,88472.48,180091,2.02,0.91,2.94,578961.42
gmna,Make,2019,Actual,P00053600,206.7,Foundry,D3I450560,FTD_FENDER_DIE_PREP_12-14_FSD,FENDER OTR,13.56,14.55,3,3,DIE-PREP,19276.842,86951.3,180360.32,2.21,0.91,3.12,616195.36
gmna,Make,2019,Actual,P00053599,195,Foundry,D3I450560,FTD_FENDER_DIE_PREP_12-14_FSD,FENDER OTR,13.56,14.55,3,3,DIE-PREP,18185.7,86678.1,174693.4,2.13,0.89,3.01,594288.3
gmna,Make,2019,Actual,P00049970,501.7,Total,D3J350480,FTD_FENDER_V2_14-17_FSD,FENDER OTR,10.49,17.26,1,1,V2,46788.542,70983.03,158945.69,1.89,0.81,2.7,532499.13
gmna,Make,2019,Actual,P00053598,192.9,Foundry,D3I450560,FTD_FENDER_DIE_PREP_12-14_FSD,FENDER OTR,13.56,14.55,3,3,DIE-PREP,17989.854,20756.54,108154.16,1.49,0.55,2.04,402006.39
gmna,Make,2019,Actual,P00052566,497.6,Final Machining,D3N300180,FTD_OTHER_DAS_11-14_FSD,FENDER OTR,13.56,14.55,1,1,DAS,46406.176,89489.23,170185.23,1.59,0.86,2.45,483626.02
gmna,Make,2019,Actual,P00052569,551.1,Design,D2Y450360,FTD_FENDER_DSGN_12-14_FSD,FENDER OTR,13.56,14.55,6,6,DSGN,38224.296,89489.23,170185.23,1.59,0.86,2.45,483626.02
gmna,Make,2019,Actual,P00052564,521.1,Design,D2Y450360,FTD_FENDER_DSGN_12-14_FSD,FENDER OTR,13.56,14.55,6,6,DSGN,36143.496,86951.3,180360.32,2.21,0.91,3.12,616195.36
gmna,Make,2019,Actual,P00052574,511.4,Design,D2Y450360,FTD_FENDER_DSGN_12-14_FSD,FENDER OTR,13.56,14.55,6,6,DSGN,35470.704,88472.48,180091,2.02,0.91,2.94,578961.42
gmna,Make,2019,Actual,P00052556,488.7,Design,D2Y450360,FTD_FENDER_DSGN_12-14_FSD,FENDER OTR,13.56,14.55,6,6,DSGN,33896.232,86678.1,174693.4,2.13,0.89,3.01,594288.3
gmna,Make,2019,Actual,P00052554,417.8,Design,D2Y450360,FTD_FENDER_DSGN_12-14_FSD,FENDER OTR,13.56,14.55,6,6,DSGN,28978.608,20756.54,108154.16,1.49,0.55,2.04,402006.39
gmna,Make,2019,Actual,P00052561,1332.7,Assembly,D3N300260,FTD_FENDER_DAS_12-14_FSD,FENDER OTR,13.56,14.55,1,1,DAS,124287.602,86951.3,180360.32,2.21,0.91,3.12,616195.36
gmna,Make,2019,Actual,P00052571,627.7,Assembly,D3N300260,FTD_FENDER_DAS_12-14_FSD,FENDER OTR,13.56,14.55,1,1,DAS,58539.302,88472.48,180091,2.02,0.91,2.94,578961.42
gmna,Make,2019,Actual,P00052559,605.1,Assembly,D3N300260,FTD_FENDER_DAS_12-14_FSD,FENDER OTR,13.56,14.55,1,1,DAS,56431.626,86678.1,174693.4,2.13,0.89,3.01,594288.3
gmna,Make,2019,Actual,P00052566,586.9,Assembly,D3N300180,FTD_OTHER_DAS_11-14_FSD,FENDER OTR,13.56,14.55,1,1,DAS,54734.294,89489.23,170185.23,1.59,0.86,2.45,483626.02
gmna,Make,2019,Actual,P00053601,105,Foundry,D3I450560,FTD_FENDER_DIE_PREP_12-14_FSD,FENDER OTR,13.56,14.55,3,3,DIE-PREP,9792.3,89489.23,170185.23,1.59,0.86,2.45,483626.02
gmna,Make,2019,Actual,P00051266,239.1,Patterns,D3I450420,FTD_OTHER_DIE_PREP_5-7_FSD,REAR FLOOR,8.03,8.08,2,2,DIE-PREP,22066.539,40142.11,112319.79,1.32,0.57,1.89,373152.86
gmna,Make,2019,Actual,P00049965,490.3,Total,D3J350480,FTD_FENDER_V2_14-17_FSD,FENDER OTR,10.49,17.26,1,1,V2,45725.378,73255.97,163784.07,1.36,0.83,2.19,432333.58
gmna,Make,2019,Actual,P00049769,427.8,Total,D2Y450380,FTD_FENDER_DSGN_14-17_FSD,FENDER OTR,10.49,17.26,6,6,DSGN,29672.208,73255.97,163784.07,1.36,0.83,2.19,432333.58
gmna,Make,2019,Actual,P00050201,412.6,Final Machining,D5Z450030,FTD_DETAIL_PATTERN_PROGRAMMING_MACHINING_SUBASSEMBLY,FENDER OTR,10.49,17.26,1,1,RW,38171.78,15404.52,102934.53,1.62,0.52,2.15,423103.49
gmna,Make,2019,Actual,P00049969,276.5,Final Machining,D3N300280,FTD_FENDER_DAS_14-17_FSD,FENDER OTR,10.49,17.26,1,1,DAS,25786.39,70983.03,158945.69,1.89,0.81,2.7,532499.13
gmna,Make,2019,Actual,P00049990,205.5,Final Machining,D3N300280,FTD_FENDER_DAS_14-17_FSD,FENDER OTR,10.49,17.26,1,1,DAS,19164.93,15404.52,102934.53,1.62,0.52,2.15,423103.49
gmna,Make,2019,Actual,P00049708,435.4,Design,D2Y450380,FTD_FENDER_DSGN_14-17_FSD,FENDER OTR,10.49,17.26,6,6,DSGN,30199.344,15404.52,102934.53,1.62,0.52,2.15,423103.49
gmna,Make,2019,Actual,P00049769,427.8,Design,D2Y450380,FTD_FENDER_DSGN_14-17_FSD,FENDER OTR,10.49,17.26,6,6,DSGN,29672.208,73255.97,163784.07,1.36,0.83,2.19,432333.58
gmna,Make,2019,Actual,P00049770,423.9,Design,D2Y450380,FTD_FENDER_DSGN_14-17_FSD,FENDER OTR,10.49,17.26,6,6,DSGN,29401.704,70983.03,158945.69,1.89,0.81,2.7,532499.13
gmna,Make,2019,Actual,P00053598,111.6,Process Planning,D3I450560,FTD_FENDER_DIE_PREP_12-14_FSD,FENDER OTR,13.56,14.55,1,1,DIE-PREP,10407.816,20756.54,108154.16,1.49,0.55,2.04,402006.39
gmna,Make,2019,Actual,P00053601,120,Process Planning,D3I450560,FTD_FENDER_DIE_PREP_12-14_FSD,FENDER OTR,13.56,14.55,1,1,DIE-PREP,11191.2,89489.23,170185.23,1.59,0.86,2.45,483626.02
gmna,Make,2019,Actual,P00052551,154.9,Subassembly,D3N300260,FTD_FENDER_DAS_12-14_FSD,FENDER OTR,13.56,14.55,1,1,DAS,14445.974,20756.54,108154.16,1.49,0.55,2.04,402006.39
gmna,Make,2019,Actual,P00052566,323.3,Subassembly,D3N300180,FTD_OTHER_DAS_11-14_FSD,FENDER OTR,13.56,14.55,1,1,DAS,30150.958,89489.23,170185.23,1.59,0.86,2.45,483626.02
gmna,Make,2019,Actual,P00052559,410.6,Subassembly,D3N300260,FTD_FENDER_DAS_12-14_FSD,FENDER OTR,13.56,14.55,1,1,DAS,38292.556,86678.1,174693.4,2.13,0.89,3.01,594288.3
gmna,Make,2019,Actual,P00052571,418.5,Subassembly,D3N300260,FTD_FENDER_DAS_12-14_FSD,FENDER OTR,13.56,14.55,1,1,DAS,39029.31,88472.48,180091,2.02,0.91,2.94,578961.42
gmna,Make,2019,Actual,P00052561,641.1,Subassembly,D3N300260,FTD_FENDER_DAS_12-14_FSD,FENDER OTR,13.56,14.55,1,1,DAS,59788.986,86951.3,180360.32,2.21,0.91,3.12,616195.36
gmna,Make,2019,Actual,P00052554,417.8,Total,D2Y450360,FTD_FENDER_DSGN_12-14_FSD,FENDER OTR,13.56,14.55,6,6,DSGN,28978.608,20756.54,108154.16,1.49,0.55,2.04,402006.39
gmna,Make,2019,Actual,P00052556,488.7,Total,D2Y450360,FTD_FENDER_DSGN_12-14_FSD,FENDER OTR,13.56,14.55,6,6,DSGN,33896.232,86678.1,174693.4,2.13,0.89,3.01,594288.3
gmna,Make,2019,Actual,P00051260,359,Assembly,D3N300120,FTD_OTHER_DAS_5-7_FSD,REAR FLOOR,8.03,8.08,1,1,DAS,33132.11,23008.27,94056.67,1.15,0.48,1.63,320582.23
gmna,Make,2019,Actual,P00051270,921.5,Assembly,D3N300120,FTD_OTHER_DAS_5-7_FSD,REAR FLOOR,8.03,8.08,1,1,DAS,85045.235,15766.63,104567.19,2.11,0.53,2.64,520661.82
gmna,Make,2019,Actual,P00051273,286.1,Design,D2Y450220,FTD_OTHER_DSGN_5-7_FSD,REAR FLOOR,8.03,8.08,6,6,DSGN,19843.896,15766.63,104567.19,2.11,0.53,2.64,520661.82
gmna,Make,2019,Actual,P00051268,310.5,Design,D2Y450220,FTD_OTHER_DSGN_5-7_FSD,REAR FLOOR,8.03,8.08,6,6,DSGN,21536.28,40142.11,112319.79,1.32,0.57,1.89,373152.86
gmna,Make,2019,Actual,P00051258,324.4,Design,D2Y450220,FTD_OTHER_DSGN_5-7_FSD,REAR FLOOR,8.03,8.08,6,6,DSGN,22500.384,19436.98,94278.11,1.39,0.48,1.87,369249.92
gmna,Make,2019,Actual,P00051263,351,Design,D2Y450220,FTD_OTHER_DSGN_5-7_FSD,REAR FLOOR,8.03,8.08,6,6,DSGN,24345.36,23008.27,94056.67,1.15,0.48,1.63,320582.23
gmna,Make,2019,Actual,P00051260,144.6,Final Machining,D3N300120,FTD_OTHER_DAS_5-7_FSD,REAR FLOOR,8.03,8.08,1,1,DAS,13345.134,23008.27,94056.67,1.15,0.48,1.63,320582.23
gmna,Make,2019,Actual,P00051265,200.5,Final Machining,D3N300120,FTD_OTHER_DAS_5-7_FSD,REAR FLOOR,8.03,8.08,1,1,DAS,18504.145,40142.11,112319.79,1.32,0.57,1.89,373152.86
gmna,Make,2019,Actual,P00051266,94,Foundry,D3I450420,FTD_OTHER_DIE_PREP_5-7_FSD,REAR FLOOR,8.03,8.08,3,3,DIE-PREP,8675.26,40142.11,112319.79,1.32,0.57,1.89,373152.86
gmna,Make,2019,Actual,P00050201,73,Foundry,D5Z450030,FTD_DETAIL_PATTERN_PROGRAMMING_MACHINING_SUBASSEMBLY,FENDER OTR,10.49,17.26,1,1,RW,6737.17,15404.52,102934.53,1.62,0.52,2.15,423103.49
gmna,Make,2019,Actual,P00053524,195.9,Foundry,D3I450580,FTD_FENDER_DIE_PREP_14-17_FSD,FENDER OTR,10.49,17.26,3,3,DIE-PREP,18221.134,137406.88,226155.37,2.3,1.15,3.45,679410.03
gmna,Make,2019,Actual,P00053518,283.2,Foundry,D3I450580,FTD_FENDER_DIE_PREP_14-17_FSD,FENDER OTR,10.49,17.26,3,3,DIE-PREP,26136.334,15404.52,102934.53,1.62,0.52,2.15,423103.49
gmna,Make,2019,Actual,P00049770,423.9,Total,D2Y450380,FTD_FENDER_DSGN_14-17_FSD,FENDER OTR,10.49,17.26,6,6,DSGN,29401.704,70983.03,158945.69,1.89,0.81,2.7,532499.13
gmna,Make,2019,Actual,P00049771,397.3,Total,D2Y450380,FTD_FENDER_DSGN_14-17_FSD,FENDER OTR,10.49,17.26,6,6,DSGN,27556.728,137406.88,226155.37,2.3,1.15,3.45,679410.03
gmna,Make,2019,Actual,P00049988,350.5,Total,D3J350480,FTD_FENDER_V2_14-17_FSD,FENDER OTR,10.49,17.26,1,1,V2,32687.63,137406.88,226155.37,2.3,1.15,3.45,679410.03
gmna,Make,2019,Actual,P00049969,619.3,Subassembly,D3N300280,FTD_FENDER_DAS_14-17_FSD,FENDER OTR,10.49,17.26,1,1,DAS,57755.918,70983.03,158945.69,1.89,0.81,2.7,532499.13
gmna,Make,2019,Actual,P00049964,565.5,Subassembly,D3N300280,FTD_FENDER_DAS_14-17_FSD,FENDER OTR,10.49,17.26,1,1,DAS,52738.53,73255.97,163784.07,1.36,0.83,2.19,432333.58
gmna,Make,2019,Actual,P00049987,407,Subassembly,D3N300280,FTD_FENDER_DAS_14-17_FSD,FENDER OTR,10.49,17.26,1,1,DAS,37956.82,137406.88,226155.37,2.3,1.15,3.45,679410.03
gmna,Make,2019,Actual,P00049990,97,Subassembly,D3N300280,FTD_FENDER_DAS_14-17_FSD,FENDER OTR,10.49,17.26,1,1,DAS,9046.22,15404.52,102934.53,1.62,0.52,2.15,423103.49
gmna,Make,2019,Actual,P00053522,89.5,Process Planning,D3I450580,FTD_FENDER_DIE_PREP_14-17_FSD,FENDER OTR,10.49,17.26,1,1,DIE-PREP,8271.595,73255.97,163784.07,1.36,0.83,2.19,432333.58
gmna,Make,2019,Actual,P00053524,88,Process Planning,D3I450580,FTD_FENDER_DIE_PREP_14-17_FSD,FENDER OTR,10.49,17.26,1,1,DIE-PREP,8121.52,137406.88,226155.37,2.3,1.15,3.45,679410.03
gmna,Make,2019,Actual,P00049708,435.4,Total,D2Y450380,FTD_FENDER_DSGN_14-17_FSD,FENDER OTR,10.49,17.26,6,6,DSGN,30199.344,15404.52,102934.53,1.62,0.52,2.15,423103.49
gmna,Make,2019,Actual,P00053518,83.2,Process Planning,D3I450580,FTD_FENDER_DIE_PREP_14-17_FSD,FENDER OTR,10.49,17.26,1,1,DIE-PREP,7678.528,15404.52,102934.53,1.62,0.52,2.15,423103.49
gmna,Make,2019,Actual,P00053523,500.8,Patterns,D3I450580,FTD_FENDER_DIE_PREP_14-17_FSD,FENDER OTR,10.49,17.26,6,6,DIE-PREP,46218.832,70983.03,158945.69,1.89,0.81,2.7,532499.13
gmna,Make,2019,Actual,P00053524,489.9,Patterns,D3I450580,FTD_FENDER_DIE_PREP_14-17_FSD,FENDER OTR,10.49,17.26,6,6,DIE-PREP,45212.871,137406.88,226155.37,2.3,1.15,3.45,679410.03
gmna,Make,2019,Actual,P00053518,317.6,Patterns,D3I450580,FTD_FENDER_DIE_PREP_14-17_FSD,FENDER OTR,10.49,17.26,6,6,DIE-PREP,29311.304,15404.52,102934.53,1.62,0.52,2.15,423103.49
gmna,Make,2019,Actual,P00049969,756,Initial Machining,D3N300280,FTD_FENDER_DAS_14-17_FSD,FENDER OTR,10.49,17.26,1,1,DAS,70355.18,70983.03,158945.69,1.89,0.81,2.7,532499.13
gmna,Make,2019,Actual,P00049987,519.5,Initial Machining,D3N300280,FTD_FENDER_DAS_14-17_FSD,FENDER OTR,10.49,17.26,1,1,DAS,48373.88,137406.88,226155.37,2.3,1.15,3.45,679410.03
gmna,Make,2019,Actual,P00053523,313,Foundry,D3I450580,FTD_FENDER_DIE_PREP_14-17_FSD,FENDER OTR,10.49,17.26,3,3,DIE-PREP,29079.8,70983.03,158945.69,1.89,0.81,2.7,532499.13
gmna,Make,2019,Actual,P00053522,294.7,Foundry,D3I450580,FTD_FENDER_DIE_PREP_14-17_FSD,FENDER OTR,10.49,17.26,3,3,DIE-PREP,27468.202,73255.97,163784.07,1.36,0.83,2.19,432333.58
gmna,Make,2019,Actual,P00049959,51,Process Planning,D3I450580,FTD_FENDER_DIE_PREP_14-17_FSD,FENDER OTR,10.49,17.26,1,1,REPLACED,4706.79,15404.52,102934.53,1.62,0.52,2.15,423103.49
gmna,Make,2019,Actual,P00051271,338.3,Patterns,D3I450420,FTD_OTHER_DIE_PREP_5-7_FSD,REAR FLOOR,8.03,8.08,2,2,DIE-PREP,31221.707,15766.63,104567.19,2.11,0.53,2.64,520661.82
gmna,Make,2019,Actual,P00049673,227.4,Final Machining,D3N300140,FTD_OTHER_DAS_7-9_FSD,REAR FLOOR,4.93,7.4,1,1,DAS,20986.746,12747.79,67315.52,0.66,0.34,1,197835.35
gmna,Make,2019,Actual,P00051266,72,Process Planning,D3I450420,FTD_OTHER_DIE_PREP_5-7_FSD,REAR FLOOR,8.03,8.08,1,1,DIE-PREP,6644.88,40142.11,112319.79,1.32,0.57,1.89,373152.86
gmna,Make,2019,Actual,P00052588,546.9,Design,D2Y450280,FTD_OTHER_DSGN_11-14_FSD,ROOF,11.35,13.19,6,6,DSGN,37932.984,117188.61,217037.52,2.33,1.1,3.43,676282.72
gmna,Make,2019,Actual,P00052593,216.1,Final Machining,D3N300180,FTD_OTHER_DAS_11-14_FSD,ROOF,11.35,13.19,1,1,DAS,20153.486,106441.27,194513.98,1.57,0.99,2.55,503184.15
gmna,Make,2019,Actual,P00052589,354.7,Final Machining,D3N300180,FTD_OTHER_DAS_11-14_FSD,ROOF,11.35,13.19,1,1,DAS,33079.322,122192.52,209753.95,1.85,1.06,2.92,575062.14
gmna,Make,2019,Actual,P00052577,366.1,Final Machining,D3N300180,FTD_OTHER_DAS_11-14_FSD,ROOF,11.35,13.19,1,1,DAS,34142.486,14027.32,101658.44,1.93,0.52,2.45,482655.09
gmna,Make,2019,Actual,P00053590,122,Foundry,D3I450480,FTD_OTHER_DIE_PREP_11-14_FSD,ROOF,11.35,13.19,3,3,DIE-PREP,11377.72,14027.32,101658.44,1.93,0.52,2.45,482655.09
gmna,Make,2019,Actual,P00053592,376.1,Foundry,D3I450480,FTD_OTHER_DIE_PREP_11-14_FSD,ROOF,11.35,13.19,3,3,DIE-PREP,35075.086,122192.52,209753.95,1.85,1.06,2.92,575062.14
gmna,Make,2019,Actual,P00053591,417.3,Foundry,D3I450480,FTD_OTHER_DIE_PREP_11-14_FSD,ROOF,11.35,13.19,3,3,DIE-PREP,38917.398,117188.61,217037.52,2.33,1.1,3.43,676282.72
gmna,Make,2019,Actual,P00052580,530.5,Design,D2Y450280,FTD_OTHER_DSGN_11-14_FSD,ROOF,11.35,13.19,6,6,DSGN,36795.48,14027.32,101658.44,1.93,0.52,2.45,482655.09
gmna,Make,2019,Actual,P00052577,357.8,Initial Machining,D3N300180,FTD_OTHER_DAS_11-14_FSD,ROOF,11.35,13.19,1,1,DAS,33368.428,14027.32,101658.44,1.93,0.52,2.45,482655.09
gmna,Make,2019,Actual,P00052585,479.4,Initial Machining,D3N300180,FTD_OTHER_DAS_11-14_FSD,ROOF,11.35,13.19,1,1,DAS,44708.844,117188.61,217037.52,2.33,1.1,3.43,676282.72
gmna,Make,2019,Actual,P00053593,227.7,Patterns,D3I450480,FTD_OTHER_DIE_PREP_11-14_FSD,ROOF,11.35,13.19,6,6,DIE-PREP,21235.302,106441.27,194513.98,1.57,0.99,2.55,503184.15
gmna,Make,2019,Actual,P00053590,246.9,Patterns,D3I450480,FTD_OTHER_DIE_PREP_11-14_FSD,ROOF,11.35,13.19,6,6,DIE-PREP,23025.894,14027.32,101658.44,1.93,0.52,2.45,482655.09
gmna,Make,2019,Actual,P00053591,332.7,Patterns,D3I450480,FTD_OTHER_DIE_PREP_11-14_FSD,ROOF,11.35,13.19,6,6,DIE-PREP,31027.602,117188.61,217037.52,2.33,1.1,3.43,676282.72
gmna,Make,2019,Actual,P00053592,41.5,Process Planning,D3I450480,FTD_OTHER_DIE_PREP_11-14_FSD,ROOF,11.35,13.19,1,1,DIE-PREP,3870.29,122192.52,209753.95,1.85,1.06,2.92,575062.14
gmna,Make,2019,Actual,P00053591,48,Process Planning,D3I450480,FTD_OTHER_DIE_PREP_11-14_FSD,ROOF,11.35,13.19,1,1,DIE-PREP,4476.48,117188.61,217037.52,2.33,1.1,3.43,676282.72
gmna,Make,2019,Actual,P00053590,54,Process Planning,D3I450480,FTD_OTHER_DIE_PREP_11-14_FSD,ROOF,11.35,13.19,1,1,DIE-PREP,5036.04,14027.32,101658.44,1.93,0.52,2.45,482655.09
gmna,Make,2019,Actual,P00052589,325.5,Initial Machining,D3N300180,FTD_OTHER_DAS_11-14_FSD,ROOF,11.35,13.19,1,1,DAS,30356.13,122192.52,209753.95,1.85,1.06,2.92,575062.14
gmna,Make,2019,Actual,P00053593,135,Process Planning,D3I450480,FTD_OTHER_DIE_PREP_11-14_FSD,ROOF,11.35,13.19,1,1,DIE-PREP,12590.1,106441.27,194513.98,1.57,0.99,2.55,503184.15
gmna,Make,2019,Actual,P00052592,513.9,Design,D2Y450280,FTD_OTHER_DSGN_11-14_FSD,ROOF,11.35,13.19,6,6,DSGN,35644.104,122192.52,209753.95,1.85,1.06,2.92,575062.14
gmna,Make,2019,Actual,P00052577,985.5,Assembly,D3N300180,FTD_OTHER_DAS_11-14_FSD,ROOF,11.35,13.19,1,1,DAS,91907.73,14027.32,101658.44,1.93,0.52,2.45,482655.09
gmna,Make,2019,Actual,P00049987,665.3,Assembly,D3N300280,FTD_FENDER_DAS_14-17_FSD,FENDER OTR,10.49,17.26,1,1,DAS,62045.878,137406.88,226155.37,2.3,1.15,3.45,679410.03
gmna,Make,2019,Actual,P00052607,1899.9,Total,D3N300180,FTD_OTHER_DAS_11-14_FSD,ROOF,11.99,13.84,4,4,DAS,177184.674,97091.92,195632.18,2.12,0.99,3.11,613625.68
gmna,Make,2019,Actual,P00052616,1724.4,Total,D3N300180,FTD_OTHER_DAS_11-14_FSD,ROOF,11.99,13.84,4,4,DAS,160817.544,151011.5,244333.57,1.88,1.24,3.12,615894.18
gmna,Make,2019,Actual,P00052602,1692.1,Total,D3N300180,FTD_OTHER_DAS_11-14_FSD,ROOF,11.99,13.84,4,4,DAS,157805.246,119965.4,219707,2.37,1.11,3.48,687130.34
gmna,Make,2019,Actual,P00053595,635.3,Total,D3I450480,FTD_OTHER_DIE_PREP_11-14_FSD,ROOF,11.99,13.84,10,10,DIE-PREP,59248.078,119965.4,219707,2.37,1.11,3.48,687130.34
gmna,Make,2019,Actual,P00052596,511.3,Design,D2Y450280,FTD_OTHER_DSGN_11-14_FSD,ROOF,11.35,13.19,6,6,DSGN,35463.768,106441.27,194513.98,1.57,0.99,2.55,503184.15
gmna,Make,2019,Actual,P00052605,584.3,Total,D2Y450280,FTD_OTHER_DSGN_11-14_FSD,ROOF,11.99,13.84,6,6,DSGN,40527.048,119965.4,219707,2.37,1.11,3.48,687130.34
gmna,Make,2019,Actual,P00053596,508.8,Total,D3I450480,FTD_OTHER_DIE_PREP_11-14_FSD,ROOF,11.99,13.84,10,10,DIE-PREP,47450.688,97091.92,195632.18,2.12,0.99,3.11,613625.68
gmna,Make,2019,Actual,P00052600,501.8,Total,D2Y450280,FTD_OTHER_DSGN_11-14_FSD,ROOF,11.99,13.84,6,6,DSGN,34804.848,13649.41,100840.32,1.77,0.51,2.28,448993.56
gmna,Make,2019,Actual,P00052610,484.7,Total,D2Y450280,FTD_OTHER_DSGN_11-14_FSD,ROOF,11.99,13.84,6,6,DSGN,33618.792,97091.92,195632.18,2.12,0.99,3.11,613625.68
gmna,Make,2019,Actual,P00053597,465.7,Total,D3I450480,FTD_OTHER_DIE_PREP_11-14_FSD,ROOF,11.99,13.84,10,10,DIE-PREP,43431.182,151011.5,244333.57,1.88,1.24,3.12,615894.18
gmna,Make,2019,Actual,P00053594,459,Total,D3I450480,FTD_OTHER_DIE_PREP_11-14_FSD,ROOF,11.99,13.84,10,10,DIE-PREP,42806.34,13649.41,100840.32,1.77,0.51,2.28,448993.56
gmna,Make,2019,Actual,P00052602,337.5,Subassembly,D3N300180,FTD_OTHER_DAS_11-14_FSD,ROOF,11.99,13.84,1,1,DAS,31475.25,119965.4,219707,2.37,1.11,3.48,687130.34
gmna,Make,2019,Actual,P00052589,715.7,Assembly,D3N300180,FTD_OTHER_DAS_11-14_FSD,ROOF,11.35,13.19,1,1,DAS,66746.182,122192.52,209753.95,1.85,1.06,2.92,575062.14
gmna,Make,2019,Actual,P00052613,554.9,Total,D2Y450280,FTD_OTHER_DSGN_11-14_FSD,ROOF,11.99,13.84,6,6,DSGN,38487.864,151011.5,244333.57,1.88,1.24,3.12,615894.18
gmna,Make,2019,Actual,P00049771,397.3,Design,D2Y450380,FTD_FENDER_DSGN_14-17_FSD,FENDER OTR,10.49,17.26,6,6,DSGN,27556.728,137406.88,226155.37,2.3,1.15,3.45,679410.03
gmna,Make,2019,Actual,P00052593,308.2,Subassembly,D3N300180,FTD_OTHER_DAS_11-14_FSD,ROOF,11.35,13.19,1,1,DAS,28742.732,106441.27,194513.98,1.57,0.99,2.55,503184.15
gmna,Make,2019,Actual,P00052607,652.2,Initial Machining,D3N300180,FTD_OTHER_DAS_11-14_FSD,ROOF,11.99,13.84,1,1,DAS,60824.172,97091.92,195632.18,2.12,0.99,3.11,613625.68
gmna,Make,2019,Actual,P00052602,499.6,Initial Machining,D3N300180,FTD_OTHER_DAS_11-14_FSD,ROOF,11.99,13.84,1,1,DAS,46592.696,119965.4,219707,2.37,1.11,3.48,687130.34
gmna,Make,2019,Actual,P00052597,464,Initial Machining,D3N300180,FTD_OTHER_DAS_11-14_FSD,ROOF,11.99,13.84,1,1,DAS,43272.64,13649.41,100840.32,1.77,0.51,2.28,448993.56
gmna,Make,2019,Actual,P00052616,396.2,Initial Machining,D3N300180,FTD_OTHER_DAS_11-14_FSD,ROOF,11.99,13.84,1,1,DAS,36949.612,151011.5,244333.57,1.88,1.24,3.12,615894.18
gmna,Make,2019,Actual,P00053597,187.8,Foundry,D3I450480,FTD_OTHER_DIE_PREP_11-14_FSD,ROOF,11.99,13.84,3,3,DIE-PREP,17514.228,151011.5,244333.57,1.88,1.24,3.12,615894.18
gmna,Make,2019,Actual,P00053595,121,Foundry,D3I450480,FTD_OTHER_DIE_PREP_11-14_FSD,ROOF,11.99,13.84,3,3,DIE-PREP,11284.46,119965.4,219707,2.37,1.11,3.48,687130.34
gmna,Make,2019,Actual,P00053596,104,Foundry,D3I450480,FTD_OTHER_DIE_PREP_11-14_FSD,ROOF,11.99,13.84,3,3,DIE-PREP,9699.04,97091.92,195632.18,2.12,0.99,3.11,613625.68
gmna,Make,2019,Actual,P00052607,445.5,Final Machining,D3N300180,FTD_OTHER_DAS_11-14_FSD,ROOF,11.99,13.84,1,1,DAS,41547.33,97091.92,195632.18,2.12,0.99,3.11,613625.68
gmna,Make,2019,Actual,P00052602,315.8,Final Machining,D3N300180,FTD_OTHER_DAS_11-14_FSD,ROOF,11.99,13.84,1,1,DAS,29451.508,119965.4,219707,2.37,1.11,3.48,687130.34
gmna,Make,2019,Actual,P00052605,584.3,Design,D2Y450280,FTD_OTHER_DSGN_11-14_FSD,ROOF,11.99,13.84,6,6,DSGN,40527.048,119965.4,219707,2.37,1.11,3.48,687130.34
gmna,Make,2019,Actual,P00052613,554.9,Design,D2Y450280,FTD_OTHER_DSGN_11-14_FSD,ROOF,11.99,13.84,6,6,DSGN,38487.864,151011.5,244333.57,1.88,1.24,3.12,615894.18
gmna,Make,2019,Actual,P00052600,501.8,Design,D2Y450280,FTD_OTHER_DSGN_11-14_FSD,ROOF,11.99,13.84,6,6,DSGN,34804.848,13649.41,100840.32,1.77,0.51,2.28,448993.56
gmna,Make,2019,Actual,P00052610,484.7,Design,D2Y450280,FTD_OTHER_DSGN_11-14_FSD,ROOF,11.99,13.84,6,6,DSGN,33618.792,97091.92,195632.18,2.12,0.99,3.11,613625.68
gmna,Make,2019,Actual,P00052616,868.3,Assembly,D3N300180,FTD_OTHER_DAS_11-14_FSD,ROOF,11.99,13.84,1,1,DAS,80977.658,151011.5,244333.57,1.88,1.24,3.12,615894.18
gmna,Make,2019,Actual,P00052602,539.2,Assembly,D3N300180,FTD_OTHER_DAS_11-14_FSD,ROOF,11.99,13.84,1,1,DAS,50285.792,119965.4,219707,2.37,1.11,3.48,687130.34
gmna,Make,2019,Actual,P00052607,529.2,Assembly,D3N300180,FTD_OTHER_DAS_11-14_FSD,ROOF,11.99,13.84,1,1,DAS,49353.192,97091.92,195632.18,2.12,0.99,3.11,613625.68
gmna,Make,2019,Actual,P00052597,213.8,Final Machining,D3N300180,FTD_OTHER_DAS_11-14_FSD,ROOF,11.99,13.84,1,1,DAS,19938.988,13649.41,100840.32,1.77,0.51,2.28,448993.56
gmna,Make,2019,Actual,P00052577,226.7,Subassembly,D3N300180,FTD_OTHER_DAS_11-14_FSD,ROOF,11.35,13.19,1,1,DAS,21142.042,14027.32,101658.44,1.93,0.52,2.45,482655.09
gmna,Make,2019,Actual,P00053594,231.5,Patterns,D3I450480,FTD_OTHER_DIE_PREP_11-14_FSD,ROOF,11.99,13.84,6,6,DIE-PREP,21589.69,13649.41,100840.32,1.77,0.51,2.28,448993.56
gmna,Make,2019,Actual,P00053595,430.3,Patterns,D3I450480,FTD_OTHER_DIE_PREP_11-14_FSD,ROOF,11.99,13.84,6,6,DIE-PREP,40129.778,119965.4,219707,2.37,1.11,3.48,687130.34
gmna,Make,2019,Actual,P00052589,362.6,Subassembly,D3N300180,FTD_OTHER_DAS_11-14_FSD,ROOF,11.35,13.19,1,1,DAS,33816.076,122192.52,209753.95,1.85,1.06,2.92,575062.14
gmna,Make,2019,Actual,P00053590,422.9,Total,D3I450480,FTD_OTHER_DIE_PREP_11-14_FSD,ROOF,11.35,13.19,10,10,DIE-PREP,39439.654,14027.32,101658.44,1.93,0.52,2.45,482655.09
gmna,Make,2019,Actual,P00052596,511.3,Total,D2Y450280,FTD_OTHER_DSGN_11-14_FSD,ROOF,11.35,13.19,6,6,DSGN,35463.768,106441.27,194513.98,1.57,0.99,2.55,503184.15
gmna,Make,2019,Actual,P00052592,513.9,Total,D2Y450280,FTD_OTHER_DSGN_11-14_FSD,ROOF,11.35,13.19,6,6,DSGN,35644.104,122192.52,209753.95,1.85,1.06,2.92,575062.14
gmna,Make,2019,Actual,P00052580,530.5,Total,D2Y450280,FTD_OTHER_DSGN_11-14_FSD,ROOF,11.35,13.19,6,6,DSGN,36795.48,14027.32,101658.44,1.93,0.52,2.45,482655.09
gmna,Make,2019,Actual,P00052588,546.9,Total,D2Y450280,FTD_OTHER_DSGN_11-14_FSD,ROOF,11.35,13.19,6,6,DSGN,37932.984,117188.61,217037.52,2.33,1.1,3.43,676282.72
gmna,Make,2019,Actual,P00053592,630.9,Total,D3I450480,FTD_OTHER_DIE_PREP_11-14_FSD,ROOF,11.35,13.19,10,10,DIE-PREP,58837.734,122192.52,209753.95,1.85,1.06,2.92,575062.14
gmna,Make,2019,Actual,P00053591,798,Total,D3I450480,FTD_OTHER_DIE_PREP_11-14_FSD,ROOF,11.35,13.19,10,10,DIE-PREP,74421.48,117188.61,217037.52,2.33,1.1,3.43,676282.72
gmna,Make,2019,Actual,P00053593,925.3,Total,D3I450480,FTD_OTHER_DIE_PREP_11-14_FSD,ROOF,11.35,13.19,10,10,DIE-PREP,86293.478,106441.27,194513.98,1.57,0.99,2.55,503184.15
gmna,Make,2019,Actual,P00053596,350.8,Patterns,D3I450480,FTD_OTHER_DIE_PREP_11-14_FSD,ROOF,11.99,13.84,6,6,DIE-PREP,32715.608,97091.92,195632.18,2.12,0.99,3.11,613625.68
gmna,Make,2019,Actual,P00052593,1015.5,Total,D3N300180,FTD_OTHER_DAS_11-14_FSD,ROOF,11.35,13.19,4,4,DAS,94705.53,106441.27,194513.98,1.57,0.99,2.55,503184.15
gmna,Make,2019,Actual,P00052589,1758.5,Total,D3N300180,FTD_OTHER_DAS_11-14_FSD,ROOF,11.35,13.19,4,4,DAS,163997.71,122192.52,209753.95,1.85,1.06,2.92,575062.14
gmna,Make,2019,Actual,P00052616,305.2,Subassembly,D3N300180,FTD_OTHER_DAS_11-14_FSD,ROOF,11.99,13.84,1,1,DAS,28462.952,151011.5,244333.57,1.88,1.24,3.12,615894.18
gmna,Make,2019,Actual,P00052607,273,Subassembly,D3N300180,FTD_OTHER_DAS_11-14_FSD,ROOF,11.99,13.84,1,1,DAS,25459.98,97091.92,195632.18,2.12,0.99,3.11,613625.68
gmna,Make,2019,Actual,P00052597,158.4,Subassembly,D3N300180,FTD_OTHER_DAS_11-14_FSD,ROOF,11.99,13.84,1,1,DAS,14772.384,13649.41,100840.32,1.77,0.51,2.28,448993.56
gmna,Make,2019,Actual,P00053595,84,Process Planning,D3I450480,FTD_OTHER_DIE_PREP_11-14_FSD,ROOF,11.99,13.84,1,1,DIE-PREP,7833.84,119965.4,219707,2.37,1.11,3.48,687130.34
gmna,Make,2019,Actual,P00053597,67.5,Process Planning,D3I450480,FTD_OTHER_DIE_PREP_11-14_FSD,ROOF,11.99,13.84,1,1,DIE-PREP,6295.05,151011.5,244333.57,1.88,1.24,3.12,615894.18
gmna,Make,2019,Actual,P00053596,54,Process Planning,D3I450480,FTD_OTHER_DIE_PREP_11-14_FSD,ROOF,11.99,13.84,1,1,DIE-PREP,5036.04,97091.92,195632.18,2.12,0.99,3.11,613625.68
gmna,Make,2019,Actual,P00052585,1247.1,Total,D3N300180,FTD_OTHER_DAS_11-14_FSD,ROOF,11.35,13.19,4,4,DAS,116304.546,117188.61,217037.52,2.33,1.1,3.43,676282.72
gmna,Make,2019,Actual,P00051256,56,Process Planning,D3I450420,FTD_OTHER_DIE_PREP_5-7_FSD,REAR FLOOR,8.03,8.08,1,1,DIE-PREP,5168.24,19436.98,94278.11,1.39,0.48,1.87,369249.92
gmna,Make,2019,Actual,P00053602,103.9,Process Planning,D3I450560,FTD_FENDER_DIE_PREP_12-14_FSD,FENDER OTR,13.56,14.55,1,1,DIE-PREP,9689.714,88472.48,180091,2.02,0.91,2.94,578961.42
gmna,Make,2019,Actual,P00051266,405.1,Total,D3I450420,FTD_OTHER_DIE_PREP_5-7_FSD,REAR FLOOR,8.03,8.08,6,6,DIE-PREP,37386.679,40142.11,112319.79,1.32,0.57,1.89,373152.86
gmna,Make,2019,Actual,P00051270,244,Subassembly,D3N300120,FTD_OTHER_DAS_5-7_FSD,REAR FLOOR,8.03,8.08,1,1,DAS,22518.76,15766.63,104567.19,2.11,0.53,2.64,520661.82
gmna,Make,2019,Actual,P00051255,384,Subassembly,D3N300120,FTD_OTHER_DAS_5-7_FSD,REAR FLOOR,8.03,8.08,1,1,DAS,35439.36,19436.98,94278.11,1.39,0.48,1.87,369249.92
gmna,Make,2019,Actual,P00051265,393,Subassembly,D3N300120,FTD_OTHER_DAS_5-7_FSD,REAR FLOOR,8.03,8.08,1,1,DAS,36269.97,40142.11,112319.79,1.32,0.57,1.89,373152.86
gmna,Make,2019,Actual,P00051273,286.1,Total,D2Y450220,FTD_OTHER_DSGN_5-7_FSD,REAR FLOOR,8.03,8.08,6,6,DSGN,19843.896,15766.63,104567.19,2.11,0.53,2.64,520661.82
gmna,Make,2019,Actual,P00051268,310.5,Total,D2Y450220,FTD_OTHER_DSGN_5-7_FSD,REAR FLOOR,8.03,8.08,6,6,DSGN,21536.28,40142.11,112319.79,1.32,0.57,1.89,373152.86
gmna,Make,2019,Actual,P00051258,324.4,Total,D2Y450220,FTD_OTHER_DSGN_5-7_FSD,REAR FLOOR,8.03,8.08,6,6,DSGN,22500.384,19436.98,94278.11,1.39,0.48,1.87,369249.92
gmna,Make,2019,Actual,P00051260,156,Subassembly,D3N300120,FTD_OTHER_DAS_5-7_FSD,REAR FLOOR,8.03,8.08,1,1,DAS,14397.24,23008.27,94056.67,1.15,0.48,1.63,320582.23
gmna,Make,2019,Actual,P00051263,351,Total,D2Y450220,FTD_OTHER_DSGN_5-7_FSD,REAR FLOOR,8.03,8.08,6,6,DSGN,24345.36,23008.27,94056.67,1.15,0.48,1.63,320582.23
gmna,Make,2019,Actual,P00051261,511,Total,D3I450420,FTD_OTHER_DIE_PREP_5-7_FSD,REAR FLOOR,8.03,8.08,6,6,DIE-PREP,47160.19,23008.27,94056.67,1.15,0.48,1.63,320582.23
gmna,Make,2019,Actual,P00051271,574.7,Total,D3I450420,FTD_OTHER_DIE_PREP_5-7_FSD,REAR FLOOR,8.03,8.08,5,5,DIE-PREP,53039.063,15766.63,104567.19,2.11,0.53,2.64,520661.82
gmna,Make,2019,Actual,P00051260,1063.3,Total,D3N300120,FTD_OTHER_DAS_5-7_FSD,REAR FLOOR,8.03,8.08,4,4,DAS,98131.957,23008.27,94056.67,1.15,0.48,1.63,320582.23
gmna,Make,2019,Actual,P00051255,1122.1,Total,D3N300120,FTD_OTHER_DAS_5-7_FSD,REAR FLOOR,8.03,8.08,4,4,DAS,103558.609,19436.98,94278.11,1.39,0.48,1.87,369249.92
gmna,Make,2019,Actual,P00051265,1185.1,Total,D3N300120,FTD_OTHER_DAS_5-7_FSD,REAR FLOOR,8.03,8.08,4,4,DAS,109372.879,40142.11,112319.79,1.32,0.57,1.89,373152.86
gmna,Make,2019,Actual,P00051271,91.9,Process Planning,D3I450420,FTD_OTHER_DIE_PREP_5-7_FSD,REAR FLOOR,8.03,8.08,1,1,DIE-PREP,8481.451,15766.63,104567.19,2.11,0.53,2.64,520661.82
gmna,Make,2019,Actual,P00051256,351.4,Total,D3I450420,FTD_OTHER_DIE_PREP_5-7_FSD,REAR FLOOR,8.03,8.08,6,6,DIE-PREP,32430.706,19436.98,94278.11,1.39,0.48,1.87,369249.92
gmna,Make,2020,Actual,P00057835,20.4,Process Planning,D3I450540,FTD_FENDER_DIE_PREP_10-12_FSD,FENDER OTR,12.21,13.22,1,1,DIE-PREP,1902.504,86594.59,186813.44,1.85,0.95,2.8,551712.56
gmna,Make,2020,Actual,P00057836,127,Process Planning,D3I450540,FTD_FENDER_DIE_PREP_10-12_FSD,FENDER OTR,12.21,13.22,1,1,DIE-PREP,11850.26,160189.54,261122.62,2.02,1.32,3.34,658546.97
gmna,Make,2020,Actual,P00057837,74,Process Planning,D3I450540,FTD_FENDER_DIE_PREP_10-12_FSD,FENDER OTR,12.21,13.22,1,1,DIE-PREP,6903.16,183462.25,276677.84,2.27,1.4,3.68,724927.45
gmna,Make,2020,Actual,P00057835,435.3,Patterns,D3I450540,FTD_FENDER_DIE_PREP_10-12_FSD,FENDER OTR,12.21,13.22,6,6,DIE-PREP,40609.062,86594.59,186813.44,1.85,0.95,2.8,551712.56
gmna,Make,2020,Actual,P00057931,150.1,Process Planning,D3I450540,FTD_FENDER_DIE_PREP_10-12_FSD,FENDER OTR,12.21,13.22,1,1,DIE-PREP,14012.39,20651.48,112974.85,1.82,0.57,2.39,471613.95
gmna,Make,2020,Actual,P00054703,160.8,Subassembly,D3N300120,FTD_OTHER_DAS_5-7_FSD,R/WDO PNL,3.51,4.92,1,1,DAS,14996.208,9385.45,38949.13,0.53,0.2,0.73,144316.34
gmna,Make,2020,Actual,P00054702,162,Subassembly,D3N300120,FTD_OTHER_DAS_5-7_FSD,R/WDO PNL,3.51,4.92,1,1,DAS,15108.12,12530.6,42314.37,0.59,0.21,0.8,157860.26
gmna,Make,2020,Actual,P00054694,56,Total,D3J350320,FTD_OTHER_V2_5-7_FSD,R/WDO PNL,3.51,4.92,1,1,V2,5222.56,9385.45,38949.13,0.53,0.2,0.73,144316.34
gmna,Make,2020,Actual,P00054693,119.7,Total,D3J350320,FTD_OTHER_V2_5-7_FSD,R/WDO PNL,3.51,4.92,1,1,V2,11163.222,12530.6,42314.37,0.59,0.21,0.8,157860.26
gmna,Make,2020,Actual,P00054691,227,Total,D3M350120,FTD_OTHER_V1_5-7_FSD,R/WDO PNL,3.51,4.92,1,1,V1,21170.02,9715.02,46945.77,0.69,0.24,0.93,182613.4
gmna,Make,2020,Actual,P00054699,277,Total,D2Y450220,FTD_OTHER_DSGN_5-7_FSD,R/WDO PNL,3.51,4.92,6,6,DSGN,19212.72,9385.45,38949.13,0.53,0.2,0.73,144316.34
gmna,Make,2020,Actual,P00057894,319.5,Design,D2Y450340,FTD_FENDER_DSGN_10-12_FSD,FENDER OTR,12.21,13.22,6,6,DSGN,22160.52,183462.25,276677.84,2.27,1.4,3.68,724927.45
gmna,Make,2020,Actual,P00057931,324.25,Patterns,D3I450540,FTD_FENDER_DIE_PREP_10-12_FSD,FENDER OTR,12.21,13.22,6,6,DIE-PREP,30239.555,20651.48,112974.85,1.82,0.57,2.39,471613.95
gmna,Make,2020,Actual,P00057828,320.5,Design,D2Y450340,FTD_FENDER_DSGN_10-12_FSD,FENDER OTR,12.21,13.22,6,6,DSGN,22229.88,160189.54,261122.62,2.02,1.32,3.34,658546.97
gmna,Make,2020,Actual,P00057933,418.2,Design,D2Y450340,FTD_FENDER_DSGN_10-12_FSD,FENDER OTR,12.21,13.22,6,6,DSGN,29006.352,20651.48,112974.85,1.82,0.57,2.39,471613.95
gmna,Make,2020,Actual,P00057930,485.2,Final Machining,D3N300240,FTD_FENDER_DAS_10-12_FSD,FENDER OTR,12.21,13.22,1,1,DAS,45366.2,20651.48,112974.85,1.82,0.57,2.39,471613.95
gmna,Make,2020,Actual,P00057931,88,Foundry,D3I450540,FTD_FENDER_DIE_PREP_10-12_FSD,FENDER OTR,12.21,13.22,3,3,DIE-PREP,8221.28,20651.48,112974.85,1.82,0.57,2.39,471613.95
gmna,Make,2020,Actual,P00057930,276.5,Initial Machining,D3N300240,FTD_FENDER_DAS_10-12_FSD,FENDER OTR,12.21,13.22,1,1,DAS,25852.75,20651.48,112974.85,1.82,0.57,2.39,471613.95
gmna,Make,2020,Actual,P00057827,333.7,Design,D2Y450340,FTD_FENDER_DSGN_10-12_FSD,FENDER OTR,12.21,13.22,6,6,DSGN,23145.432,86594.59,186813.44,1.85,0.95,2.8,551712.56
gmna,Make,2020,Actual,P00057930,450.9,Subassembly,D3N300240,FTD_FENDER_DAS_10-12_FSD,FENDER OTR,12.21,13.22,1,1,DAS,42159.15,20651.48,112974.85,1.82,0.57,2.39,471613.95
gmna,Make,2020,Actual,P00062232,7458.2,Iteration,D3D200541,NEW_FTD_FENDER_DD_10-12_FSD,FENDER OTR,12.21,13.22,5,5,DD,688699.084,,,,,,
gmna,Make,2020,Actual,P00062232,1344.4,Iteration,D3D200541,NEW_FTD_FENDER_DD_10-12_FSD,FENDER OTR,12.21,13.22,2,2,DD,125701.4,,,,,,
gmna,Make,2020,Actual,P00062232,5525.4,Iteration,D3D200541,NEW_FTD_FENDER_DD_10-12_FSD,FENDER OTR,12.21,13.22,3,3,DD,516624.9,,,,,,
gmna,Make,2020,Actual,P00062232,224.9,Iteration,D3D200541,NEW_FTD_FENDER_DD_10-12_FSD,FENDER OTR,12.21,13.22,2,2,DD,21028.15,,,,,,
gmna,Make,2020,Actual,P00057843,973.1,V2,D3J350440,FTD_FENDER_V2_10-12_FSD,FENDER OTR,12.21,13.22,1,1,V2,90984.85,86594.59,186813.44,1.85,0.95,2.8,551712.56
gmna,Make,2020,Actual,P00057845,521.5,V2,D3J350440,FTD_FENDER_V2_10-12_FSD,FENDER OTR,12.21,13.22,1,1,V2,48760.25,183462.25,276677.84,2.27,1.4,3.68,724927.45
gmna,Make,2020,Actual,P00057844,252,V2,D3J350440,FTD_FENDER_V2_10-12_FSD,FENDER OTR,12.21,13.22,1,1,V2,23562,160189.54,261122.62,2.02,1.32,3.34,658546.97
gmna,Make,2020,Actual,P00057934,2048.8,V1,D3M350240,FTD_FENDER_V1_10-12_FSD,FENDER OTR,12.21,13.22,1,1,V1,191562.8,20651.48,112974.85,1.82,0.57,2.39,471613.95
gmna,Make,2020,Actual,P00057930,1212.6,Total,D3N300240,FTD_FENDER_DAS_10-12_FSD,FENDER OTR,12.21,13.22,4,4,DAS,113378.1,20651.48,112974.85,1.82,0.57,2.39,471613.95
gmna,Make,2020,Actual,P00057931,562.35,Total,D3I450540,FTD_FENDER_DIE_PREP_10-12_FSD,FENDER OTR,12.21,13.22,10,10,DIE-PREP,52473.225,20651.48,112974.85,1.82,0.57,2.39,471613.95
gmna,Make,2020,Actual,P00057845,521.5,Total,D3J350440,FTD_FENDER_V2_10-12_FSD,FENDER OTR,12.21,13.22,1,1,V2,48760.25,183462.25,276677.84,2.27,1.4,3.68,724927.45
gmna,Make,2020,Actual,P00057835,455.7,Total,D3I450540,FTD_FENDER_DIE_PREP_10-12_FSD,FENDER OTR,12.21,13.22,10,10,DIE-PREP,42511.566,86594.59,186813.44,1.85,0.95,2.8,551712.56
gmna,Make,2020,Actual,P00057933,418.2,Total,D2Y450340,FTD_FENDER_DSGN_10-12_FSD,FENDER OTR,12.21,13.22,6,6,DSGN,29006.352,20651.48,112974.85,1.82,0.57,2.39,471613.95
gmna,Make,2020,Actual,P00057827,333.7,Total,D2Y450340,FTD_FENDER_DSGN_10-12_FSD,FENDER OTR,12.21,13.22,6,6,DSGN,23145.432,86594.59,186813.44,1.85,0.95,2.8,551712.56
gmna,Make,2020,Actual,P00057828,320.5,Total,D2Y450340,FTD_FENDER_DSGN_10-12_FSD,FENDER OTR,12.21,13.22,6,6,DSGN,22229.88,160189.54,261122.62,2.02,1.32,3.34,658546.97
gmna,Make,2020,Actual,P00057894,319.5,Total,D2Y450340,FTD_FENDER_DSGN_10-12_FSD,FENDER OTR,12.21,13.22,6,6,DSGN,22160.52,183462.25,276677.84,2.27,1.4,3.68,724927.45
gmna,Make,2020,Actual,P00057844,252,Total,D3J350440,FTD_FENDER_V2_10-12_FSD,FENDER OTR,12.21,13.22,1,1,V2,23562,160189.54,261122.62,2.02,1.32,3.34,658546.97
gmna,Make,2020,Actual,P00057836,251,Total,D3I450540,FTD_FENDER_DIE_PREP_10-12_FSD,FENDER OTR,12.21,13.22,7,7,DIE-PREP,23414.5,160189.54,261122.62,2.02,1.32,3.34,658546.97
gmna,Make,2020,Actual,P00054704,159.2,Subassembly,D3N300120,FTD_OTHER_DAS_5-7_FSD,R/WDO PNL,3.51,4.92,1,1,DAS,14846.992,22523.25,90155.43,0.59,0.46,1.05,207328.22
gmna,Make,2020,Actual,P00057843,973.1,Total,D3J350440,FTD_FENDER_V2_10-12_FSD,FENDER OTR,12.21,13.22,1,1,V2,90984.85,86594.59,186813.44,1.85,0.95,2.8,551712.56
gmna,Make,2020,Actual,P00054701,112,Subassembly,D3N300120,FTD_OTHER_DAS_5-7_FSD,R/WDO PNL,3.51,4.92,1,1,DAS,10445.12,9715.02,46945.77,0.69,0.24,0.93,182613.4
gmna,MAKE,2020,Actual,P00062023,1796.8,Iteration,D3D200581,NEW_FTD_FENDER_DD_14-17_FSD,FENDER OTR,11.91,17.26,2,2,DD,168000.8,,,,,,
gmna,MAKE,2020,Actual,P00056015,574.3,Total,D3I450580,FTD_FENDER_DIE_PREP_14-17_FSD,FENDER OTR,11.91,17.26,10,10,DIE-PREP,53559.218,21443.28,109581.37,1.53,0.56,2.09,411482.54
gmna,MAKE,2020,Actual,P00056018,609.9,Total,D3I450580,FTD_FENDER_DIE_PREP_14-17_FSD,FENDER OTR,11.91,17.26,10,10,DIE-PREP,56879.274,73704.84,151845.48,1.42,0.77,2.19,432599.46
gmna,MAKE,2020,Actual,P00056028,711.4,Total,D3J350480,FTD_FENDER_V2_14-17_FSD,FENDER OTR,11.91,17.26,1,1,V2,66345.164,61974.4,150224.2,1.91,0.76,2.68,527528.76
gmna,MAKE,2020,Actual,P00056019,794.9,Total,D3I450580,FTD_FENDER_DIE_PREP_14-17_FSD,FENDER OTR,11.91,17.26,10,10,DIE-PREP,74132.374,74682.53,154340.91,1.65,0.78,2.43,480092.87
gmna,MAKE,2020,Actual,P00056016,895.4,Total,D3I450580,FTD_FENDER_DIE_PREP_14-17_FSD,FENDER OTR,11.91,17.26,10,10,DIE-PREP,83505.004,87878.58,174158.05,1.64,0.88,2.52,497044.43
gmna,MAKE,2020,Actual,P00056024,1107.1,Total,D3N300280,FTD_FENDER_DAS_14-17_FSD,FENDER OTR,11.91,17.26,4,4,DAS,103248.146,74682.53,154340.91,1.65,0.78,2.43,480092.87
gmna,MAKE,2020,Actual,P00056017,1190.5,Total,D3I450580,FTD_FENDER_DIE_PREP_14-17_FSD,FENDER OTR,11.91,17.26,10,10,DIE-PREP,111026.03,61974.4,150224.2,1.91,0.76,2.68,527528.76
gmna,MAKE,2020,Actual,P00056023,1385.2,Total,D3N300280,FTD_FENDER_DAS_14-17_FSD,FENDER OTR,11.91,17.26,4,4,DAS,129186.152,73704.84,151845.48,1.42,0.77,2.19,432599.46
gmna,MAKE,2020,Actual,P00056020,1430.9,Total,D3N300280,FTD_FENDER_DAS_14-17_FSD,FENDER OTR,11.91,17.26,4,4,DAS,133445.734,21443.28,109581.37,1.53,0.56,2.09,411482.54
gmna,MAKE,2020,Actual,P00056026,1664,V1,D3M350280,FTD_FENDER_V1_14-17_FSD,FENDER OTR,11.91,17.26,1,1,V1,155184.64,21443.28,109581.37,1.53,0.56,2.09,411482.54
gmna,MAKE,2020,Actual,P00056029,199.1,V2,D3J350480,FTD_FENDER_V2_14-17_FSD,FENDER OTR,11.91,17.26,1,1,V2,18568.066,73704.84,151845.48,1.42,0.77,2.19,432599.46
gmna,MAKE,2020,Actual,P00056030,465.8,V2,D3J350480,FTD_FENDER_V2_14-17_FSD,FENDER OTR,11.91,17.26,1,1,V2,43440.508,74682.53,154340.91,1.65,0.78,2.43,480092.87
gmna,MAKE,2020,Actual,P00056028,711.4,V2,D3J350480,FTD_FENDER_V2_14-17_FSD,FENDER OTR,11.91,17.26,1,1,V2,66345.164,61974.4,150224.2,1.91,0.76,2.68,527528.76
gmna,MAKE,2020,Actual,P00062023,386,Iteration,D3D200581,NEW_FTD_FENDER_DD_14-17_FSD,FENDER OTR,11.91,17.26,2,2,DD,36007.96,,,,,,
gmna,MAKE,2020,Actual,P00062023,10039.5,Iteration,D3D200581,NEW_FTD_FENDER_DD_14-17_FSD,FENDER OTR,11.91,17.26,3,3,DD,938693.25,,,,,,
gmna,MAKE,2020,Actual,P00062023,744.9,Iteration,D3D200581,NEW_FTD_FENDER_DD_14-17_FSD,FENDER OTR,11.91,17.26,2,2,DD,69637.95,,,,,,
gmna,MAKE,2020,Actual,P00062023,9343,Iteration,D3D200581,NEW_FTD_FENDER_DD_14-17_FSD,FENDER OTR,11.91,17.26,5,5,DD,873555.17,,,,,,
gmna,Make,2020,Actual,P00054703,126.5,Assembly,D3N300120,FTD_OTHER_DAS_5-7_FSD,R/WDO PNL,3.51,4.92,1,1,DAS,11797.39,9385.45,38949.13,0.53,0.2,0.73,144316.34
gmna,Make,2020,Actual,P00054704,230,Assembly,D3N300120,FTD_OTHER_DAS_5-7_FSD,R/WDO PNL,3.51,4.92,1,1,DAS,21449.8,22523.25,90155.43,0.59,0.46,1.05,207328.22
gmna,Make,2020,Actual,P00054702,260.4,Assembly,D3N300120,FTD_OTHER_DAS_5-7_FSD,R/WDO PNL,3.51,4.92,1,1,DAS,24284.904,12530.6,42314.37,0.59,0.21,0.8,157860.26
gmna,Make,2020,Actual,P00054710,38.2,Process Planning,D3I450420,FTD_OTHER_DIE_PREP_5-7_FSD,R/WDO PNL,3.51,4.92,1,1,DIE-PREP,3562.532,22523.25,90155.43,0.59,0.46,1.05,207328.22
gmna,Make,2020,Actual,P00054705,24,Process Planning,D3I450420,FTD_OTHER_DIE_PREP_5-7_FSD,R/WDO PNL,3.51,4.92,1,1,DIE-PREP,2238.24,9715.02,46945.77,0.69,0.24,0.93,182613.4
gmna,Make,2020,Actual,P00054710,170.8,Patterns,D3I450420,FTD_OTHER_DIE_PREP_5-7_FSD,R/WDO PNL,3.51,4.92,6,6,DIE-PREP,15928.808,22523.25,90155.43,0.59,0.46,1.05,207328.22
gmna,Make,2020,Actual,P00054705,164,Patterns,D3I450420,FTD_OTHER_DIE_PREP_5-7_FSD,R/WDO PNL,3.51,4.92,6,6,DIE-PREP,15294.64,9715.02,46945.77,0.69,0.24,0.93,182613.4
gmna,Make,2020,Actual,P00062232,2187.3,Iteration,D3D200541,NEW_FTD_FENDER_DD_10-12_FSD,FENDER OTR,12.21,13.22,2,2,DD,202575.276,,,,,,
gmna,Make,2020,Actual,P00054702,228.8,Initial Machining,D3N300120,FTD_OTHER_DAS_5-7_FSD,R/WDO PNL,3.51,4.92,1,1,DAS,21337.888,12530.6,42314.37,0.59,0.21,0.8,157860.26
gmna,Make,2020,Actual,P00054704,190,Initial Machining,D3N300120,FTD_OTHER_DAS_5-7_FSD,R/WDO PNL,3.51,4.92,1,1,DAS,17719.4,22523.25,90155.43,0.59,0.46,1.05,207328.22
gmna,Make,2020,Actual,P00054701,139.8,Initial Machining,D3N300120,FTD_OTHER_DAS_5-7_FSD,R/WDO PNL,3.51,4.92,1,1,DAS,13037.748,9715.02,46945.77,0.69,0.24,0.93,182613.4
gmna,Make,2020,Actual,P00054705,96.4,Foundry,D3I450420,FTD_OTHER_DIE_PREP_5-7_FSD,R/WDO PNL,3.51,4.92,3,3,DIE-PREP,8990.264,9715.02,46945.77,0.69,0.24,0.93,182613.4
gmna,Make,2020,Actual,P00054709,56,Foundry,D3I450420,FTD_OTHER_DIE_PREP_5-7_FSD,R/WDO PNL,3.51,4.92,3,3,DIE-PREP,5222.56,9385.45,38949.13,0.53,0.2,0.73,144316.34
gmna,Make,2020,Actual,P00054701,225.5,Final Machining,D3N300120,FTD_OTHER_DAS_5-7_FSD,R/WDO PNL,3.51,4.92,1,1,DAS,21030.13,9715.02,46945.77,0.69,0.24,0.93,182613.4
gmna,Make,2020,Actual,P00054703,128,Final Machining,D3N300120,FTD_OTHER_DAS_5-7_FSD,R/WDO PNL,3.51,4.92,1,1,DAS,11937.28,9385.45,38949.13,0.53,0.2,0.73,144316.34
gmna,Make,2020,Actual,P00054704,106.9,Final Machining,D3N300120,FTD_OTHER_DAS_5-7_FSD,R/WDO PNL,3.51,4.92,1,1,DAS,9969.494,22523.25,90155.43,0.59,0.46,1.05,207328.22
gmna,Make,2020,Actual,P00054710,140.4,Foundry,D3I450420,FTD_OTHER_DIE_PREP_5-7_FSD,R/WDO PNL,3.51,4.92,3,3,DIE-PREP,13093.704,22523.25,90155.43,0.59,0.46,1.05,207328.22
gmna,Make,2020,Actual,P00062232,1857.1,V6,D3D200541,NEW_FTD_FENDER_DD_10-12_FSD,FENDER OTR,12.21,13.22,3,3,DD,169571.801,,,,,,
gmna,MAKE,2020,Actual,P00056455,823.4,Assembly,D3N300280,FTD_FENDER_DAS_14-17_FSD,FENDER OTR,12.46,17.26,1,1,DAS,76976.38,20380.45,107600.61,1.58,0.55,2.13,419173.31
gmna,MAKE,2020,Actual,P00056024,496.6,Assembly,D3N300280,FTD_FENDER_DAS_14-17_FSD,FENDER OTR,11.91,17.26,1,1,DAS,46312.916,74682.53,154340.91,1.65,0.78,2.43,480092.87
gmna,MAKE,2020,Actual,P00056020,317.1,Assembly,D3N300280,FTD_FENDER_DAS_14-17_FSD,FENDER OTR,11.91,17.26,1,1,DAS,29572.746,21443.28,109581.37,1.53,0.56,2.09,411482.54
gmna,Make,2020,Actual,P00054708,508.5,Total,D3I450420,FTD_OTHER_DIE_PREP_5-7_FSD,R/WDO PNL,3.51,4.92,10,10,DIE-PREP,47422.71,12530.6,42314.37,0.59,0.21,0.8,157860.26
gmna,Make,2020,Actual,P00054701,600.8,Total,D3N300120,FTD_OTHER_DAS_5-7_FSD,R/WDO PNL,3.51,4.92,4,4,DAS,56030.608,9715.02,46945.77,0.69,0.24,0.93,182613.4
gmna,MAKE,2020,Actual,P00062266,8479.5,V6,D3D200581,NEW_FTD_FENDER_DD_14-17_FSD,FENDER OTR,12.46,17.26,2,2,DD,774263.145,,,,,,
gmna,MAKE,2020,Actual,P00062266,3178,Iteration,D3D200581,NEW_FTD_FENDER_DD_14-17_FSD,FENDER OTR,12.46,17.26,2,2,DD,293275.241,,,,,,
gmna,MAKE,2020,Actual,P00062266,6543.3,Iteration,D3D200581,NEW_FTD_FENDER_DD_14-17_FSD,FENDER OTR,12.46,17.26,4,4,DD,600622.323,,,,,,
gmna,MAKE,2020,Actual,P00062266,1291.65,Iteration,D3D200581,NEW_FTD_FENDER_DD_14-17_FSD,FENDER OTR,12.46,17.26,2,2,DD,120769.275,,,,,,
gmna,MAKE,2020,Actual,P00062266,7567.8,Iteration,D3D200581,NEW_FTD_FENDER_DD_14-17_FSD,FENDER OTR,12.46,17.26,2,2,DD,707589.3,,,,,,
gmna,MAKE,2020,Actual,P00062266,228.1,Iteration,D3D200581,NEW_FTD_FENDER_DD_14-17_FSD,FENDER OTR,12.46,17.26,2,2,DD,21327.35,,,,,,
gmna,MAKE,2020,Actual,P00056458,634.5,V2,D3J350480,FTD_FENDER_V2_14-17_FSD,FENDER OTR,12.46,17.26,1,1,V2,59325.75,90632.77,184878.63,2.09,0.94,3.03,597016.63
gmna,MAKE,2020,Actual,P00056550,380.5,V2,D3J350480,FTD_FENDER_V2_14-17_FSD,FENDER OTR,12.46,17.26,1,1,V2,35576.75,59362.53,138648.76,1.3,0.7,2,394073.21
gmna,MAKE,2020,Actual,P00056023,539.5,Assembly,D3N300280,FTD_FENDER_DAS_14-17_FSD,FENDER OTR,11.91,17.26,1,1,DAS,50313.77,73704.84,151845.48,1.42,0.77,2.19,432599.46
gmna,MAKE,2020,Actual,P00056498,281,V2,D3J350480,FTD_FENDER_V2_14-17_FSD,FENDER OTR,12.46,17.26,1,1,V2,26273.5,85928.93,172181.06,1.85,0.87,2.72,536837.05
gmna,MAKE,2020,Actual,P00056456,1096.3,V1,D3M350280,FTD_FENDER_V1_14-17_FSD,FENDER OTR,12.46,17.26,1,1,V1,102504.05,20380.45,107600.61,1.58,0.55,2.13,419173.31
gmna,MAKE,2020,Actual,P00056547,1243.6,Total,D3N300280,FTD_FENDER_DAS_14-17_FSD,FENDER OTR,12.46,17.26,4,4,DAS,116276.6,59362.53,138648.76,1.3,0.7,2,394073.21
gmna,MAKE,2020,Actual,P00056456,1096.3,Total,D3M350280,FTD_FENDER_V1_14-17_FSD,FENDER OTR,12.46,17.26,1,1,V1,102504.05,20380.45,107600.61,1.58,0.55,2.13,419173.31
gmna,MAKE,2020,Actual,P00056542,893.8,Total,D3I450580,FTD_FENDER_DIE_PREP_14-17_FSD,FENDER OTR,12.46,17.26,10,10,DIE-PREP,83403.236,83969.23,171658.21,1.71,0.87,2.58,508080.99
gmna,MAKE,2020,Actual,P00056458,634.5,Total,D3J350480,FTD_FENDER_V2_14-17_FSD,FENDER OTR,12.46,17.26,1,1,V2,59325.75,90632.77,184878.63,2.09,0.94,3.03,597016.63
gmna,MAKE,2020,Actual,P00056541,613,Total,D3I450580,FTD_FENDER_DIE_PREP_14-17_FSD,FENDER OTR,12.46,17.26,10,10,DIE-PREP,57175.58,20380.45,107600.61,1.58,0.55,2.13,419173.31
gmna,MAKE,2020,Actual,P00056544,503.6,Total,D3I450580,FTD_FENDER_DIE_PREP_14-17_FSD,FENDER OTR,12.46,17.26,10,10,DIE-PREP,46980.4,59362.53,138648.76,1.3,0.7,2,394073.21
gmna,MAKE,2020,Actual,P00056543,473.8,Total,D3I450580,FTD_FENDER_DIE_PREP_14-17_FSD,FENDER OTR,12.46,17.26,7,7,DIE-PREP,44186.588,90632.77,184878.63,2.09,0.94,3.03,597016.63
gmna,MAKE,2020,Actual,P00056539,455.9,Total,D2Y450380,FTD_FENDER_DSGN_14-17_FSD,FENDER OTR,12.46,17.26,6,6,DSGN,31621.224,59362.53,138648.76,1.3,0.7,2,394073.21
gmna,MAKE,2020,Actual,P00056536,427.6,Total,D2Y450380,FTD_FENDER_DSGN_14-17_FSD,FENDER OTR,12.46,17.26,6,6,DSGN,29658.336,20380.45,107600.61,1.58,0.55,2.13,419173.31
gmna,MAKE,2020,Actual,P00056549,221.8,V2,D3J350480,FTD_FENDER_V2_14-17_FSD,FENDER OTR,12.46,17.26,1,1,V2,20738.3,83969.23,171658.21,1.71,0.87,2.58,508080.99
gmna,MAKE,2020,Actual,P00056537,424,Total,D2Y450380,FTD_FENDER_DSGN_14-17_FSD,FENDER OTR,12.46,17.26,6,6,DSGN,29408.64,83969.23,171658.21,1.71,0.87,2.58,508080.99
gmna,MAKE,2020,Actual,P00056022,921.6,Assembly,D3N300280,FTD_FENDER_DAS_14-17_FSD,FENDER OTR,11.91,17.26,1,1,DAS,85948.416,61974.4,150224.2,1.91,0.76,2.68,527528.76
gmna,MAKE,2020,Actual,P00056010,408.1,Design,D2Y450380,FTD_FENDER_DSGN_14-17_FSD,FENDER OTR,11.91,17.26,6,6,DSGN,28305.816,21443.28,109581.37,1.53,0.56,2.09,411482.54
gmna,MAKE,2020,Actual,P00056018,113,Process Planning,D3I450580,FTD_FENDER_DIE_PREP_14-17_FSD,FENDER OTR,11.91,17.26,1,1,DIE-PREP,10538.38,73704.84,151845.48,1.42,0.77,2.19,432599.46
gmna,MAKE,2020,Actual,P00056016,80,Process Planning,D3I450580,FTD_FENDER_DIE_PREP_14-17_FSD,FENDER OTR,11.91,17.26,1,1,DIE-PREP,7460.8,87878.58,174158.05,1.64,0.88,2.52,497044.43
gmna,MAKE,2020,Actual,P00056015,40,Process Planning,D3I450580,FTD_FENDER_DIE_PREP_14-17_FSD,FENDER OTR,11.91,17.26,1,1,DIE-PREP,3730.4,21443.28,109581.37,1.53,0.56,2.09,411482.54
gmna,MAKE,2020,Actual,P00056017,492.9,Patterns,D3I450580,FTD_FENDER_DIE_PREP_14-17_FSD,FENDER OTR,11.91,17.26,6,6,DIE-PREP,45967.854,61974.4,150224.2,1.91,0.76,2.68,527528.76
gmna,MAKE,2020,Actual,P00056016,477.4,Patterns,D3I450580,FTD_FENDER_DIE_PREP_14-17_FSD,FENDER OTR,11.91,17.26,6,6,DIE-PREP,44522.324,87878.58,174158.05,1.64,0.88,2.52,497044.43
gmna,MAKE,2020,Actual,P00056019,416.2,Patterns,D3I450580,FTD_FENDER_DIE_PREP_14-17_FSD,FENDER OTR,11.91,17.26,6,6,DIE-PREP,38814.812,74682.53,154340.91,1.65,0.78,2.43,480092.87
gmna,MAKE,2020,Actual,P00056018,329.9,Patterns,D3I450580,FTD_FENDER_DIE_PREP_14-17_FSD,FENDER OTR,11.91,17.26,6,6,DIE-PREP,30766.474,73704.84,151845.48,1.42,0.77,2.19,432599.46
gmna,MAKE,2020,Actual,P00056020,491.1,Initial Machining,D3N300280,FTD_FENDER_DAS_14-17_FSD,FENDER OTR,11.91,17.26,1,1,DAS,45799.986,21443.28,109581.37,1.53,0.56,2.09,411482.54
gmna,MAKE,2020,Actual,P00056021,401.8,Initial Machining,D3N300280,FTD_FENDER_DAS_14-17_FSD,FENDER OTR,11.91,17.26,1,1,DAS,37471.868,87878.58,174158.05,1.64,0.88,2.52,497044.43
gmna,MAKE,2020,Actual,P00056023,222.7,Initial Machining,D3N300280,FTD_FENDER_DAS_14-17_FSD,FENDER OTR,11.91,17.26,1,1,DAS,20769.002,73704.84,151845.48,1.42,0.77,2.19,432599.46
gmna,MAKE,2020,Actual,P00056017,506.6,Foundry,D3I450580,FTD_FENDER_DIE_PREP_14-17_FSD,FENDER OTR,11.91,17.26,3,3,DIE-PREP,47245.516,61974.4,150224.2,1.91,0.76,2.68,527528.76
gmna,MAKE,2020,Actual,P00056019,173.7,Foundry,D3I450580,FTD_FENDER_DIE_PREP_14-17_FSD,FENDER OTR,11.91,17.26,3,3,DIE-PREP,16199.262,74682.53,154340.91,1.65,0.78,2.43,480092.87
gmna,MAKE,2020,Actual,P00056018,167,Foundry,D3I450580,FTD_FENDER_DIE_PREP_14-17_FSD,FENDER OTR,11.91,17.26,3,3,DIE-PREP,15574.42,73704.84,151845.48,1.42,0.77,2.19,432599.46
gmna,MAKE,2020,Actual,P00056015,107.6,Foundry,D3I450580,FTD_FENDER_DIE_PREP_14-17_FSD,FENDER OTR,11.91,17.26,3,3,DIE-PREP,10034.776,21443.28,109581.37,1.53,0.56,2.09,411482.54
gmna,MAKE,2020,Actual,P00056024,476,Final Machining,D3N300280,FTD_FENDER_DAS_14-17_FSD,FENDER OTR,11.91,17.26,1,1,DAS,44391.76,74682.53,154340.91,1.65,0.78,2.43,480092.87
gmna,MAKE,2020,Actual,P00056022,460.8,Final Machining,D3N300280,FTD_FENDER_DAS_14-17_FSD,FENDER OTR,11.91,17.26,1,1,DAS,42974.208,61974.4,150224.2,1.91,0.76,2.68,527528.76
gmna,MAKE,2020,Actual,P00056020,354.5,Final Machining,D3N300280,FTD_FENDER_DAS_14-17_FSD,FENDER OTR,11.91,17.26,1,1,DAS,33060.67,21443.28,109581.37,1.53,0.56,2.09,411482.54
gmna,MAKE,2020,Actual,P00056023,282.5,Final Machining,D3N300280,FTD_FENDER_DAS_14-17_FSD,FENDER OTR,11.91,17.26,1,1,DAS,26348.35,73704.84,151845.48,1.42,0.77,2.19,432599.46
gmna,MAKE,2020,Actual,P00056012,460.5,Design,D2Y450380,FTD_FENDER_DSGN_14-17_FSD,FENDER OTR,11.91,17.26,6,6,DSGN,31940.28,73704.84,151845.48,1.42,0.77,2.19,432599.46
gmna,MAKE,2020,Actual,P00056014,430.5,Design,D2Y450380,FTD_FENDER_DSGN_14-17_FSD,FENDER OTR,11.91,17.26,6,6,DSGN,29859.48,74682.53,154340.91,1.65,0.78,2.43,480092.87
gmna,MAKE,2020,Actual,P00056013,421.7,Design,D2Y450380,FTD_FENDER_DSGN_14-17_FSD,FENDER OTR,11.91,17.26,6,6,DSGN,29249.112,61974.4,150224.2,1.91,0.76,2.68,527528.76
gmna,MAKE,2020,Actual,P00056011,416.2,Design,D2Y450380,FTD_FENDER_DSGN_14-17_FSD,FENDER OTR,11.91,17.26,6,6,DSGN,28867.632,87878.58,174158.05,1.64,0.88,2.52,497044.43
gmna,MAKE,2020,Actual,P00056016,338,Foundry,D3I450580,FTD_FENDER_DIE_PREP_14-17_FSD,FENDER OTR,11.91,17.26,3,3,DIE-PREP,31521.88,87878.58,174158.05,1.64,0.88,2.52,497044.43
gmna,MAKE,2020,Actual,P00056547,589.5,Assembly,D3N300280,FTD_FENDER_DAS_14-17_FSD,FENDER OTR,12.46,17.26,1,1,DAS,55118.25,59362.53,138648.76,1.3,0.7,2,394073.21
gmna,MAKE,2020,Actual,P00056538,417.1,Total,D2Y450380,FTD_FENDER_DSGN_14-17_FSD,FENDER OTR,12.46,17.26,6,6,DSGN,28930.056,90632.77,184878.63,2.09,0.94,3.03,597016.63
gmna,MAKE,2020,Actual,P00056540,398.7,Total,D2Y450380,FTD_FENDER_DSGN_14-17_FSD,FENDER OTR,12.46,17.26,6,6,DSGN,27653.832,85928.93,172181.06,1.85,0.87,2.72,536837.05
gmna,MAKE,2020,Actual,P00056014,430.5,Total,D2Y450380,FTD_FENDER_DSGN_14-17_FSD,FENDER OTR,11.91,17.26,6,6,DSGN,29859.48,74682.53,154340.91,1.65,0.78,2.43,480092.87
gmna,MAKE,2020,Actual,P00056012,460.5,Total,D2Y450380,FTD_FENDER_DSGN_14-17_FSD,FENDER OTR,11.91,17.26,6,6,DSGN,31940.28,73704.84,151845.48,1.42,0.77,2.19,432599.46
gmna,MAKE,2020,Actual,P00056030,465.8,Total,D3J350480,FTD_FENDER_V2_14-17_FSD,FENDER OTR,11.91,17.26,1,1,V2,43440.508,74682.53,154340.91,1.65,0.78,2.43,480092.87
gmna,Make,2020,Actual,P00054710,349.4,Total,D3I450420,FTD_OTHER_DIE_PREP_5-7_FSD,R/WDO PNL,3.51,4.92,10,10,DIE-PREP,32585.044,22523.25,90155.43,0.59,0.46,1.05,207328.22
gmna,Make,2020,Actual,P00054700,324.3,Total,D2Y450220,FTD_OTHER_DSGN_5-7_FSD,R/WDO PNL,3.51,4.92,6,6,DSGN,22493.448,22523.25,90155.43,0.59,0.46,1.05,207328.22
gmna,Make,2020,Actual,P00054709,312.9,Total,D3I450420,FTD_OTHER_DIE_PREP_5-7_FSD,R/WDO PNL,3.51,4.92,10,10,DIE-PREP,29181.054,9385.45,38949.13,0.53,0.2,0.73,144316.34
gmna,Make,2020,Actual,P00054724,309.2,Total,D2Y450220,FTD_OTHER_DSGN_5-7_FSD,R/WDO PNL,3.51,4.92,6,6,DSGN,21446.112,9715.02,46945.77,0.69,0.24,0.93,182613.4
gmna,Make,2020,Actual,P00054725,305,Total,D2Y450220,FTD_OTHER_DSGN_5-7_FSD,R/WDO PNL,3.51,4.92,6,6,DSGN,21154.8,12530.6,42314.37,0.59,0.21,0.8,157860.26
gmna,Make,2020,Actual,P00054705,284.4,Total,D3I450420,FTD_OTHER_DIE_PREP_5-7_FSD,R/WDO PNL,3.51,4.92,10,10,DIE-PREP,26523.144,9715.02,46945.77,0.69,0.24,0.93,182613.4
gmna,MAKE,2020,Actual,P00056546,465.3,Initial Machining,D3N300280,FTD_FENDER_DAS_14-17_FSD,FENDER OTR,12.46,17.26,1,1,DAS,43505.55,83969.23,171658.21,1.71,0.87,2.58,508080.99
gmna,MAKE,2020,Actual,P00056013,421.7,Total,D2Y450380,FTD_FENDER_DSGN_14-17_FSD,FENDER OTR,11.91,17.26,6,6,DSGN,29249.112,61974.4,150224.2,1.91,0.76,2.68,527528.76
gmna,MAKE,2020,Actual,P00056455,398.3,Initial Machining,D3N300280,FTD_FENDER_DAS_14-17_FSD,FENDER OTR,12.46,17.26,1,1,DAS,37145.458,20380.45,107600.61,1.58,0.55,2.13,419173.31
gmna,MAKE,2020,Actual,P00056542,273,Foundry,D3I450580,FTD_FENDER_DIE_PREP_14-17_FSD,FENDER OTR,12.46,17.26,3,3,DIE-PREP,25489.02,83969.23,171658.21,1.71,0.87,2.58,508080.99
gmna,MAKE,2020,Actual,P00056541,253.1,Foundry,D3I450580,FTD_FENDER_DIE_PREP_14-17_FSD,FENDER OTR,12.46,17.26,3,3,DIE-PREP,23611.306,20380.45,107600.61,1.58,0.55,2.13,419173.31
gmna,MAKE,2020,Actual,P00056544,133,Foundry,D3I450580,FTD_FENDER_DIE_PREP_14-17_FSD,FENDER OTR,12.46,17.26,3,3,DIE-PREP,12418.244,59362.53,138648.76,1.3,0.7,2,394073.21
gmna,MAKE,2020,Actual,P00056455,408.5,Final Machining,D3N300280,FTD_FENDER_DAS_14-17_FSD,FENDER OTR,12.46,17.26,1,1,DAS,38177.47,20380.45,107600.61,1.58,0.55,2.13,419173.31
gmna,MAKE,2020,Actual,P00056539,455.9,Design,D2Y450380,FTD_FENDER_DSGN_14-17_FSD,FENDER OTR,12.46,17.26,6,6,DSGN,31621.224,59362.53,138648.76,1.3,0.7,2,394073.21
gmna,MAKE,2020,Actual,P00056536,427.6,Design,D2Y450380,FTD_FENDER_DSGN_14-17_FSD,FENDER OTR,12.46,17.26,6,6,DSGN,29658.336,20380.45,107600.61,1.58,0.55,2.13,419173.31
gmna,MAKE,2020,Actual,P00056537,424,Design,D2Y450380,FTD_FENDER_DSGN_14-17_FSD,FENDER OTR,12.46,17.26,6,6,DSGN,29408.64,83969.23,171658.21,1.71,0.87,2.58,508080.99
gmna,MAKE,2020,Actual,P00056538,417.1,Design,D2Y450380,FTD_FENDER_DSGN_14-17_FSD,FENDER OTR,12.46,17.26,6,6,DSGN,28930.056,90632.77,184878.63,2.09,0.94,3.03,597016.63
gmna,MAKE,2020,Actual,P00056540,398.7,Design,D2Y450380,FTD_FENDER_DSGN_14-17_FSD,FENDER OTR,12.46,17.26,6,6,DSGN,27653.832,85928.93,172181.06,1.85,0.87,2.72,536837.05
gmna,MAKE,2020,Actual,P00056546,889.3,Assembly,D3N300280,FTD_FENDER_DAS_14-17_FSD,FENDER OTR,12.46,17.26,1,1,DAS,83149.55,83969.23,171658.21,1.71,0.87,2.58,508080.99
gmna,MAKE,2020,Actual,P00056547,256.5,Initial Machining,D3N300280,FTD_FENDER_DAS_14-17_FSD,FENDER OTR,12.46,17.26,1,1,DAS,23982.75,59362.53,138648.76,1.3,0.7,2,394073.21
gmna,MAKE,2020,Actual,P00056545,405,Total,D3I450580,FTD_FENDER_DIE_PREP_14-17_FSD,FENDER OTR,12.46,17.26,7,7,DIE-PREP,37772.7,85928.93,172181.06,1.85,0.87,2.72,536837.05
gmna,MAKE,2020,Actual,P00056011,416.2,Total,D2Y450380,FTD_FENDER_DSGN_14-17_FSD,FENDER OTR,11.91,17.26,6,6,DSGN,28867.632,87878.58,174158.05,1.64,0.88,2.52,497044.43
gmna,MAKE,2020,Actual,P00056029,199.1,Total,D3J350480,FTD_FENDER_V2_14-17_FSD,FENDER OTR,11.91,17.26,1,1,V2,18568.066,73704.84,151845.48,1.42,0.77,2.19,432599.46
gmna,MAKE,2020,Actual,P00056550,380.5,Total,D3J350480,FTD_FENDER_V2_14-17_FSD,FENDER OTR,12.46,17.26,1,1,V2,35576.75,59362.53,138648.76,1.3,0.7,2,394073.21
gmna,MAKE,2020,Actual,P00056498,281,Total,D3J350480,FTD_FENDER_V2_14-17_FSD,FENDER OTR,12.46,17.26,1,1,V2,26273.5,85928.93,172181.06,1.85,0.87,2.72,536837.05
gmna,MAKE,2020,Actual,P00056549,221.8,Total,D3J350480,FTD_FENDER_V2_14-17_FSD,FENDER OTR,12.46,17.26,1,1,V2,20738.3,83969.23,171658.21,1.71,0.87,2.58,508080.99
gmna,MAKE,2020,Actual,P00056546,518.2,Subassembly,D3N300280,FTD_FENDER_DAS_14-17_FSD,FENDER OTR,12.46,17.26,1,1,DAS,48451.7,83969.23,171658.21,1.71,0.87,2.58,508080.99
gmna,MAKE,2020,Actual,P00056547,241,Subassembly,D3N300280,FTD_FENDER_DAS_14-17_FSD,FENDER OTR,12.46,17.26,1,1,DAS,22533.5,59362.53,138648.76,1.3,0.7,2,394073.21
gmna,MAKE,2020,Actual,P00056024,134.5,Subassembly,D3N300280,FTD_FENDER_DAS_14-17_FSD,FENDER OTR,11.91,17.26,1,1,DAS,12543.47,74682.53,154340.91,1.65,0.78,2.43,480092.87
gmna,MAKE,2020,Actual,P00056544,50.4,Process Planning,D3I450580,FTD_FENDER_DIE_PREP_14-17_FSD,FENDER OTR,12.46,17.26,1,1,DIE-PREP,4700.304,59362.53,138648.76,1.3,0.7,2,394073.21
gmna,MAKE,2020,Actual,P00056010,408.1,Total,D2Y450380,FTD_FENDER_DSGN_14-17_FSD,FENDER OTR,11.91,17.26,6,6,DSGN,28305.816,21443.28,109581.37,1.53,0.56,2.09,411482.54
gmna,MAKE,2020,Actual,P00056020,268.2,Subassembly,D3N300280,FTD_FENDER_DAS_14-17_FSD,FENDER OTR,11.91,17.26,1,1,DAS,25012.332,21443.28,109581.37,1.53,0.56,2.09,411482.54
gmna,MAKE,2020,Actual,P00056021,483.3,Subassembly,D3N300280,FTD_FENDER_DAS_14-17_FSD,FENDER OTR,11.91,17.26,1,1,DAS,45130.206,87878.58,174158.05,1.64,0.88,2.52,497044.43
gmna,MAKE,2020,Actual,P00056022,539.1,Subassembly,D3N300280,FTD_FENDER_DAS_14-17_FSD,FENDER OTR,11.91,17.26,1,1,DAS,50276.466,61974.4,150224.2,1.91,0.76,2.68,527528.76
gmna,MAKE,2020,Actual,P00056545,34,Process Planning,D3I450580,FTD_FENDER_DIE_PREP_14-17_FSD,FENDER OTR,12.46,17.26,1,1,DIE-PREP,3173.24,85928.93,172181.06,1.85,0.87,2.72,536837.05
gmna,MAKE,2020,Actual,P00058459,20,Process Planning,D3I450521,"
FTD_FENDER_PATTERNS_PROC_PLAN_8-
10_FSD_PPO_SHARE",FENDER OTR,12.46,17.26,1,1,REPLACED,1865.2,20380.45,107600.61,1.58,0.55,2.13,419173.31
gmna,MAKE,2020,Actual,P00056543,14,Process Planning,D3I450580,FTD_FENDER_DIE_PREP_14-17_FSD,FENDER OTR,12.46,17.26,1,1,DIE-PREP,1305.64,90632.77,184878.63,2.09,0.94,3.03,597016.63
gmna,MAKE,2020,Actual,P00056543,459.8,Patterns,D3I450580,FTD_FENDER_DIE_PREP_14-17_FSD,FENDER OTR,12.46,17.26,6,6,DIE-PREP,42880.948,90632.77,184878.63,2.09,0.94,3.03,597016.63
gmna,MAKE,2020,Actual,P00056542,403,Patterns,D3I450580,FTD_FENDER_DIE_PREP_14-17_FSD,FENDER OTR,12.46,17.26,6,6,DIE-PREP,37583.78,83969.23,171658.21,1.71,0.87,2.58,508080.99
gmna,MAKE,2020,Actual,P00056545,371,Patterns,D3I450580,FTD_FENDER_DIE_PREP_14-17_FSD,FENDER OTR,12.46,17.26,6,6,DIE-PREP,34599.46,85928.93,172181.06,1.85,0.87,2.72,536837.05
gmna,MAKE,2020,Actual,P00056544,320.2,Patterns,D3I450580,FTD_FENDER_DIE_PREP_14-17_FSD,FENDER OTR,12.46,17.26,6,6,DIE-PREP,29861.852,59362.53,138648.76,1.3,0.7,2,394073.21
gmna,MAKE,2020,Actual,P00056541,245.2,Patterns,D3I450580,FTD_FENDER_DIE_PREP_14-17_FSD,FENDER OTR,12.46,17.26,6,6,DIE-PREP,22867.352,20380.45,107600.61,1.58,0.55,2.13,419173.31
gmna,MAKE,2020,Actual,P00056023,340.5,Subassembly,D3N300280,FTD_FENDER_DAS_14-17_FSD,FENDER OTR,11.91,17.26,1,1,DAS,31755.03,73704.84,151845.48,1.42,0.77,2.19,432599.46
gmna,MAKE,2020,Actual,P00056541,114.7,Process Planning,D3I450580,FTD_FENDER_DIE_PREP_14-17_FSD,FENDER OTR,12.46,17.26,1,1,DIE-PREP,10696.922,20380.45,107600.61,1.58,0.55,2.13,419173.31
gmna,MAKE,2020,Actual,P00054747,673.3,Assembly,D3N300220,FTD_FENDER_DAS_8-10_FSD,FENDER OTR,9.02,10.89,1,1,DAS,62887.31,72711.37,124860.6,0.93,0.63,1.56,308104.69
gmna,MAKE,2020,Actual,P00054759,126,Subassembly,D3N300220,FTD_FENDER_DAS_8-10_FSD,FENDER OTR,9.01,10.28,1,1,DAS,11750.76,11808.03,70140.93,1.16,0.36,1.52,299758.98
gmna,MAKE,2020,Actual,P00054776,145,Subassembly,D3N300220,FTD_FENDER_DAS_8-10_FSD,FENDER OTR,9.01,10.28,1,1,DAS,13522.7,68302.09,122701.44,0.93,0.62,1.55,305753.62
gmna,MAKE,2020,Actual,P00054764,150.5,Subassembly,D3N300220,FTD_FENDER_DAS_8-10_FSD,FENDER OTR,9.01,10.28,1,1,DAS,14035.63,101604.31,167478.72,1.34,0.85,2.19,431527.38
gmna,MAKE,2020,Actual,P00054781,142.8,Total,D3I450520,FTD_FENDER_DIE_PREP_8-10_FSD,FENDER OTR,9.01,10.28,7,7,DIE-PREP,13317.528,55380.94,115298.58,1.09,0.58,1.68,330959.57
gmna,MAKE,2020,Actual,P00054773,229.3,Total,D3I450520,FTD_FENDER_DIE_PREP_8-10_FSD,FENDER OTR,9.01,10.28,7,7,DIE-PREP,21384.518,71920.45,146792.02,1.33,0.74,2.07,408838.33
gmna,MAKE,2020,Actual,P00054774,261.3,Total,D2Y450320,FTD_FENDER_DSGN_8-10_FSD,FENDER OTR,9.01,10.28,6,6,DSGN,18123.768,71920.45,146792.02,1.33,0.74,2.07,408838.33
gmna,MAKE,2020,Actual,P00054767,263,Total,D2Y450320,FTD_FENDER_DSGN_8-10_FSD,FENDER OTR,9.01,10.28,6,6,DSGN,18241.68,101604.31,167478.72,1.34,0.85,2.19,431527.38
gmna,MAKE,2020,Actual,P00054778,264.1,Total,D2Y450320,FTD_FENDER_DSGN_8-10_FSD,FENDER OTR,9.01,10.28,6,6,DSGN,18317.976,68302.09,122701.44,0.93,0.62,1.55,305753.62
gmna,MAKE,2020,Actual,P00054782,265.4,Total,D2Y450320,FTD_FENDER_DSGN_8-10_FSD,FENDER OTR,9.01,10.28,6,6,DSGN,18408.144,55380.94,115298.58,1.09,0.58,1.68,330959.57
gmna,MAKE,2020,Actual,P00054762,290.8,Total,D2Y450320,FTD_FENDER_DSGN_8-10_FSD,FENDER OTR,9.01,10.28,6,6,DSGN,20169.888,11808.03,70140.93,1.16,0.36,1.52,299758.98
gmna,MAKE,2020,Actual,P00054760,297.05,Total,D3I450520,FTD_FENDER_DIE_PREP_8-10_FSD,FENDER OTR,9.01,10.28,10,10,DIE-PREP,27702.883,11808.03,70140.93,1.16,0.36,1.52,299758.98
gmna,MAKE,2020,Actual,P00054765,437,Total,D3I450520,FTD_FENDER_DIE_PREP_8-10_FSD,FENDER OTR,9.01,10.28,10,10,DIE-PREP,40754.62,101604.31,167478.72,1.34,0.85,2.19,431527.38
gmna,MAKE,2020,Actual,P00054777,472.1,Total,D3I450520,FTD_FENDER_DIE_PREP_8-10_FSD,FENDER OTR,9.01,10.28,10,10,DIE-PREP,44028.046,68302.09,122701.44,0.93,0.62,1.55,305753.62
gmna,MAKE,2020,Actual,P00054777,94.9,Process Planning,D3I450520,FTD_FENDER_DIE_PREP_8-10_FSD,FENDER OTR,9.01,10.28,1,1,DIE-PREP,8850.374,68302.09,122701.44,0.93,0.62,1.55,305753.62
gmna,MAKE,2020,Actual,P00054759,994.7,Total,D3N300220,FTD_FENDER_DAS_8-10_FSD,FENDER OTR,9.01,10.28,4,4,DAS,92765.722,11808.03,70140.93,1.16,0.36,1.52,299758.98
gmna,MAKE,2020,Actual,P00054764,1461.9,Total,D3N300220,FTD_FENDER_DAS_8-10_FSD,FENDER OTR,9.01,10.28,4,4,DAS,136336.794,101604.31,167478.72,1.34,0.85,2.19,431527.38
gmna,MAKE,2020,Actual,P00062053,67,Iteration,D3D200481,NEW_FTD_OTHER_DD_11-14_FSD,FRONT FLOOR,5.56,11.6,2,2,DD,6264.5,,,,,,
gmna,MAKE,2020,Actual,P00062053,2813.3,Iteration,D3D200481,NEW_FTD_OTHER_DD_11-14_FSD,FRONT FLOOR,5.56,11.6,3,3,DD,263043.55,,,,,,
gmna,MAKE,2020,Actual,P00062053,779.1,Iteration,D3D200481,NEW_FTD_OTHER_DD_11-14_FSD,FRONT FLOOR,5.56,11.6,2,2,DD,72819.69,,,,,,
gmna,MAKE,2020,Actual,P00062053,57.5,Iteration,D3D200481,NEW_FTD_OTHER_DD_11-14_FSD,FRONT FLOOR,5.56,11.6,3,3,DD,5376.25,,,,,,
gmna,MAKE,2020,Actual,P00062053,282.3,Iteration,D3D200481,NEW_FTD_OTHER_DD_11-14_FSD,FRONT FLOOR,5.56,11.6,2,2,DD,26395.05,,,,,,
gmna,MAKE,2020,Actual,P00062053,693.6,V6,D3D200481,NEW_FTD_OTHER_DD_11-14_FSD,FRONT FLOOR,5.56,11.6,3,3,DD,64851.6,,,,,,
gmna,Make,2020,Actual,P00054704,686.1,Total,D3N300120,FTD_OTHER_DAS_5-7_FSD,R/WDO PNL,3.51,4.92,4,4,DAS,63985.686,22523.25,90155.43,0.59,0.46,1.05,207328.22
gmna,Make,2020,Actual,P00054694,56,V2,D3J350320,FTD_OTHER_V2_5-7_FSD,R/WDO PNL,3.51,4.92,1,1,V2,5222.56,9385.45,38949.13,0.53,0.2,0.73,144316.34
gmna,Make,2020,Actual,P00054693,119.7,V2,D3J350320,FTD_OTHER_V2_5-7_FSD,R/WDO PNL,3.51,4.92,1,1,V2,11163.222,12530.6,42314.37,0.59,0.21,0.8,157860.26
gmna,MAKE,2020,Actual,P00054776,1091,Total,D3N300220,FTD_FENDER_DAS_8-10_FSD,FENDER OTR,9.01,10.28,4,4,DAS,101850.46,68302.09,122701.44,0.93,0.62,1.55,305753.62
gmna,MAKE,2020,Actual,P00054760,89.4,Process Planning,D3I450520,FTD_FENDER_DIE_PREP_8-10_FSD,FENDER OTR,9.01,10.28,1,1,DIE-PREP,8337.444,11808.03,70140.93,1.16,0.36,1.52,299758.98
gmna,MAKE,2020,Actual,P00054781,50,Process Planning,D3I450520,FTD_FENDER_DIE_PREP_8-10_FSD,FENDER OTR,9.01,10.28,1,1,DIE-PREP,4663,55380.94,115298.58,1.09,0.58,1.68,330959.57
gmna,MAKE,2020,Actual,P00054773,48,Process Planning,D3I450520,FTD_FENDER_DIE_PREP_8-10_FSD,FENDER OTR,9.01,10.28,1,1,DIE-PREP,4476.48,71920.45,146792.02,1.33,0.74,2.07,408838.33
gmna,MAKE,2020,Actual,P00055156,876.8,Total,D3M350220,FTD_FENDER_V1_8-10_FSD,FENDER OTR,9.39,10.28,1,1,REPLACED,81770.368,11798.63,68474.4,1.15,0.35,1.5,295884.58
gmna,MAKE,2020,Actual,P00055161,900.6,Total,D3N300220,FTD_FENDER_DAS_8-10_FSD,FENDER OTR,9.39,10.28,4,4,DAS,83989.956,11798.63,68474.4,1.15,0.35,1.5,295884.58
gmna,MAKE,2020,Actual,P00055164,1066.7,Total,D3N300220,FTD_FENDER_DAS_8-10_FSD,FENDER OTR,9.39,10.28,4,4,DAS,99592.306,105935.5,160746.85,1.09,0.82,1.91,375821.74
gmna,MAKE,2020,Actual,P00055156,876.8,V1,D3M350220,FTD_FENDER_V1_8-10_FSD,FENDER OTR,9.39,10.28,1,1,REPLACED,81770.368,11798.63,68474.4,1.15,0.35,1.5,295884.58
gmna,MAKE,2020,Actual,P00062052,123.1,Iteration,D3D200521,NEW_FTD_FENDER_DD_8-10_FSD,FENDER OTR,9.39,10.28,2,2,REPLACED,11499.65,,,,,,
gmna,MAKE,2020,Actual,P00054759,263.5,Assembly,D3N300220,FTD_FENDER_DAS_8-10_FSD,FENDER OTR,9.01,10.28,1,1,DAS,24574.01,11808.03,70140.93,1.16,0.36,1.52,299758.98
gmna,MAKE,2020,Actual,P00054776,523,Assembly,D3N300220,FTD_FENDER_DAS_8-10_FSD,FENDER OTR,9.01,10.28,1,1,DAS,48878.78,68302.09,122701.44,0.93,0.62,1.55,305753.62
gmna,MAKE,2020,Actual,P00054764,646.7,Assembly,D3N300220,FTD_FENDER_DAS_8-10_FSD,FENDER OTR,9.01,10.28,1,1,DAS,60311.242,101604.31,167478.72,1.34,0.85,2.19,431527.38
gmna,MAKE,2020,Actual,P00054774,261.3,Design,D2Y450320,FTD_FENDER_DSGN_8-10_FSD,FENDER OTR,9.01,10.28,6,6,DSGN,18123.768,71920.45,146792.02,1.33,0.74,2.07,408838.33
gmna,MAKE,2020,Actual,P00054767,263,Design,D2Y450320,FTD_FENDER_DSGN_8-10_FSD,FENDER OTR,9.01,10.28,6,6,DSGN,18241.68,101604.31,167478.72,1.34,0.85,2.19,431527.38
gmna,MAKE,2020,Actual,P00054778,264.1,Design,D2Y450320,FTD_FENDER_DSGN_8-10_FSD,FENDER OTR,9.01,10.28,6,6,DSGN,18317.976,68302.09,122701.44,0.93,0.62,1.55,305753.62
gmna,MAKE,2020,Actual,P00054782,265.4,Design,D2Y450320,FTD_FENDER_DSGN_8-10_FSD,FENDER OTR,9.01,10.28,6,6,DSGN,18408.144,55380.94,115298.58,1.09,0.58,1.68,330959.57
gmna,MAKE,2020,Actual,P00054762,290.8,Design,D2Y450320,FTD_FENDER_DSGN_8-10_FSD,FENDER OTR,9.01,10.28,6,6,DSGN,20169.888,11808.03,70140.93,1.16,0.36,1.52,299758.98
gmna,MAKE,2020,Actual,P00054759,265.2,Final Machining,D3N300220,FTD_FENDER_DAS_8-10_FSD,FENDER OTR,9.01,10.28,1,1,DAS,24732.552,11808.03,70140.93,1.16,0.36,1.52,299758.98
gmna,MAKE,2020,Actual,P00054776,280.3,Final Machining,D3N300220,FTD_FENDER_DAS_8-10_FSD,FENDER OTR,9.01,10.28,1,1,DAS,26140.778,68302.09,122701.44,0.93,0.62,1.55,305753.62
gmna,MAKE,2020,Actual,P00054764,466.2,Final Machining,D3N300220,FTD_FENDER_DAS_8-10_FSD,FENDER OTR,9.01,10.28,1,1,DAS,43477.812,101604.31,167478.72,1.34,0.85,2.19,431527.38
gmna,MAKE,2020,Actual,P00054760,110,Foundry,D3I450520,FTD_FENDER_DIE_PREP_8-10_FSD,FENDER OTR,9.01,10.28,3,3,DIE-PREP,10258.6,11808.03,70140.93,1.16,0.36,1.52,299758.98
gmna,MAKE,2020,Actual,P00054765,142.4,Foundry,D3I450520,FTD_FENDER_DIE_PREP_8-10_FSD,FENDER OTR,9.01,10.28,3,3,DIE-PREP,13280.224,101604.31,167478.72,1.34,0.85,2.19,431527.38
gmna,MAKE,2020,Actual,P00054777,227.3,Foundry,D3I450520,FTD_FENDER_DIE_PREP_8-10_FSD,FENDER OTR,9.01,10.28,3,3,DIE-PREP,21197.998,68302.09,122701.44,0.93,0.62,1.55,305753.62
gmna,MAKE,2020,Actual,P00054776,142.7,Initial Machining,D3N300220,FTD_FENDER_DAS_8-10_FSD,FENDER OTR,9.01,10.28,1,1,DAS,13308.202,68302.09,122701.44,0.93,0.62,1.55,305753.62
gmna,MAKE,2020,Actual,P00054764,198.5,Initial Machining,D3N300220,FTD_FENDER_DAS_8-10_FSD,FENDER OTR,9.01,10.28,1,1,DAS,18512.11,101604.31,167478.72,1.34,0.85,2.19,431527.38
gmna,MAKE,2020,Actual,P00054759,340,Initial Machining,D3N300220,FTD_FENDER_DAS_8-10_FSD,FENDER OTR,9.01,10.28,1,1,DAS,31708.4,11808.03,70140.93,1.16,0.36,1.52,299758.98
gmna,MAKE,2020,Actual,P00054777,149.9,Patterns,D3I450520,FTD_FENDER_DIE_PREP_8-10_FSD,FENDER OTR,9.01,10.28,6,6,DIE-PREP,13979.674,68302.09,122701.44,0.93,0.62,1.55,305753.62
gmna,MAKE,2020,Actual,P00054773,181.3,Patterns,D3I450520,FTD_FENDER_DIE_PREP_8-10_FSD,FENDER OTR,9.01,10.28,6,6,DIE-PREP,16908.038,71920.45,146792.02,1.33,0.74,2.07,408838.33
gmna,MAKE,2020,Actual,P00054765,254.6,Patterns,D3I450520,FTD_FENDER_DIE_PREP_8-10_FSD,FENDER OTR,9.01,10.28,6,6,DIE-PREP,23743.996,101604.31,167478.72,1.34,0.85,2.19,431527.38
gmna,MAKE,2020,Actual,P00054765,40,Process Planning,D3I450520,FTD_FENDER_DIE_PREP_8-10_FSD,FENDER OTR,9.01,10.28,1,1,DIE-PREP,3730.4,101604.31,167478.72,1.34,0.85,2.19,431527.38
gmna,Make,2020,Actual,P00061823,592.3,Iteration,D3D200420,FTD_OTHER_DD_5-7_FSD,R/WDO PNL,3.51,4.92,3,3,REPLACED,55237.898,,,,,,
gmna,MAKE,2020,Actual,P00055166,521.65,Total,D3I450530,FTD_FENDER_DIE_PREP_DRAW_8-10_FSD,FENDER OTR,9.39,10.28,5,5,DIE-PREP,48649.079,11798.63,68474.4,1.15,0.35,1.5,295884.58
gmna,Make,2020,Actual,P00062050,5193.5,Iteration,D3D200421,NEW_FTD_OTHER_DD_5-7_FSD,R/WDO PNL,3.51,4.92,3,3,DD,485420.842,,,,,,
gmna,Make,2020,Actual,P00055197,108,Assembly,D3N300120,FTD_OTHER_DAS_5-7_FSD,REAR END,3.19,4.51,1,1,DAS,10072.08,8377.72,37339.93,0.49,0.19,0.68,134779.76
gmna,Make,2020,Actual,P00055188,249.2,Total,D3I450420,FTD_OTHER_DIE_PREP_5-7_FSD,REAR END,3.19,4.51,10,10,DIE-PREP,23240.392,8974.84,39077.53,0.51,0.2,0.71,140143.76
gmna,Make,2020,Actual,P00055189,259.7,Total,D3I450420,FTD_OTHER_DIE_PREP_5-7_FSD,REAR END,3.19,4.51,10,10,DIE-PREP,24219.622,8377.72,37339.93,0.49,0.19,0.68,134779.76
gmna,Make,2020,Actual,P00055184,273,Total,D2Y450220,FTD_OTHER_DSGN_5-7_FSD,REAR END,3.19,4.51,6,6,DSGN,18935.28,8974.84,39077.53,0.51,0.2,0.71,140143.76
gmna,Make,2020,Actual,P00055183,282.5,Total,D2Y450220,FTD_OTHER_DSGN_5-7_FSD,REAR END,3.19,4.51,6,6,DSGN,19594.2,15550.11,47874.81,0.56,0.24,0.81,158881.4
gmna,Make,2020,Actual,P00055185,294.5,Total,D2Y450220,FTD_OTHER_DSGN_5-7_FSD,REAR END,3.19,4.51,6,6,DSGN,20426.52,8377.72,37339.93,0.49,0.19,0.68,134779.76
gmna,Make,2020,Actual,P00055182,305.8,Total,D2Y450220,FTD_OTHER_DSGN_5-7_FSD,REAR END,3.19,4.51,6,6,DSGN,21210.288,9475.11,44987.44,0.76,0.23,0.99,194775.9
gmna,Make,2020,Actual,P00055186,350.7,Total,D3I450420,FTD_OTHER_DIE_PREP_5-7_FSD,REAR END,3.19,4.51,10,10,DIE-PREP,32706.282,9475.11,44987.44,0.76,0.23,0.99,194775.9
gmna,Make,2020,Actual,P00055197,373,Total,D3N300120,FTD_OTHER_DAS_5-7_FSD,REAR END,3.19,4.51,4,4,DAS,34788.38,8377.72,37339.93,0.49,0.19,0.68,134779.76
gmna,Make,2020,Actual,P00055187,433.1,Total,D3I450420,FTD_OTHER_DIE_PREP_5-7_FSD,REAR END,3.19,4.51,10,10,DIE-PREP,40390.906,15550.11,47874.81,0.56,0.24,0.81,158881.4
gmna,Make,2020,Actual,P00055199,489.3,Total,D3J350320,FTD_OTHER_V2_5-7_FSD,REAR END,3.19,4.51,1,1,V2,45632.118,15550.11,47874.81,0.56,0.24,0.81,158881.4
gmna,Make,2020,Actual,P00055198,639.9,Total,D3M350120,FTD_OTHER_V1_5-7_FSD,REAR END,3.19,4.51,1,1,V1,59677.074,9475.11,44987.44,0.76,0.23,0.99,194775.9
gmna,Make,2020,Actual,P00055201,151.9,Total,D3J350320,FTD_OTHER_V2_5-7_FSD,REAR END,3.19,4.51,1,1,V2,14166.194,8377.72,37339.93,0.49,0.19,0.68,134779.76
gmna,Make,2020,Actual,P00064272,680.6,Total,D3M350120,FTD_OTHER_V1_5-7_FSD,REAR END,3.19,4.51,1,1,REPLACED,63636.1,9475.11,44987.44,0.76,0.23,0.99,194775.9
gmna,Make,2020,Actual,P00055198,639.9,V1,D3M350120,FTD_OTHER_V1_5-7_FSD,REAR END,3.19,4.51,1,1,V1,59677.074,9475.11,44987.44,0.76,0.23,0.99,194775.9
gmna,Make,2020,Actual,P00064272,680.6,V1,D3M350120,FTD_OTHER_V1_5-7_FSD,REAR END,3.19,4.51,1,1,REPLACED,63636.1,9475.11,44987.44,0.76,0.23,0.99,194775.9
gmna,Make,2020,Actual,P00055200,135.5,V2,D3J350320,FTD_OTHER_V2_5-7_FSD,REAR END,3.19,4.51,1,1,V2,12636.73,8974.84,39077.53,0.51,0.2,0.71,140143.76
gmna,Make,2020,Actual,P00055201,151.9,V2,D3J350320,FTD_OTHER_V2_5-7_FSD,REAR END,3.19,4.51,1,1,V2,14166.194,8377.72,37339.93,0.49,0.19,0.68,134779.76
gmna,Make,2020,Actual,P00055199,489.3,V2,D3J350320,FTD_OTHER_V2_5-7_FSD,REAR END,3.19,4.51,1,1,V2,45632.118,15550.11,47874.81,0.56,0.24,0.81,158881.4
gmna,Make,2020,Actual,P00055202,139.5,Iteration,D3D200420,FTD_OTHER_DD_5-7_FSD,REAR END,3.19,4.51,2,2,REPLACED,13009.77,,,,,,
gmna,Make,2020,Actual,P00055202,40,Iteration,D3D200420,FTD_OTHER_DD_5-7_FSD,REAR END,3.19,4.51,2,2,REPLACED,3730.4,,,,,,
gmna,Make,2020,Actual,P00062245,1208.3,Iteration,D3D200421,NEW_FTD_OTHER_DD_5-7_FSD,REAR END,3.19,4.51,3,3,DD,112916.098,,,,,,
gmna,Make,2020,Actual,P00055202,54.3,Iteration,D3D200420,FTD_OTHER_DD_5-7_FSD,REAR END,3.19,4.51,2,2,REPLACED,5064.018,,,,,,
gmna,Make,2020,Actual,P00062245,849.3,Iteration,D3D200421,NEW_FTD_OTHER_DD_5-7_FSD,REAR END,3.19,4.51,2,2,DD,79409.55,,,,,,
gmna,Make,2020,Actual,P00062245,720,Iteration,D3D200421,NEW_FTD_OTHER_DD_5-7_FSD,REAR END,3.19,4.51,5,5,DD,67320,,,,,,
gmna,Make,2020,Actual,P00062245,126,Iteration,D3D200421,NEW_FTD_OTHER_DD_5-7_FSD,REAR END,3.19,4.51,2,2,DD,11781,,,,,,
gmna,Make,2020,Actual,P00062245,3933.9,V6,D3D200421,NEW_FTD_OTHER_DD_5-7_FSD,REAR END,3.19,4.51,3,3,DD,367819.65,,,,,,
gmna,Make,2020,Actual,P00055200,135.5,Total,D3J350320,FTD_OTHER_V2_5-7_FSD,REAR END,3.19,4.51,1,1,V2,12636.73,8974.84,39077.53,0.51,0.2,0.71,140143.76
gmna,Make,2020,Actual,P00055195,216.4,Subassembly,D3N300120,FTD_OTHER_DAS_5-7_FSD,REAR END,3.19,4.51,1,1,DAS,20181.464,15550.11,47874.81,0.56,0.24,0.81,158881.4
gmna,Make,2020,Actual,P00055196,158,Subassembly,D3N300120,FTD_OTHER_DAS_5-7_FSD,REAR END,3.19,4.51,1,1,DAS,14735.08,8974.84,39077.53,0.51,0.2,0.71,140143.76
gmna,Make,2020,Actual,P00055196,124,Assembly,D3N300120,FTD_OTHER_DAS_5-7_FSD,REAR END,3.19,4.51,1,1,DAS,11564.24,8974.84,39077.53,0.51,0.2,0.71,140143.76
gmna,Make,2020,Actual,P00055195,150,Assembly,D3N300120,FTD_OTHER_DAS_5-7_FSD,REAR END,3.19,4.51,1,1,DAS,13989,15550.11,47874.81,0.56,0.24,0.81,158881.4
gmna,Make,2020,Actual,P00055194,236.2,Assembly,D3N300120,FTD_OTHER_DAS_5-7_FSD,REAR END,3.19,4.51,1,1,DAS,22028.012,9475.11,44987.44,0.76,0.23,0.99,194775.9
gmna,Make,2020,Actual,P00055197,82,Final Machining,D3N300120,FTD_OTHER_DAS_5-7_FSD,REAR END,3.19,4.51,1,1,DAS,7649.72,8377.72,37339.93,0.49,0.19,0.68,134779.76
gmna,Make,2020,Actual,P00055196,82.5,Final Machining,D3N300120,FTD_OTHER_DAS_5-7_FSD,REAR END,3.19,4.51,1,1,DAS,7693.95,8974.84,39077.53,0.51,0.2,0.71,140143.76
gmna,Make,2020,Actual,P00055194,158.6,Final Machining,D3N300120,FTD_OTHER_DAS_5-7_FSD,REAR END,3.19,4.51,1,1,DAS,14791.036,9475.11,44987.44,0.76,0.23,0.99,194775.9
gmna,Make,2020,Actual,P00055189,50,Foundry,D3I450420,FTD_OTHER_DIE_PREP_5-7_FSD,REAR END,3.19,4.51,3,3,DIE-PREP,4663,8377.72,37339.93,0.49,0.19,0.68,134779.76
gmna,Make,2020,Actual,P00055188,51,Foundry,D3I450420,FTD_OTHER_DIE_PREP_5-7_FSD,REAR END,3.19,4.51,3,3,DIE-PREP,4756.26,8974.84,39077.53,0.51,0.2,0.71,140143.76
gmna,Make,2020,Actual,P00055186,103.9,Foundry,D3I450420,FTD_OTHER_DIE_PREP_5-7_FSD,REAR END,3.19,4.51,3,3,DIE-PREP,9689.714,9475.11,44987.44,0.76,0.23,0.99,194775.9
gmna,Make,2020,Actual,P00055195,82,Initial Machining,D3N300120,FTD_OTHER_DAS_5-7_FSD,REAR END,3.19,4.51,1,1,DAS,7647.32,15550.11,47874.81,0.56,0.24,0.81,158881.4
gmna,Make,2020,Actual,P00055197,92.1,Initial Machining,D3N300120,FTD_OTHER_DAS_5-7_FSD,REAR END,3.19,4.51,1,1,DAS,8589.246,8377.72,37339.93,0.49,0.19,0.68,134779.76
gmna,Make,2020,Actual,P00055186,158.8,Patterns,D3I450420,FTD_OTHER_DIE_PREP_5-7_FSD,REAR END,3.19,4.51,6,6,DIE-PREP,14809.688,9475.11,44987.44,0.76,0.23,0.99,194775.9
gmna,Make,2020,Actual,P00055189,31.2,Process Planning,D3I450420,FTD_OTHER_DIE_PREP_5-7_FSD,REAR END,3.19,4.51,1,1,DIE-PREP,2909.712,8377.72,37339.93,0.49,0.19,0.68,134779.76
gmna,Make,2020,Actual,P00055188,31.8,Process Planning,D3I450420,FTD_OTHER_DIE_PREP_5-7_FSD,REAR END,3.19,4.51,1,1,DIE-PREP,2965.668,8974.84,39077.53,0.51,0.2,0.71,140143.76
gmna,Make,2020,Actual,P00055197,90.9,Subassembly,D3N300120,FTD_OTHER_DAS_5-7_FSD,REAR END,3.19,4.51,1,1,DAS,8477.334,8377.72,37339.93,0.49,0.19,0.68,134779.76
gmna,Make,2020,Actual,P00055194,127.5,Subassembly,D3N300120,FTD_OTHER_DAS_5-7_FSD,REAR END,3.19,4.51,1,1,DAS,11890.65,9475.11,44987.44,0.76,0.23,0.99,194775.9
gmna,Make,2020,Actual,P00062050,306.8,Iteration,D3D200421,NEW_FTD_OTHER_DD_5-7_FSD,R/WDO PNL,3.51,4.92,2,2,DD,28685.8,,,,,,
gmna,MAKE,2020,Actual,P00055167,520.4,Total,D3I450520,FTD_FENDER_DIE_PREP_8-10_FSD,FENDER OTR,9.39,10.28,10,10,DIE-PREP,48532.504,52676.45,135577.7,1.44,0.69,2.12,419047.02
gmna,MAKE,2020,Actual,P00055170,290.75,Total,D3I450520,FTD_FENDER_DIE_PREP_8-10_FSD,FENDER OTR,9.39,10.28,7,7,DIE-PREP,27115.345,67663.08,131458.38,1.09,0.67,1.75,345603.37
gmna,MAKE,2020,Actual,P00055145,258.8,Final Machining,D3N300220,FTD_FENDER_DAS_8-10_FSD,FENDER OTR,9.4,10.89,1,1,DAS,24135.688,11833.08,68237.85,1.15,0.35,1.5,295652.35
gmna,MAKE,2020,Actual,P00055132,276,Design,D2Y450320,FTD_FENDER_DSGN_8-10_FSD,FENDER OTR,9.4,10.89,6,6,DSGN,19143.36,67931.92,148458.6,1.36,0.75,2.11,416862.2
gmna,MAKE,2020,Actual,P00055133,274,Design,D2Y450320,FTD_FENDER_DSGN_8-10_FSD,FENDER OTR,9.4,10.89,6,6,DSGN,19004.64,103739.88,156263.02,1.1,0.79,1.89,373419.22
gmna,MAKE,2020,Actual,P00055131,268.5,Design,D2Y450320,FTD_FENDER_DSGN_8-10_FSD,FENDER OTR,9.4,10.89,6,6,DSGN,18623.16,52612.25,135624.25,1.45,0.69,2.14,421224.46
gmna,MAKE,2020,Actual,P00055134,265.6,Design,D2Y450320,FTD_FENDER_DSGN_8-10_FSD,FENDER OTR,9.4,10.89,6,6,DSGN,18422.016,67664.56,131378.22,1.09,0.67,1.76,346332.51
gmna,MAKE,2020,Actual,P00055130,253.9,Design,D2Y450320,FTD_FENDER_DSGN_8-10_FSD,FENDER OTR,9.4,10.89,6,6,DSGN,17610.504,11833.08,68237.85,1.15,0.35,1.5,295652.35
gmna,MAKE,2020,Actual,P00055148,326.8,Final Machining,D3N300220,FTD_FENDER_DAS_8-10_FSD,FENDER OTR,9.4,10.89,1,1,DAS,30477.368,103739.88,156263.02,1.1,0.79,1.89,373419.22
gmna,MAKE,2020,Actual,P00055146,735.6,Assembly,D3N300220,FTD_FENDER_DAS_8-10_FSD,FENDER OTR,9.4,10.89,1,1,DAS,68676.72,52612.25,135624.25,1.45,0.69,2.14,421224.46
gmna,MAKE,2020,Actual,P00055145,320.9,Assembly,D3N300220,FTD_FENDER_DAS_8-10_FSD,FENDER OTR,9.4,10.89,1,1,DAS,29927.134,11833.08,68237.85,1.15,0.35,1.5,295652.35
gmna,MAKE,2020,Actual,P00054732,1024.5,Total,D3N300220,FTD_FENDER_DAS_8-10_FSD,FENDER OTR,9.02,10.89,4,4,DAS,95544.87,11808.03,70064.76,1.17,0.36,1.52,299942.89
gmna,MAKE,2020,Actual,P00054738,684.85,Total,D3I450520,FTD_FENDER_DIE_PREP_8-10_FSD,FENDER OTR,9.02,10.89,10,10,DIE-PREP,63869.111,101582.93,167424.4,1.34,0.85,2.19,431491.1
gmna,MAKE,2020,Actual,P00054733,608.95,Total,D3I450520,FTD_FENDER_DIE_PREP_8-10_FSD,FENDER OTR,9.02,10.89,10,10,DIE-PREP,56790.677,11808.03,70064.76,1.17,0.36,1.52,299942.89
gmna,MAKE,2020,Actual,P00055148,475,Assembly,D3N300220,FTD_FENDER_DAS_8-10_FSD,FENDER OTR,9.4,10.89,1,1,DAS,44369.18,103739.88,156263.02,1.1,0.79,1.89,373419.22
gmna,MAKE,2020,Actual,P00058369,99.5,Foundry,D3I450520,FTD_FENDER_DIE_PREP_8-10_FSD,FENDER OTR,9.4,10.89,3,3,DIE-PREP,9279.37,11833.08,68237.85,1.15,0.35,1.5,295652.35
gmna,MAKE,2020,Actual,P00055136,249.5,Foundry,D3I450520,FTD_FENDER_DIE_PREP_8-10_FSD,FENDER OTR,9.4,10.89,3,3,DIE-PREP,23268.37,52612.25,135624.25,1.45,0.69,2.14,421224.46
gmna,MAKE,2020,Actual,P00055146,102.6,Subassembly,D3N300220,FTD_FENDER_DAS_8-10_FSD,FENDER OTR,9.4,10.89,1,1,DAS,9568.476,52612.25,135624.25,1.45,0.69,2.14,421224.46
gmna,MAKE,2020,Actual,P00055139,95,Process Planning,D3I450520,FTD_FENDER_DIE_PREP_8-10_FSD,FENDER OTR,9.4,10.89,1,1,DIE-PREP,8859.7,67664.56,131378.22,1.09,0.67,1.76,346332.51
gmna,MAKE,2020,Actual,P00055138,82,Process Planning,D3I450520,FTD_FENDER_DIE_PREP_8-10_FSD,FENDER OTR,9.4,10.89,1,1,DIE-PREP,7649.72,103739.88,156263.02,1.1,0.79,1.89,373419.22
gmna,MAKE,2020,Actual,P00055137,48,Process Planning,D3I450520,FTD_FENDER_DIE_PREP_8-10_FSD,FENDER OTR,9.4,10.89,1,1,DIE-PREP,4476.48,67931.92,148458.6,1.36,0.75,2.11,416862.2
gmna,MAKE,2020,Actual,P00055136,337.1,Patterns,D3I450520,FTD_FENDER_DIE_PREP_8-10_FSD,FENDER OTR,9.4,10.89,6,6,DIE-PREP,31437.946,52612.25,135624.25,1.45,0.69,2.14,421224.46
gmna,MAKE,2020,Actual,P00058369,259.5,Patterns,D3I450520,FTD_FENDER_DIE_PREP_8-10_FSD,FENDER OTR,9.4,10.89,6,6,DIE-PREP,24200.97,11833.08,68237.85,1.15,0.35,1.5,295652.35
gmna,MAKE,2020,Actual,P00055138,186.5,Patterns,D3I450520,FTD_FENDER_DIE_PREP_8-10_FSD,FENDER OTR,9.4,10.89,6,6,DIE-PREP,17392.99,103739.88,156263.02,1.1,0.79,1.89,373419.22
gmna,MAKE,2020,Actual,P00055139,177.25,Patterns,D3I450520,FTD_FENDER_DIE_PREP_8-10_FSD,FENDER OTR,9.4,10.89,6,6,DIE-PREP,16530.335,67664.56,131378.22,1.09,0.67,1.76,346332.51
gmna,MAKE,2020,Actual,P00055137,165.7,Patterns,D3I450520,FTD_FENDER_DIE_PREP_8-10_FSD,FENDER OTR,9.4,10.89,6,6,DIE-PREP,15453.182,67931.92,148458.6,1.36,0.75,2.11,416862.2
gmna,MAKE,2020,Actual,P00055145,279.7,Initial Machining,D3N300220,FTD_FENDER_DAS_8-10_FSD,FENDER OTR,9.4,10.89,1,1,DAS,26084.822,11833.08,68237.85,1.15,0.35,1.5,295652.35
gmna,MAKE,2020,Actual,P00055138,306.8,Foundry,D3I450520,FTD_FENDER_DIE_PREP_8-10_FSD,FENDER OTR,9.4,10.89,3,3,DIE-PREP,28612.168,103739.88,156263.02,1.1,0.79,1.89,373419.22
gmna,MAKE,2020,Actual,P00054748,557.2,Total,D3I450520,FTD_FENDER_DIE_PREP_8-10_FSD,FENDER OTR,9.02,10.89,10,10,DIE-PREP,51966.392,72711.37,124860.6,0.93,0.63,1.56,308104.69
gmna,MAKE,2020,Actual,P00055145,110,Subassembly,D3N300220,FTD_FENDER_DAS_8-10_FSD,FENDER OTR,9.4,10.89,1,1,DAS,10258.6,11833.08,68237.85,1.15,0.35,1.5,295652.35
gmna,MAKE,2020,Actual,P00054735,293.3,Total,D2Y450320,FTD_FENDER_DSGN_8-10_FSD,FENDER OTR,9.02,10.89,6,6,DSGN,20343.288,11808.03,70064.76,1.17,0.36,1.52,299942.89
gmna,MAKE,2020,Actual,P00054750,264,Total,D2Y450320,FTD_FENDER_DSGN_8-10_FSD,FENDER OTR,9.02,10.89,6,6,DSGN,18311.04,72711.37,124860.6,0.93,0.63,1.56,308104.69
gmna,MAKE,2020,Actual,P00054747,254.5,Initial Machining,D3N300220,FTD_FENDER_DAS_8-10_FSD,FENDER OTR,9.02,10.89,1,1,DAS,23734.67,72711.37,124860.6,0.93,0.63,1.56,308104.69
gmna,MAKE,2020,Actual,P00054737,215,Initial Machining,D3N300220,FTD_FENDER_DAS_8-10_FSD,FENDER OTR,9.02,10.89,1,1,DAS,20050.9,101582.93,167424.4,1.34,0.85,2.19,431491.1
gmna,MAKE,2020,Actual,P00054748,270,Foundry,D3I450520,FTD_FENDER_DIE_PREP_8-10_FSD,FENDER OTR,9.02,10.89,3,3,DIE-PREP,25180.2,72711.37,124860.6,0.93,0.63,1.56,308104.69
gmna,MAKE,2020,Actual,P00054738,142,Foundry,D3I450520,FTD_FENDER_DIE_PREP_8-10_FSD,FENDER OTR,9.02,10.89,3,3,DIE-PREP,13242.92,101582.93,167424.4,1.34,0.85,2.19,431491.1
gmna,MAKE,2020,Actual,P00054733,117.5,Foundry,D3I450520,FTD_FENDER_DIE_PREP_8-10_FSD,FENDER OTR,9.02,10.89,3,3,DIE-PREP,10958.05,11808.03,70064.76,1.17,0.36,1.52,299942.89
gmna,MAKE,2020,Actual,P00054737,409.4,Final Machining,D3N300220,FTD_FENDER_DAS_8-10_FSD,FENDER OTR,9.02,10.89,1,1,DAS,38180.644,101582.93,167424.4,1.34,0.85,2.19,431491.1
gmna,MAKE,2020,Actual,P00054732,289,Initial Machining,D3N300220,FTD_FENDER_DAS_8-10_FSD,FENDER OTR,9.02,10.89,1,1,DAS,26952.14,11808.03,70064.76,1.17,0.36,1.52,299942.89
gmna,MAKE,2020,Actual,P00054735,293.3,Design,D2Y450320,FTD_FENDER_DSGN_8-10_FSD,FENDER OTR,9.02,10.89,6,6,DSGN,20343.288,11808.03,70064.76,1.17,0.36,1.52,299942.89
gmna,MAKE,2020,Actual,P00054745,269.6,Design,D2Y450320,FTD_FENDER_DSGN_8-10_FSD,FENDER OTR,9.02,10.89,6,6,DSGN,18699.456,71988.25,146961.16,1.33,0.75,2.07,409161.1
gmna,MAKE,2020,Actual,P00054750,264,Design,D2Y450320,FTD_FENDER_DSGN_8-10_FSD,FENDER OTR,9.02,10.89,6,6,DSGN,18311.04,72711.37,124860.6,0.93,0.63,1.56,308104.69
gmna,MAKE,2020,Actual,P00054740,260.9,Design,D2Y450320,FTD_FENDER_DSGN_8-10_FSD,FENDER OTR,9.02,10.89,6,6,DSGN,18096.024,101582.93,167424.4,1.34,0.85,2.19,431491.1
gmna,MAKE,2020,Actual,P00054755,253,Design,D2Y450320,FTD_FENDER_DSGN_8-10_FSD,FENDER OTR,9.02,10.89,6,6,DSGN,17548.08,55370.06,115276.94,1.09,0.58,1.68,330530.04
gmna,MAKE,2020,Actual,P00054737,930,Assembly,D3N300220,FTD_FENDER_DAS_8-10_FSD,FENDER OTR,9.02,10.89,1,1,DAS,86731.8,101582.93,167424.4,1.34,0.85,2.19,431491.1
gmna,MAKE,2020,Actual,P00054747,294.5,Final Machining,D3N300220,FTD_FENDER_DAS_8-10_FSD,FENDER OTR,9.02,10.89,1,1,DAS,27465.07,72711.37,124860.6,0.93,0.63,1.56,308104.69
gmna,MAKE,2020,Actual,P00054753,169.3,Patterns,D3I450520,FTD_FENDER_DIE_PREP_8-10_FSD,FENDER OTR,9.02,10.89,6,6,DIE-PREP,15788.918,55370.06,115276.94,1.09,0.58,1.68,330530.04
gmna,MAKE,2020,Actual,P00054748,220.3,Patterns,D3I450520,FTD_FENDER_DIE_PREP_8-10_FSD,FENDER OTR,9.02,10.89,6,6,DIE-PREP,20545.178,72711.37,124860.6,0.93,0.63,1.56,308104.69
gmna,MAKE,2020,Actual,P00054740,260.9,Total,D2Y450320,FTD_FENDER_DSGN_8-10_FSD,FENDER OTR,9.02,10.89,6,6,DSGN,18096.024,101582.93,167424.4,1.34,0.85,2.19,431491.1
gmna,Make,2020,Actual,P00057839,1068.4,Assembly,D3N300240,FTD_FENDER_DAS_10-12_FSD,FENDER OTR,12.21,13.22,1,1,DAS,99895.4,86594.59,186813.44,1.85,0.95,2.8,551712.56
gmna,MAKE,2020,Actual,P00054755,253,Total,D2Y450320,FTD_FENDER_DSGN_8-10_FSD,FENDER OTR,9.02,10.89,6,6,DSGN,17548.08,55370.06,115276.94,1.09,0.58,1.68,330530.04
gmna,MAKE,2020,Actual,P00054753,219.3,Total,D3I450520,FTD_FENDER_DIE_PREP_8-10_FSD,FENDER OTR,9.02,10.89,7,7,DIE-PREP,20451.918,55370.06,115276.94,1.09,0.58,1.68,330530.04
gmna,MAKE,2020,Actual,P00054743,188,Total,D3I450520,FTD_FENDER_DIE_PREP_8-10_FSD,FENDER OTR,9.02,10.89,7,7,DIE-PREP,17532.88,71988.25,146961.16,1.33,0.75,2.07,409161.1
gmna,MAKE,2020,Actual,P00054747,253,Subassembly,D3N300220,FTD_FENDER_DAS_8-10_FSD,FENDER OTR,9.02,10.89,1,1,DAS,23594.78,72711.37,124860.6,0.93,0.63,1.56,308104.69
gmna,MAKE,2020,Actual,P00054732,231.1,Subassembly,D3N300220,FTD_FENDER_DAS_8-10_FSD,FENDER OTR,9.02,10.89,1,1,DAS,21552.386,11808.03,70064.76,1.17,0.36,1.52,299942.89
gmna,MAKE,2020,Actual,P00054748,66.9,Process Planning,D3I450520,FTD_FENDER_DIE_PREP_8-10_FSD,FENDER OTR,9.02,10.89,1,1,DIE-PREP,6241.014,72711.37,124860.6,0.93,0.63,1.56,308104.69
gmna,MAKE,2020,Actual,P00054753,50,Process Planning,D3I450520,FTD_FENDER_DIE_PREP_8-10_FSD,FENDER OTR,9.02,10.89,1,1,DIE-PREP,4663,55370.06,115276.94,1.09,0.58,1.68,330530.04
gmna,MAKE,2020,Actual,P00054743,44,Process Planning,D3I450520,FTD_FENDER_DIE_PREP_8-10_FSD,FENDER OTR,9.02,10.89,1,1,DIE-PREP,4103.44,71988.25,146961.16,1.33,0.75,2.07,409161.1
gmna,MAKE,2020,Actual,P00054738,268.95,Patterns,D3I450520,FTD_FENDER_DIE_PREP_8-10_FSD,FENDER OTR,9.02,10.89,6,6,DIE-PREP,25082.277,101582.93,167424.4,1.34,0.85,2.19,431491.1
gmna,MAKE,2020,Actual,P00054733,268.75,Patterns,D3I450520,FTD_FENDER_DIE_PREP_8-10_FSD,FENDER OTR,9.02,10.89,6,6,DIE-PREP,25063.625,11808.03,70064.76,1.17,0.36,1.52,299942.89
gmna,MAKE,2020,Actual,P00054745,269.6,Total,D2Y450320,FTD_FENDER_DSGN_8-10_FSD,FENDER OTR,9.02,10.89,6,6,DSGN,18699.456,71988.25,146961.16,1.33,0.75,2.07,409161.1
gmna,MAKE,2020,Actual,P00055169,493.5,Total,D3I450520,FTD_FENDER_DIE_PREP_8-10_FSD,FENDER OTR,9.39,10.28,10,10,DIE-PREP,46026.21,105935.5,160746.85,1.09,0.82,1.91,375821.74
gmna,MAKE,2020,Actual,P00062023,7739.4,V6,D3D200581,NEW_FTD_FENDER_DD_14-17_FSD,FENDER OTR,11.91,17.26,3,3,DD,723385.992,,,,,,
gmna,MAKE,2020,Actual,P00055130,253.9,Total,D2Y450320,FTD_FENDER_DSGN_8-10_FSD,FENDER OTR,9.4,10.89,6,6,DSGN,17610.504,11833.08,68237.85,1.15,0.35,1.5,295652.35
gmna,MAKE,2020,Actual,P00055174,274.4,Design,D2Y450320,FTD_FENDER_DSGN_8-10_FSD,FENDER OTR,9.39,10.28,6,6,DSGN,19032.384,105935.5,160746.85,1.09,0.82,1.91,375821.74
gmna,MAKE,2020,Actual,P00055175,265.2,Design,D2Y450320,FTD_FENDER_DSGN_8-10_FSD,FENDER OTR,9.39,10.28,6,6,DSGN,18394.272,67663.08,131458.38,1.09,0.67,1.75,345603.37
gmna,MAKE,2020,Actual,P00055171,262,Design,D2Y450320,FTD_FENDER_DSGN_8-10_FSD,FENDER OTR,9.39,10.28,6,6,DSGN,18172.32,11798.63,68474.4,1.15,0.35,1.5,295884.58
gmna,MAKE,2020,Actual,P00055173,259.5,Design,D2Y450320,FTD_FENDER_DSGN_8-10_FSD,FENDER OTR,9.39,10.28,6,6,DSGN,17998.92,67506.77,148117.55,1.36,0.75,2.11,416157.43
gmna,MAKE,2020,Actual,P00055172,251.9,Design,D2Y450320,FTD_FENDER_DSGN_8-10_FSD,FENDER OTR,9.39,10.28,6,6,DSGN,17471.784,52676.45,135577.7,1.44,0.69,2.12,419047.02
gmna,MAKE,2020,Actual,P00055162,826.9,Assembly,D3N300220,FTD_FENDER_DAS_8-10_FSD,FENDER OTR,9.39,10.28,1,1,DAS,77209.19,52676.45,135577.7,1.44,0.69,2.12,419047.02
gmna,MAKE,2020,Actual,P00055164,598.7,Assembly,D3N300220,FTD_FENDER_DAS_8-10_FSD,FENDER OTR,9.39,10.28,1,1,DAS,55946.626,105935.5,160746.85,1.09,0.82,1.91,375821.74
gmna,MAKE,2020,Actual,P00062051,4,Iteration,D3D200521,NEW_FTD_FENDER_DD_8-10_FSD,FENDER OTR,9.4,10.89,2,2,REPLACED,373.04,,,,,,
gmna,MAKE,2020,Actual,P00062051,117,Iteration,D3D200521,NEW_FTD_FENDER_DD_8-10_FSD,FENDER OTR,9.4,10.89,3,3,REPLACED,10911.42,,,,,,
gmna,MAKE,2020,Actual,P00055148,1061.7,Total,D3N300220,FTD_FENDER_DAS_8-10_FSD,FENDER OTR,9.4,10.89,4,4,DAS,99084.822,103739.88,156263.02,1.1,0.79,1.89,373419.22
gmna,MAKE,2020,Actual,P00055145,969.4,Total,D3N300220,FTD_FENDER_DAS_8-10_FSD,FENDER OTR,9.4,10.89,4,4,DAS,90406.244,11833.08,68237.85,1.15,0.35,1.5,295652.35
gmna,MAKE,2020,Actual,P00055136,789.6,Total,D3I450520,FTD_FENDER_DIE_PREP_8-10_FSD,FENDER OTR,9.4,10.89,10,10,DIE-PREP,73638.096,52612.25,135624.25,1.45,0.69,2.14,421224.46
gmna,MAKE,2020,Actual,P00058369,610.3,Total,D3I450520,FTD_FENDER_DIE_PREP_8-10_FSD,FENDER OTR,9.4,10.89,10,10,DIE-PREP,56916.578,11833.08,68237.85,1.15,0.35,1.5,295652.35
gmna,MAKE,2020,Actual,P00055138,575.3,Total,D3I450520,FTD_FENDER_DIE_PREP_8-10_FSD,FENDER OTR,9.4,10.89,10,10,DIE-PREP,53654.878,103739.88,156263.02,1.1,0.79,1.89,373419.22
gmna,MAKE,2020,Actual,P00055132,276,Total,D2Y450320,FTD_FENDER_DSGN_8-10_FSD,FENDER OTR,9.4,10.89,6,6,DSGN,19143.36,67931.92,148458.6,1.36,0.75,2.11,416862.2
gmna,MAKE,2020,Actual,P00055133,274,Total,D2Y450320,FTD_FENDER_DSGN_8-10_FSD,FENDER OTR,9.4,10.89,6,6,DSGN,19004.64,103739.88,156263.02,1.1,0.79,1.89,373419.22
gmna,MAKE,2020,Actual,P00055139,272.25,Total,D3I450520,FTD_FENDER_DIE_PREP_8-10_FSD,FENDER OTR,9.4,10.89,7,7,DIE-PREP,25390.035,67664.56,131378.22,1.09,0.67,1.76,346332.51
gmna,MAKE,2020,Actual,P00055148,177.9,Subassembly,D3N300220,FTD_FENDER_DAS_8-10_FSD,FENDER OTR,9.4,10.89,1,1,DAS,16590.954,103739.88,156263.02,1.1,0.79,1.89,373419.22
gmna,MAKE,2020,Actual,P00055151,148.5,Total,D3M350220,FTD_FENDER_V1_8-10_FSD,FENDER OTR,9.4,10.89,1,1,REPLACED,13849.11,11833.08,68237.85,1.15,0.35,1.5,295652.35
gmna,MAKE,2020,Actual,P00055137,213.7,Total,D3I450520,FTD_FENDER_DIE_PREP_8-10_FSD,FENDER OTR,9.4,10.89,7,7,DIE-PREP,19929.662,67931.92,148458.6,1.36,0.75,2.11,416862.2
gmna,MAKE,2020,Actual,P00055164,266,Final Machining,D3N300220,FTD_FENDER_DAS_8-10_FSD,FENDER OTR,9.39,10.28,1,1,DAS,24807.16,105935.5,160746.85,1.09,0.82,1.91,375821.74
gmna,MAKE,2020,Actual,P00055161,316.9,Final Machining,D3N300220,FTD_FENDER_DAS_8-10_FSD,FENDER OTR,9.39,10.28,1,1,DAS,29554.094,11798.63,68474.4,1.15,0.35,1.5,295884.58
gmna,MAKE,2020,Actual,P00055162,457.6,Final Machining,D3N300220,FTD_FENDER_DAS_8-10_FSD,FENDER OTR,9.39,10.28,1,1,DAS,42675.776,52676.45,135577.7,1.44,0.69,2.12,419047.02
gmna,MAKE,2020,Actual,P00055166,85,Foundry,D3I450530,FTD_FENDER_DIE_PREP_DRAW_8-10_FSD,FENDER OTR,9.39,10.28,2,2,DIE-PREP,7927.1,11798.63,68474.4,1.15,0.35,1.5,295884.58
gmna,MAKE,2020,Actual,P00055174,274.4,Total,D2Y450320,FTD_FENDER_DSGN_8-10_FSD,FENDER OTR,9.39,10.28,6,6,DSGN,19032.384,105935.5,160746.85,1.09,0.82,1.91,375821.74
gmna,MAKE,2020,Actual,P00055175,265.2,Total,D2Y450320,FTD_FENDER_DSGN_8-10_FSD,FENDER OTR,9.39,10.28,6,6,DSGN,18394.272,67663.08,131458.38,1.09,0.67,1.75,345603.37
gmna,MAKE,2020,Actual,P00055171,262,Total,D2Y450320,FTD_FENDER_DSGN_8-10_FSD,FENDER OTR,9.39,10.28,6,6,DSGN,18172.32,11798.63,68474.4,1.15,0.35,1.5,295884.58
gmna,MAKE,2020,Actual,P00055173,259.5,Total,D2Y450320,FTD_FENDER_DSGN_8-10_FSD,FENDER OTR,9.39,10.28,6,6,DSGN,17998.92,67506.77,148117.55,1.36,0.75,2.11,416157.43
gmna,MAKE,2020,Actual,P00055172,251.9,Total,D2Y450320,FTD_FENDER_DSGN_8-10_FSD,FENDER OTR,9.39,10.28,6,6,DSGN,17471.784,52676.45,135577.7,1.44,0.69,2.12,419047.02
gmna,MAKE,2020,Actual,P00055168,220.6,Total,D3I450520,FTD_FENDER_DIE_PREP_8-10_FSD,FENDER OTR,9.39,10.28,7,7,DIE-PREP,20573.156,67506.77,148117.55,1.36,0.75,2.11,416157.43
gmna,MAKE,2020,Actual,P00055162,200.1,Subassembly,D3N300220,FTD_FENDER_DAS_8-10_FSD,FENDER OTR,9.39,10.28,1,1,DAS,18661.326,52676.45,135577.7,1.44,0.69,2.12,419047.02
gmna,MAKE,2020,Actual,P00055161,123.9,Subassembly,D3N300220,FTD_FENDER_DAS_8-10_FSD,FENDER OTR,9.39,10.28,1,1,DAS,11554.914,11798.63,68474.4,1.15,0.35,1.5,295884.58
gmna,MAKE,2020,Actual,P00055164,110.2,Subassembly,D3N300220,FTD_FENDER_DAS_8-10_FSD,FENDER OTR,9.39,10.28,1,1,DAS,10277.252,105935.5,160746.85,1.09,0.82,1.91,375821.74
gmna,MAKE,2020,Actual,P00055169,111.6,Process Planning,D3I450520,FTD_FENDER_DIE_PREP_8-10_FSD,FENDER OTR,9.39,10.28,1,1,DIE-PREP,10410.216,105935.5,160746.85,1.09,0.82,1.91,375821.74
gmna,MAKE,2020,Actual,P00055131,268.5,Total,D2Y450320,FTD_FENDER_DSGN_8-10_FSD,FENDER OTR,9.4,10.89,6,6,DSGN,18623.16,52612.25,135624.25,1.45,0.69,2.14,421224.46
gmna,MAKE,2020,Actual,P00055170,107,Process Planning,D3I450520,FTD_FENDER_DIE_PREP_8-10_FSD,FENDER OTR,9.39,10.28,1,1,DIE-PREP,9978.82,67663.08,131458.38,1.09,0.67,1.75,345603.37
gmna,MAKE,2020,Actual,P00055168,54.1,Process Planning,D3I450520,FTD_FENDER_DIE_PREP_8-10_FSD,FENDER OTR,9.39,10.28,1,1,DIE-PREP,5045.366,67506.77,148117.55,1.36,0.75,2.11,416157.43
gmna,MAKE,2020,Actual,P00055166,276.75,Patterns,D3I450530,FTD_FENDER_DIE_PREP_DRAW_8-10_FSD,FENDER OTR,9.39,10.28,2,2,DIE-PREP,25809.705,11798.63,68474.4,1.15,0.35,1.5,295884.58
gmna,MAKE,2020,Actual,P00055167,253.2,Patterns,D3I450520,FTD_FENDER_DIE_PREP_8-10_FSD,FENDER OTR,9.39,10.28,6,6,DIE-PREP,23613.432,52676.45,135577.7,1.44,0.69,2.12,419047.02
gmna,MAKE,2020,Actual,P00055170,183.75,Patterns,D3I450520,FTD_FENDER_DIE_PREP_8-10_FSD,FENDER OTR,9.39,10.28,6,6,DIE-PREP,17136.525,67663.08,131458.38,1.09,0.67,1.75,345603.37
gmna,MAKE,2020,Actual,P00055168,166.5,Patterns,D3I450520,FTD_FENDER_DIE_PREP_8-10_FSD,FENDER OTR,9.39,10.28,6,6,DIE-PREP,15527.79,67506.77,148117.55,1.36,0.75,2.11,416157.43
gmna,MAKE,2020,Actual,P00055169,152.8,Patterns,D3I450520,FTD_FENDER_DIE_PREP_8-10_FSD,FENDER OTR,9.39,10.28,6,6,DIE-PREP,14250.128,105935.5,160746.85,1.09,0.82,1.91,375821.74
gmna,MAKE,2020,Actual,P00055161,319.3,Initial Machining,D3N300220,FTD_FENDER_DAS_8-10_FSD,FENDER OTR,9.39,10.28,1,1,DAS,29777.918,11798.63,68474.4,1.15,0.35,1.5,295884.58
gmna,MAKE,2020,Actual,P00055162,219.7,Initial Machining,D3N300220,FTD_FENDER_DAS_8-10_FSD,FENDER OTR,9.39,10.28,1,1,DAS,20489.222,52676.45,135577.7,1.44,0.69,2.12,419047.02
gmna,MAKE,2020,Actual,P00055169,229.1,Foundry,D3I450520,FTD_FENDER_DIE_PREP_8-10_FSD,FENDER OTR,9.39,10.28,3,3,DIE-PREP,21365.866,105935.5,160746.85,1.09,0.82,1.91,375821.74
gmna,MAKE,2020,Actual,P00055167,204.7,Foundry,D3I450520,FTD_FENDER_DIE_PREP_8-10_FSD,FENDER OTR,9.39,10.28,3,3,DIE-PREP,19090.322,52676.45,135577.7,1.44,0.69,2.12,419047.02
gmna,MAKE,2020,Actual,P00055167,62.5,Process Planning,D3I450520,FTD_FENDER_DIE_PREP_8-10_FSD,FENDER OTR,9.39,10.28,1,1,DIE-PREP,5828.75,52676.45,135577.7,1.44,0.69,2.12,419047.02
gmna,MAKE,2020,Actual,P00055134,265.6,Total,D2Y450320,FTD_FENDER_DSGN_8-10_FSD,FENDER OTR,9.4,10.89,6,6,DSGN,18422.016,67664.56,131378.22,1.09,0.67,1.76,346332.51
gmna,Make,2021,Actual,P00057316,406.8,Subassembly,D3N300120,FTD_OTHER_DAS_5-7_FSD,DASH,3.84,6.04,1,1,DAS,38035.8,9050.08,89372.72,0.99,0.45,1.44,284420.34
gmna,Make,2021,Actual,P00057455,198.5,Final Machining,D3N300120,FTD_OTHER_DAS_5-7_FSD,DASH,3.84,6.04,1,1,DAS,18559.75,22610.82,55915.52,0.61,0.28,0.89,176425.04
gmna,Make,2021,Actual,P00062373,62.3,Foundry,D3I450420,FTD_OTHER_DIE_PREP_5-7_FSD,DASH,3.84,6.04,3,3,DIE-PREP,5810.098,9050.08,89372.72,0.99,0.45,1.44,284420.34
gmna,Make,2021,Actual,P00057319,104,Foundry,D3I450420,FTD_OTHER_DIE_PREP_5-7_FSD,DASH,3.84,6.04,3,3,REPLACED,9699.04,9050.08,89372.72,0.99,0.45,1.44,284420.34
gmna,Make,2021,Actual,P00056788,120,Foundry,D3I450420,FTD_OTHER_DIE_PREP_5-7_FSD,DASH,3.84,6.04,3,3,DIE-PREP,11191.2,9910.36,46633.86,0.65,0.24,0.88,174317.52
gmna,Make,2021,Actual,P00056800,83.9,Total,D3J350320,FTD_OTHER_V2_5-7_FSD,DASH,3.84,6.04,1,1,V2,7844.65,9910.36,46633.86,0.65,0.24,0.88,174317.52
gmna,Make,2021,Actual,P00057454,99,Initial Machining,D3N300120,FTD_OTHER_DAS_5-7_FSD,DASH,3.84,6.04,1,1,DAS,9232.74,9910.36,46633.86,0.65,0.24,0.88,174317.52
gmna,Make,2021,Actual,P00057455,270.5,Initial Machining,D3N300120,FTD_OTHER_DAS_5-7_FSD,DASH,3.84,6.04,1,1,DAS,25237.99,22610.82,55915.52,0.61,0.28,0.89,176425.04
gmna,Make,2021,Actual,P00057454,156.5,Final Machining,D3N300120,FTD_OTHER_DAS_5-7_FSD,DASH,3.84,6.04,1,1,DAS,14632.75,9910.36,46633.86,0.65,0.24,0.88,174317.52
gmna,Make,2021,Actual,P00057316,369.6,Initial Machining,D3N300120,FTD_OTHER_DAS_5-7_FSD,DASH,3.84,6.04,1,1,DAS,34513.68,9050.08,89372.72,0.99,0.45,1.44,284420.34
gmna,Make,2021,Actual,P00057319,224,Patterns,D3I450420,FTD_OTHER_DIE_PREP_5-7_FSD,DASH,3.84,6.04,6,6,REPLACED,20890.24,9050.08,89372.72,0.99,0.45,1.44,284420.34
gmna,Make,2021,Actual,P00057319,41.9,Process Planning,D3I450420,FTD_OTHER_DIE_PREP_5-7_FSD,DASH,3.84,6.04,1,1,REPLACED,3907.594,9050.08,89372.72,0.99,0.45,1.44,284420.34
gmna,Make,2021,Actual,P00057455,44,Subassembly,D3N300120,FTD_OTHER_DAS_5-7_FSD,DASH,3.84,6.04,1,1,DAS,4114,22610.82,55915.52,0.61,0.28,0.89,176425.04
gmna,Make,2021,Actual,P00056789,138.6,Patterns,D3I450420,FTD_OTHER_DIE_PREP_5-7_FSD,DASH,3.84,6.04,6,6,DIE-PREP,12925.836,22610.82,55915.52,0.61,0.28,0.89,176425.04
gmna,Make,2021,Actual,P00056800,83.9,V2,D3J350320,FTD_OTHER_V2_5-7_FSD,DASH,3.84,6.04,1,1,V2,7844.65,9910.36,46633.86,0.65,0.24,0.88,174317.52
gmna,Make,2021,Actual,P00057456,84,Final Machining,D3N300120,FTD_OTHER_DAS_5-7_FSD,DASH,3.84,6.04,1,1,DAS,7854,12016.94,42147.97,0.42,0.21,0.63,124241.72
gmna,Make,2021,Actual,P00057315,695.4,V1,D3M350120,FTD_OTHER_V1_5-7_FSD,DASH,3.84,6.04,1,1,V1,65019.9,9050.08,89372.72,0.99,0.45,1.44,284420.34
gmna,Make,2021,Actual,P00057315,695.4,Total,D3M350120,FTD_OTHER_V1_5-7_FSD,DASH,3.84,6.04,1,1,V1,65019.9,9050.08,89372.72,0.99,0.45,1.44,284420.34
gmna,Make,2021,Actual,P00057454,616.5,Total,D3N300120,FTD_OTHER_DAS_5-7_FSD,DASH,3.84,6.04,4,4,DAS,57618.99,9910.36,46633.86,0.65,0.24,0.88,174317.52
gmna,Make,2021,Actual,P00056788,494.5,Total,D3I450420,FTD_OTHER_DIE_PREP_5-7_FSD,DASH,3.84,6.04,10,10,DIE-PREP,46117.07,9910.36,46633.86,0.65,0.24,0.88,174317.52
gmna,Make,2021,Actual,P00056789,477.5,Total,D3I450420,FTD_OTHER_DIE_PREP_5-7_FSD,DASH,3.84,6.04,10,10,DIE-PREP,44533.57,22610.82,55915.52,0.61,0.28,0.89,176425.04
gmna,Make,2021,Actual,P00057456,438,Total,D3N300120,FTD_OTHER_DAS_5-7_FSD,DASH,3.84,6.04,4,4,DAS,40953,12016.94,42147.97,0.42,0.21,0.63,124241.72
gmna,Make,2021,Actual,P00056790,417.6,Total,D3I450420,FTD_OTHER_DIE_PREP_5-7_FSD,DASH,3.84,6.04,10,10,DIE-PREP,38951.136,12016.94,42147.97,0.42,0.21,0.63,124241.72
gmna,Make,2021,Actual,P00057321,319.5,Design,D2Y450220,FTD_OTHER_DSGN_5-7_FSD,DASH,3.84,6.04,6,6,DSGN,22160.52,9050.08,89372.72,0.99,0.45,1.44,284420.34
gmna,Make,2021,Actual,P00057319,369.9,Total,D3I450420,FTD_OTHER_DIE_PREP_5-7_FSD,DASH,3.84,6.04,10,10,REPLACED,34496.874,9050.08,89372.72,0.99,0.45,1.44,284420.34
gmna,Make,2021,Actual,P00056786,294.9,Total,D2Y450220,FTD_OTHER_DSGN_5-7_FSD,DASH,3.84,6.04,6,6,DSGN,20454.264,12016.94,42147.97,0.42,0.21,0.63,124241.72
gmna,Make,2021,Actual,P00056785,288.1,Total,D2Y450220,FTD_OTHER_DSGN_5-7_FSD,DASH,3.84,6.04,6,6,DSGN,19982.616,22610.82,55915.52,0.61,0.28,0.89,176425.04
gmna,Make,2021,Actual,P00056784,277.6,Total,D2Y450220,FTD_OTHER_DSGN_5-7_FSD,DASH,3.84,6.04,6,6,DSGN,19254.336,9910.36,46633.86,0.65,0.24,0.88,174317.52
gmna,Make,2021,Actual,P00056802,90.5,Total,D3J350320,FTD_OTHER_V2_5-7_FSD,DASH,3.84,6.04,1,1,V2,8461.75,12016.94,42147.97,0.42,0.21,0.63,124241.72
gmna,Make,2021,Actual,P00057456,265.5,Assembly,D3N300120,FTD_OTHER_DAS_5-7_FSD,DASH,3.84,6.04,1,1,DAS,24824.25,12016.94,42147.97,0.42,0.21,0.63,124241.72
gmna,Make,2021,Actual,P00057454,325.5,Assembly,D3N300120,FTD_OTHER_DAS_5-7_FSD,DASH,3.84,6.04,1,1,DAS,30434.25,9910.36,46633.86,0.65,0.24,0.88,174317.52
gmna,Make,2021,Actual,P00057321,319.5,Total,D2Y450220,FTD_OTHER_DSGN_5-7_FSD,DASH,3.84,6.04,6,6,DSGN,22160.52,9050.08,89372.72,0.99,0.45,1.44,284420.34
gmna,Make,2021,Actual,P00057456,71.5,Initial Machining,D3N300120,FTD_OTHER_DAS_5-7_FSD,DASH,3.84,6.04,1,1,DAS,6685.25,12016.94,42147.97,0.42,0.21,0.63,124241.72
gmna,Make,2021,Actual,P00060570,817,Assembly,D3N300180,FTD_OTHER_DAS_11-14_FSD,ROOF,10.18,14.08,1,1,DAS,76389.5,27326.05,123778.44,1.43,0.63,2.06,405567.53
gmna,Make,2021,Actual,P00056802,90.5,V2,D3J350320,FTD_OTHER_V2_5-7_FSD,DASH,3.84,6.04,1,1,V2,8461.75,12016.94,42147.97,0.42,0.21,0.63,124241.72
gmna,Make,2021,Actual,P00058604,511.8,V1,D3M350120,FTD_OTHER_V1_5-7_FSD,WHEEL HOUSE RR,4.4,8.56,1,1,V1,47853.3,10483.7,52755.96,0.92,0.27,1.19,235019.67
gmna,Make,2021,Actual,P00058606,309.8,V2,D3J350320,FTD_OTHER_V2_5-7_FSD,WHEEL HOUSE RR,4.4,8.56,1,1,V2,28966.3,23512.69,52550.91,0.73,0.27,1,196715.32
gmna,Make,2021,Actual,P00058605,310.6,V2,D3J350320,FTD_OTHER_V2_5-7_FSD,WHEEL HOUSE RR,4.4,8.56,1,1,V2,29041.1,27881.91,58978.14,0.89,0.3,1.19,235294.42
gmna,Make,2021,Actual,P00060176,381.4,V2,D3J350320,FTD_OTHER_V2_5-7_FSD,WHEEL HOUSE RR,4.4,8.56,1,1,V2,35660.9,10328.88,45389.73,0.79,0.23,1.02,200200.83
gmna,Make,2021,Actual,P00064230,223.8,Iteration,D3D200421,NEW_FTD_OTHER_DD_5-7_FSD,WHEEL HOUSE RR,4.4,8.56,2,2,DD,20925.3,,,,,,
gmna,Make,2021,Actual,P00064230,2972.5,Iteration,D3D200421,NEW_FTD_OTHER_DD_5-7_FSD,WHEEL HOUSE RR,4.4,8.56,3,3,DD,277615.58,,,,,,
gmna,Make,2021,Actual,P00064230,593.1,Iteration,D3D200421,NEW_FTD_OTHER_DD_5-7_FSD,WHEEL HOUSE RR,4.4,8.56,2,2,DD,55026.705,,,,,,
gmna,Make,2021,Actual,P00064230,1441.1,Iteration,D3D200421,NEW_FTD_OTHER_DD_5-7_FSD,WHEEL HOUSE RR,4.4,8.56,5,5,DD,131586.841,,,,,,
gmna,Make,2021,Actual,P00064230,3660.3,V6,D3D200421,NEW_FTD_OTHER_DD_5-7_FSD,WHEEL HOUSE RR,4.4,8.56,3,3,DD,334221.993,,,,,,
gmna,Make,2021,Actual,P00063143,195.2,Assembly,D3N300120,FTD_OTHER_DAS_5-7_FSD,WHEEL HOUSE RR,4.76,8.56,1,1,DAS,18251.2,10410.21,47187.72,0.87,0.24,1.11,219094
gmna,Make,2021,Actual,P00058554,256.9,Design,D2Y450220,FTD_OTHER_DSGN_5-7_FSD,WHEEL HOUSE RR,4.76,8.56,6,6,DSGN,17818.584,10394.15,53213.81,0.95,0.27,1.22,240971.55
gmna,Make,2021,Actual,P00058555,277.2,Design,D2Y450220,FTD_OTHER_DSGN_5-7_FSD,WHEEL HOUSE RR,4.76,8.56,6,6,DSGN,19226.592,10410.21,47187.72,0.87,0.24,1.11,219094
gmna,Make,2021,Actual,P00058569,247.9,Initial Machining,D3N300120,FTD_OTHER_DAS_5-7_FSD,WHEEL HOUSE RR,4.76,8.56,1,1,DAS,23178.65,23966.06,53901.53,0.86,0.27,1.13,223633
gmna,Make,2021,Actual,P00058568,117.6,Initial Machining,D3N300120,FTD_OTHER_DAS_5-7_FSD,WHEEL HOUSE RR,4.76,8.56,1,1,DAS,10995.6,31470.86,97276.31,0.81,0.49,1.3,256989.75
gmna,Make,2021,Actual,P00058559,200,Foundry,D3I450420,FTD_OTHER_DIE_PREP_5-7_FSD,WHEEL HOUSE RR,4.76,8.56,3,3,DIE-PREP,18700,10410.21,47187.72,0.87,0.24,1.11,219094
gmna,Make,2021,Actual,P00058560,125,Foundry,D3I450420,FTD_OTHER_DIE_PREP_5-7_FSD,WHEEL HOUSE RR,4.76,8.56,3,3,DIE-PREP,11687.5,31470.86,97276.31,0.81,0.49,1.3,256989.75
gmna,Make,2021,Actual,P00058600,651.9,Total,D3N300120,FTD_OTHER_DAS_5-7_FSD,WHEEL HOUSE RR,4.4,8.56,4,4,DAS,60952.65,23512.69,52550.91,0.73,0.27,1,196715.32
gmna,Make,2021,Actual,P00058558,113,Foundry,D3I450420,FTD_OTHER_DIE_PREP_5-7_FSD,WHEEL HOUSE RR,4.76,8.56,3,3,DIE-PREP,10565.5,10394.15,53213.81,0.95,0.27,1.22,240971.55
gmna,Make,2021,Actual,P00058566,262.7,Final Machining,D3N300120,FTD_OTHER_DAS_5-7_FSD,WHEEL HOUSE RR,4.76,8.56,1,1,DAS,24562.45,10394.15,53213.81,0.95,0.27,1.22,240971.55
gmna,Make,2021,Actual,P00058569,183.6,Final Machining,D3N300120,FTD_OTHER_DAS_5-7_FSD,WHEEL HOUSE RR,4.76,8.56,1,1,DAS,17166.6,23966.06,53901.53,0.86,0.27,1.13,223633
gmna,Make,2021,Actual,P00063143,137.3,Final Machining,D3N300120,FTD_OTHER_DAS_5-7_FSD,WHEEL HOUSE RR,4.76,8.56,1,1,DAS,12837.55,10410.21,47187.72,0.87,0.24,1.11,219094
gmna,Make,2021,Actual,P00058568,131.5,Final Machining,D3N300120,FTD_OTHER_DAS_5-7_FSD,WHEEL HOUSE RR,4.76,8.56,1,1,DAS,12295.25,31470.86,97276.31,0.81,0.49,1.3,256989.75
gmna,Make,2021,Actual,P00058556,303.1,Design,D2Y450220,FTD_OTHER_DSGN_5-7_FSD,WHEEL HOUSE RR,4.76,8.56,6,6,DSGN,21023.016,31470.86,97276.31,0.81,0.49,1.3,256989.75
gmna,Make,2021,Actual,P00058557,290.7,Design,D2Y450220,FTD_OTHER_DSGN_5-7_FSD,WHEEL HOUSE RR,4.76,8.56,6,6,DSGN,20162.952,23966.06,53901.53,0.86,0.27,1.13,223633
gmna,Make,2021,Actual,P00058561,96.3,Foundry,D3I450420,FTD_OTHER_DIE_PREP_5-7_FSD,WHEEL HOUSE RR,4.76,8.56,3,3,DIE-PREP,9004.05,23966.06,53901.53,0.86,0.27,1.13,223633
gmna,Make,2021,Actual,P00058559,139.8,Patterns,D3I450420,FTD_OTHER_DIE_PREP_5-7_FSD,WHEEL HOUSE RR,4.76,8.56,6,6,DIE-PREP,13071.3,10410.21,47187.72,0.87,0.24,1.11,219094
gmna,Make,2021,Actual,P00058604,511.8,Total,D3M350120,FTD_OTHER_V1_5-7_FSD,WHEEL HOUSE RR,4.4,8.56,1,1,V1,47853.3,10483.7,52755.96,0.92,0.27,1.19,235019.67
gmna,Make,2021,Actual,P00058608,435.4,Total,D3I450420,FTD_OTHER_DIE_PREP_5-7_FSD,WHEEL HOUSE RR,4.4,8.56,10,10,DIE-PREP,40709.9,10483.7,52755.96,0.92,0.27,1.19,235019.67
gmna,Make,2021,Actual,P00058598,213.4,Final Machining,D3N300120,FTD_OTHER_DAS_5-7_FSD,WHEEL HOUSE RR,4.4,8.56,1,1,DAS,19952.9,10483.7,52755.96,0.92,0.27,1.19,235019.67
gmna,Make,2021,Actual,P00058599,228.5,Final Machining,D3N300120,FTD_OTHER_DAS_5-7_FSD,WHEEL HOUSE RR,4.4,8.56,1,1,DAS,21364.75,27881.91,58978.14,0.89,0.3,1.19,235294.42
gmna,Make,2021,Actual,P00060173,97.6,Foundry,D3I450420,FTD_OTHER_DIE_PREP_5-7_FSD,WHEEL HOUSE RR,4.4,8.56,3,3,DIE-PREP,9125.6,10328.88,45389.73,0.79,0.23,1.02,200200.83
gmna,Make,2021,Actual,P00058610,113,Foundry,D3I450420,FTD_OTHER_DIE_PREP_5-7_FSD,WHEEL HOUSE RR,4.4,8.56,3,3,DIE-PREP,10565.5,23512.69,52550.91,0.73,0.27,1,196715.32
gmna,Make,2021,Actual,P00058609,176.6,Foundry,D3I450420,FTD_OTHER_DIE_PREP_5-7_FSD,WHEEL HOUSE RR,4.4,8.56,3,3,DIE-PREP,16512.1,27881.91,58978.14,0.89,0.3,1.19,235294.42
gmna,Make,2021,Actual,P00058608,220.3,Foundry,D3I450420,FTD_OTHER_DIE_PREP_5-7_FSD,WHEEL HOUSE RR,4.4,8.56,3,3,DIE-PREP,20598.05,10483.7,52755.96,0.92,0.27,1.19,235019.67
gmna,Make,2021,Actual,P00058598,367.3,Initial Machining,D3N300120,FTD_OTHER_DAS_5-7_FSD,WHEEL HOUSE RR,4.4,8.56,1,1,DAS,34342.55,10483.7,52755.96,0.92,0.27,1.19,235019.67
gmna,Make,2021,Actual,P00058609,153,Patterns,D3I450420,FTD_OTHER_DIE_PREP_5-7_FSD,WHEEL HOUSE RR,4.4,8.56,6,6,DIE-PREP,14305.5,27881.91,58978.14,0.89,0.3,1.19,235294.42
gmna,Make,2021,Actual,P00058610,173,Patterns,D3I450420,FTD_OTHER_DIE_PREP_5-7_FSD,WHEEL HOUSE RR,4.4,8.56,6,6,DIE-PREP,16175.5,23512.69,52550.91,0.73,0.27,1,196715.32
gmna,Make,2021,Actual,P00060173,178.9,Patterns,D3I450420,FTD_OTHER_DIE_PREP_5-7_FSD,WHEEL HOUSE RR,4.4,8.56,6,6,DIE-PREP,16727.15,10328.88,45389.73,0.79,0.23,1.02,200200.83
gmna,Make,2021,Actual,P00058608,182.1,Patterns,D3I450420,FTD_OTHER_DIE_PREP_5-7_FSD,WHEEL HOUSE RR,4.4,8.56,6,6,DIE-PREP,17026.35,10483.7,52755.96,0.92,0.27,1.19,235019.67
gmna,Make,2021,Actual,P00060173,30,Process Planning,D3I450420,FTD_OTHER_DIE_PREP_5-7_FSD,WHEEL HOUSE RR,4.4,8.56,1,1,DIE-PREP,2805,10328.88,45389.73,0.79,0.23,1.02,200200.83
gmna,Make,2021,Actual,P00058608,33,Process Planning,D3I450420,FTD_OTHER_DIE_PREP_5-7_FSD,WHEEL HOUSE RR,4.4,8.56,1,1,DIE-PREP,3085.5,10483.7,52755.96,0.92,0.27,1.19,235019.67
gmna,Make,2021,Actual,P00058610,34,Process Planning,D3I450420,FTD_OTHER_DIE_PREP_5-7_FSD,WHEEL HOUSE RR,4.4,8.56,1,1,DIE-PREP,3179,23512.69,52550.91,0.73,0.27,1,196715.32
gmna,Make,2021,Actual,P00058609,39,Process Planning,D3I450420,FTD_OTHER_DIE_PREP_5-7_FSD,WHEEL HOUSE RR,4.4,8.56,1,1,DIE-PREP,3646.5,27881.91,58978.14,0.89,0.3,1.19,235294.42
gmna,Make,2021,Actual,P00060176,381.4,Total,D3J350320,FTD_OTHER_V2_5-7_FSD,WHEEL HOUSE RR,4.4,8.56,1,1,V2,35660.9,10328.88,45389.73,0.79,0.23,1.02,200200.83
gmna,Make,2021,Actual,P00058599,371,Total,D3N300120,FTD_OTHER_DAS_5-7_FSD,WHEEL HOUSE RR,4.4,8.56,4,4,DAS,34688.5,27881.91,58978.14,0.89,0.3,1.19,235294.42
gmna,Make,2021,Actual,P00058609,368.6,Total,D3I450420,FTD_OTHER_DIE_PREP_5-7_FSD,WHEEL HOUSE RR,4.4,8.56,10,10,DIE-PREP,34464.1,27881.91,58978.14,0.89,0.3,1.19,235294.42
gmna,Make,2021,Actual,P00058613,325,Total,D2Y450220,FTD_OTHER_DSGN_5-7_FSD,WHEEL HOUSE RR,4.4,8.56,6,6,DSGN,22542,23512.69,52550.91,0.73,0.27,1,196715.32
gmna,Make,2021,Actual,P00058610,320,Total,D3I450420,FTD_OTHER_DIE_PREP_5-7_FSD,WHEEL HOUSE RR,4.4,8.56,10,10,DIE-PREP,29920,23512.69,52550.91,0.73,0.27,1,196715.32
gmna,Make,2021,Actual,P00058605,310.6,Total,D3J350320,FTD_OTHER_V2_5-7_FSD,WHEEL HOUSE RR,4.4,8.56,1,1,V2,29041.1,27881.91,58978.14,0.89,0.3,1.19,235294.42
gmna,Make,2021,Actual,P00060172,483.8,Total,D3N300120,FTD_OTHER_DAS_5-7_FSD,WHEEL HOUSE RR,4.4,8.56,4,4,DAS,45235.3,10328.88,45389.73,0.79,0.23,1.02,200200.83
gmna,Make,2021,Actual,P00058606,309.8,Total,D3J350320,FTD_OTHER_V2_5-7_FSD,WHEEL HOUSE RR,4.4,8.56,1,1,V2,28966.3,23512.69,52550.91,0.73,0.27,1,196715.32
gmna,Make,2021,Actual,P00060175,290.2,Total,D2Y450220,FTD_OTHER_DSGN_5-7_FSD,WHEEL HOUSE RR,4.4,8.56,6,6,DSGN,20128.272,10328.88,45389.73,0.79,0.23,1.02,200200.83
gmna,Make,2021,Actual,P00058611,280.3,Total,D2Y450220,FTD_OTHER_DSGN_5-7_FSD,WHEEL HOUSE RR,4.4,8.56,6,6,DSGN,19441.608,10483.7,52755.96,0.92,0.27,1.19,235019.67
gmna,Make,2021,Actual,P00058612,270,Total,D2Y450220,FTD_OTHER_DSGN_5-7_FSD,WHEEL HOUSE RR,4.4,8.56,6,6,DSGN,18727.2,27881.91,58978.14,0.89,0.3,1.19,235294.42
gmna,Make,2021,Actual,P00058598,213,Subassembly,D3N300120,FTD_OTHER_DAS_5-7_FSD,WHEEL HOUSE RR,4.4,8.56,1,1,DAS,19915.5,10483.7,52755.96,0.92,0.27,1.19,235019.67
gmna,Make,2021,Actual,P00060172,155.5,Subassembly,D3N300120,FTD_OTHER_DAS_5-7_FSD,WHEEL HOUSE RR,4.4,8.56,1,1,DAS,14539.25,10328.88,45389.73,0.79,0.23,1.02,200200.83
gmna,Make,2021,Actual,P00058600,68,Subassembly,D3N300120,FTD_OTHER_DAS_5-7_FSD,WHEEL HOUSE RR,4.4,8.56,1,1,DAS,6358,23512.69,52550.91,0.73,0.27,1,196715.32
gmna,Make,2021,Actual,P00060173,306.5,Total,D3I450420,FTD_OTHER_DIE_PREP_5-7_FSD,WHEEL HOUSE RR,4.4,8.56,10,10,DIE-PREP,28657.75,10328.88,45389.73,0.79,0.23,1.02,200200.83
gmna,Make,2021,Actual,P00058561,182.9,Patterns,D3I450420,FTD_OTHER_DIE_PREP_5-7_FSD,WHEEL HOUSE RR,4.76,8.56,6,6,DIE-PREP,17101.15,23966.06,53901.53,0.86,0.27,1.13,223633
gmna,Make,2021,Actual,P00058560,202.4,Patterns,D3I450420,FTD_OTHER_DIE_PREP_5-7_FSD,WHEEL HOUSE RR,4.76,8.56,6,6,DIE-PREP,18924.4,31470.86,97276.31,0.81,0.49,1.3,256989.75
gmna,Make,2021,Actual,P00058558,207.9,Patterns,D3I450420,FTD_OTHER_DIE_PREP_5-7_FSD,WHEEL HOUSE RR,4.76,8.56,6,6,DIE-PREP,19438.65,10394.15,53213.81,0.95,0.27,1.22,240971.55
gmna,MAKE,2021,Actual,P00064217,677.3,Iteration,D3D200541,NEW_FTD_FENDER_DD_10-12_FSD,FENDER OTR,8.11,10.64,2,2,DD,61844.263,,,,,,
gmna,MAKE,2021,Actual,P00064217,4285.3,Iteration,D3D200541,NEW_FTD_FENDER_DD_10-12_FSD,FENDER OTR,8.11,10.64,5,5,DD,391290.743,,,,,,
gmna,MAKE,2021,Actual,P00064217,1205.7,Iteration,D3D200541,NEW_FTD_FENDER_DD_10-12_FSD,FENDER OTR,8.11,10.64,2,2,DD,110092.467,,,,,,
gmna,MAKE,2021,Actual,P00064217,4264.7,Iteration,D3D200541,NEW_FTD_FENDER_DD_10-12_FSD,FENDER OTR,8.11,10.64,3,3,DD,389409.757,,,,,,
gmna,MAKE,2021,Actual,P00064217,707.3,Iteration,D3D200541,NEW_FTD_FENDER_DD_10-12_FSD,FENDER OTR,8.11,10.64,2,2,DD,65345.464,,,,,,
gmna,MAKE,2021,Actual,P00064851,1070.8,V2,D3J350420,FTD_FENDER_V2_8-10_FSD,FENDER OTR,8.11,10.64,1,1,V2,98074.778,23785.65,99960.18,1.19,0.51,1.7,335559.4
gmna,MAKE,2021,Actual,P00064853,630.9,V2,D3J350420,FTD_FENDER_V2_8-10_FSD,FENDER OTR,8.11,10.64,1,1,V2,57697.269,55826.43,113928.01,1.12,0.58,1.7,335352.46
gmna,MAKE,2021,Actual,P00064850,513.5,V2,D3J350420,FTD_FENDER_V2_8-10_FSD,FENDER OTR,8.11,10.64,1,1,V2,46887.685,51581.14,113142.84,1.15,0.57,1.73,340508.96
gmna,MAKE,2021,Actual,P00064852,493,V2,D3J350420,FTD_FENDER_V2_8-10_FSD,FENDER OTR,8.11,10.64,1,1,V2,45015.83,49840.17,107727.96,0.99,0.55,1.53,302447.2
gmna,MAKE,2021,Actual,P00064849,1153.8,V1,D3M350220,FTD_FENDER_V1_8-10_FSD,FENDER OTR,8.11,10.64,1,1,V1,106082.529,11431.66,69811.56,1.1,0.35,1.45,286789.65
gmna,MAKE,2021,Actual,P00064851,1070.8,Total,D3J350420,FTD_FENDER_V2_8-10_FSD,FENDER OTR,8.11,10.64,1,1,V2,98074.778,23785.65,99960.18,1.19,0.51,1.7,335559.4
gmna,MAKE,2021,Actual,P00064446,1004,Total,D3N300260,FTD_FENDER_DAS_12-14_FSD,FENDER OTR,8.11,10.64,4,4,DAS,93874,11431.66,69811.56,1.1,0.35,1.45,286789.65
gmna,MAKE,2021,Actual,P00064436,907.7,Total,D3N300260,FTD_FENDER_DAS_12-14_FSD,FENDER OTR,8.11,10.64,4,4,DAS,84878.71,49840.17,107727.96,0.99,0.55,1.53,302447.2
gmna,MAKE,2021,Actual,P00061105,763.65,Total,D3I450580,FTD_FENDER_DIE_PREP_14-17_FSD,FENDER OTR,8.11,10.64,10,10,DIE-PREP,71401.275,51581.14,113142.84,1.15,0.57,1.73,340508.96
gmna,MAKE,2021,Actual,P00064853,630.9,Total,D3J350420,FTD_FENDER_V2_8-10_FSD,FENDER OTR,8.11,10.64,1,1,V2,57697.269,55826.43,113928.01,1.12,0.58,1.7,335352.46
gmna,MAKE,2021,Actual,P00061130,93,Total,D3N300280,FTD_FENDER_DAS_14-17_FSD,FENDER OTR,8.11,10.64,4,4,REPLACED,8695.5,49840.17,107727.96,0.99,0.55,1.53,302447.2
gmna,MAKE,2021,Actual,P00061108,141.3,Total,D3I450580,FTD_FENDER_DIE_PREP_14-17_FSD,FENDER OTR,8.11,10.64,7,7,DIE-PREP,13184.838,55826.43,113928.01,1.12,0.58,1.7,335352.46
gmna,MAKE,2021,Actual,P00061106,294.95,Total,D3I450580,FTD_FENDER_DIE_PREP_14-17_FSD,FENDER OTR,8.11,10.64,7,7,DIE-PREP,27526.813,23785.65,99960.18,1.19,0.51,1.7,335559.4
gmna,MAKE,2021,Actual,P00061092,387.8,Total,D2Y450380,FTD_FENDER_DSGN_14-17_FSD,FENDER OTR,8.11,10.64,6,6,DSGN,26897.808,11431.66,69811.56,1.1,0.35,1.45,286789.65
gmna,MAKE,2021,Actual,P00061096,392,Total,D2Y450380,FTD_FENDER_DSGN_14-17_FSD,FENDER OTR,8.11,10.64,6,6,DSGN,27189.12,55826.43,113928.01,1.12,0.58,1.7,335352.46
gmna,MAKE,2021,Actual,P00064217,3396,V6,D3D200541,NEW_FTD_FENDER_DD_10-12_FSD,FENDER OTR,8.11,10.64,3,3,DD,310088.76,,,,,,
gmna,MAKE,2021,Actual,P00061094,402.9,Total,D2Y450380,FTD_FENDER_DSGN_14-17_FSD,FENDER OTR,8.11,10.64,6,6,DSGN,27945.144,23785.65,99960.18,1.19,0.51,1.7,335559.4
gmna,MAKE,2021,Actual,P00061095,426,Total,D2Y450380,FTD_FENDER_DSGN_14-17_FSD,FENDER OTR,8.11,10.64,6,6,DSGN,29547.36,49840.17,107727.96,0.99,0.55,1.53,302447.2
gmna,MAKE,2021,Actual,P00061107,452.9,Total,D3I450580,FTD_FENDER_DIE_PREP_14-17_FSD,FENDER OTR,8.11,10.64,10,10,DIE-PREP,42346.15,49840.17,107727.96,0.99,0.55,1.53,302447.2
gmna,MAKE,2021,Actual,P00061104,476.45,Total,D3I450580,FTD_FENDER_DIE_PREP_14-17_FSD,FENDER OTR,8.11,10.64,10,10,DIE-PREP,44456.479,11431.66,69811.56,1.1,0.35,1.45,286789.65
gmna,MAKE,2021,Actual,P00061127,485.4,Total,D3N300280,FTD_FENDER_DAS_14-17_FSD,FENDER OTR,8.11,10.64,4,4,REPLACED,45384.9,11431.66,69811.56,1.1,0.35,1.45,286789.65
gmna,MAKE,2021,Actual,P00064852,493,Total,D3J350420,FTD_FENDER_V2_8-10_FSD,FENDER OTR,8.11,10.64,1,1,V2,45015.83,49840.17,107727.96,0.99,0.55,1.53,302447.2
gmna,MAKE,2021,Actual,P00064850,513.5,Total,D3J350420,FTD_FENDER_V2_8-10_FSD,FENDER OTR,8.11,10.64,1,1,V2,46887.685,51581.14,113142.84,1.15,0.57,1.73,340508.96
gmna,MAKE,2021,Actual,P00061093,408.5,Total,D2Y450380,FTD_FENDER_DSGN_14-17_FSD,FENDER OTR,8.11,10.64,6,6,DSGN,28333.56,51581.14,113142.84,1.15,0.57,1.73,340508.96
gmna,Make,2021,Actual,P00062398,3314,V6,D3D200421,NEW_FTD_OTHER_DD_5-7_FSD,WHEEL HOUSE RR,4.76,8.56,3,3,DD,302601.34,,,,,,
gmna,Make,2021,Actual,P00062398,2550,Iteration,D3D200421,NEW_FTD_OTHER_DD_5-7_FSD,WHEEL HOUSE RR,4.76,8.56,5,5,DD,233693.724,,,,,,
gmna,Make,2021,Actual,P00062398,792.2,Iteration,D3D200421,NEW_FTD_OTHER_DD_5-7_FSD,WHEEL HOUSE RR,4.76,8.56,2,2,DD,74056.465,,,,,,
gmna,Make,2021,Actual,P00058557,290.7,Total,D2Y450220,FTD_OTHER_DSGN_5-7_FSD,WHEEL HOUSE RR,4.76,8.56,6,6,DSGN,20162.952,23966.06,53901.53,0.86,0.27,1.13,223633
gmna,Make,2021,Actual,P00058574,281,Total,D3J350320,FTD_OTHER_V2_5-7_FSD,WHEEL HOUSE RR,4.76,8.56,1,1,V2,26273.5,31470.86,97276.31,0.81,0.49,1.3,256989.75
gmna,Make,2021,Actual,P00058555,277.2,Total,D2Y450220,FTD_OTHER_DSGN_5-7_FSD,WHEEL HOUSE RR,4.76,8.56,6,6,DSGN,19226.592,10410.21,47187.72,0.87,0.24,1.11,219094
gmna,Make,2021,Actual,P00058554,256.9,Total,D2Y450220,FTD_OTHER_DSGN_5-7_FSD,WHEEL HOUSE RR,4.76,8.56,6,6,DSGN,17818.584,10394.15,53213.81,0.95,0.27,1.22,240971.55
gmna,Make,2021,Actual,P00058567,64,Total,D3N300120,FTD_OTHER_DAS_5-7_FSD,WHEEL HOUSE RR,4.76,8.56,4,4,REPLACED,5982.08,10410.21,47187.72,0.87,0.24,1.11,219094
gmna,Make,2021,Actual,P00058556,303.1,Total,D2Y450220,FTD_OTHER_DSGN_5-7_FSD,WHEEL HOUSE RR,4.76,8.56,6,6,DSGN,21023.016,31470.86,97276.31,0.81,0.49,1.3,256989.75
gmna,Make,2021,Actual,P00058568,291.7,Subassembly,D3N300120,FTD_OTHER_DAS_5-7_FSD,WHEEL HOUSE RR,4.76,8.56,1,1,DAS,27273.95,31470.86,97276.31,0.81,0.49,1.3,256989.75
gmna,Make,2021,Actual,P00058561,48.9,Process Planning,D3I450420,FTD_OTHER_DIE_PREP_5-7_FSD,WHEEL HOUSE RR,4.76,8.56,1,1,DIE-PREP,4572.15,23966.06,53901.53,0.86,0.27,1.13,223633
gmna,Make,2021,Actual,P00058560,39.5,Process Planning,D3I450420,FTD_OTHER_DIE_PREP_5-7_FSD,WHEEL HOUSE RR,4.76,8.56,1,1,DIE-PREP,3693.25,31470.86,97276.31,0.81,0.49,1.3,256989.75
gmna,Make,2021,Actual,P00058558,34,Process Planning,D3I450420,FTD_OTHER_DIE_PREP_5-7_FSD,WHEEL HOUSE RR,4.76,8.56,1,1,DIE-PREP,3179,10394.15,53213.81,0.95,0.27,1.22,240971.55
gmna,Make,2021,Actual,P00063143,110,Subassembly,D3N300120,FTD_OTHER_DAS_5-7_FSD,WHEEL HOUSE RR,4.76,8.56,1,1,DAS,10285,10410.21,47187.72,0.87,0.24,1.11,219094
gmna,Make,2021,Actual,P00058600,126.5,Final Machining,D3N300120,FTD_OTHER_DAS_5-7_FSD,WHEEL HOUSE RR,4.4,8.56,1,1,DAS,11827.75,23512.69,52550.91,0.73,0.27,1,196715.32
gmna,Make,2021,Actual,P00058561,328.1,Total,D3I450420,FTD_OTHER_DIE_PREP_5-7_FSD,WHEEL HOUSE RR,4.76,8.56,10,10,DIE-PREP,30677.35,23966.06,53901.53,0.86,0.27,1.13,223633
gmna,Make,2021,Actual,P00058558,354.9,Total,D3I450420,FTD_OTHER_DIE_PREP_5-7_FSD,WHEEL HOUSE RR,4.76,8.56,10,10,DIE-PREP,33183.15,10394.15,53213.81,0.95,0.27,1.22,240971.55
gmna,Make,2021,Actual,P00062398,3399.6,Iteration,D3D200421,NEW_FTD_OTHER_DD_5-7_FSD,WHEEL HOUSE RR,4.76,8.56,3,3,DD,317862.6,,,,,,
gmna,Make,2021,Actual,P00062398,251.3,Iteration,D3D200421,NEW_FTD_OTHER_DD_5-7_FSD,WHEEL HOUSE RR,4.76,8.56,2,2,DD,23496.55,,,,,,
gmna,Make,2021,Actual,P00058575,343.1,V2,D3J350320,FTD_OTHER_V2_5-7_FSD,WHEEL HOUSE RR,4.76,8.56,1,1,V2,32079.85,23966.06,53901.53,0.86,0.27,1.13,223633
gmna,Make,2021,Actual,P00058574,281,V2,D3J350320,FTD_OTHER_V2_5-7_FSD,WHEEL HOUSE RR,4.76,8.56,1,1,V2,26273.5,31470.86,97276.31,0.81,0.49,1.3,256989.75
gmna,Make,2021,Actual,P00058572,863.4,V1,D3M350120,FTD_OTHER_V1_5-7_FSD,WHEEL HOUSE RR,4.76,8.56,1,1,V1,80727.9,10394.15,53213.81,0.95,0.27,1.22,240971.55
gmna,Make,2021,Actual,P00058575,343.1,Total,D3J350320,FTD_OTHER_V2_5-7_FSD,WHEEL HOUSE RR,4.76,8.56,1,1,V2,32079.85,23966.06,53901.53,0.86,0.27,1.13,223633
gmna,Make,2021,Actual,P00060568,540.1,Assembly,D3N300180,FTD_OTHER_DAS_11-14_FSD,ROOF,10.18,14.08,1,1,DAS,50499.35,19212.1,121779.36,2.7,0.62,3.31,653563.39
gmna,Make,2021,Actual,P00058572,863.4,Total,D3M350120,FTD_OTHER_V1_5-7_FSD,WHEEL HOUSE RR,4.76,8.56,1,1,V1,80727.9,10394.15,53213.81,0.95,0.27,1.22,240971.55
gmna,Make,2021,Actual,P00058568,677.4,Total,D3N300120,FTD_OTHER_DAS_5-7_FSD,WHEEL HOUSE RR,4.76,8.56,4,4,DAS,63336.9,31470.86,97276.31,0.81,0.49,1.3,256989.75
gmna,Make,2021,Actual,P00058569,577.8,Total,D3N300120,FTD_OTHER_DAS_5-7_FSD,WHEEL HOUSE RR,4.76,8.56,4,4,DAS,54024.3,23966.06,53901.53,0.86,0.27,1.13,223633
gmna,Make,2021,Actual,P00058559,432.6,Total,D3I450420,FTD_OTHER_DIE_PREP_5-7_FSD,WHEEL HOUSE RR,4.76,8.56,10,10,DIE-PREP,40448.1,10410.21,47187.72,0.87,0.24,1.11,219094
gmna,Make,2021,Actual,P00058560,366.9,Total,D3I450420,FTD_OTHER_DIE_PREP_5-7_FSD,WHEEL HOUSE RR,4.76,8.56,10,10,DIE-PREP,34305.15,31470.86,97276.31,0.81,0.49,1.3,256989.75
gmna,Make,2021,Actual,P00060172,95.3,Final Machining,D3N300120,FTD_OTHER_DAS_5-7_FSD,WHEEL HOUSE RR,4.4,8.56,1,1,DAS,8910.55,10328.88,45389.73,0.79,0.23,1.02,200200.83
gmna,Make,2021,Actual,P00060175,290.2,Design,D2Y450220,FTD_OTHER_DSGN_5-7_FSD,WHEEL HOUSE RR,4.4,8.56,6,6,DSGN,20128.272,10328.88,45389.73,0.79,0.23,1.02,200200.83
gmna,Make,2021,Actual,P00060534,473.9,Total,D3I450480,FTD_OTHER_DIE_PREP_11-14_FSD,ROOF,10.42,13.67,7,7,DIE-PREP,44212.234,66559.84,169247.67,2.38,0.86,3.24,638189.93
gmna,Make,2021,Actual,P00060533,318.3,Total,D3I450480,FTD_OTHER_DIE_PREP_11-14_FSD,ROOF,10.42,13.67,8,8,DIE-PREP,29687.538,17228.91,103749.02,2.26,0.53,2.79,550263.09
gmna,Make,2021,Actual,P00060543,123,Subassembly,D3N300180,FTD_OTHER_DAS_11-14_FSD,ROOF,10.42,13.67,1,1,DAS,11500.5,28154.34,118881.8,1.42,0.6,2.03,399787.55
gmna,Make,2021,Actual,P00060534,194,Process Planning,D3I450480,FTD_OTHER_DIE_PREP_11-14_FSD,ROOF,10.42,13.67,1,1,DIE-PREP,18108.76,66559.84,169247.67,2.38,0.86,3.24,638189.93
gmna,Make,2021,Actual,P00060535,122.9,Process Planning,D3I450480,FTD_OTHER_DIE_PREP_11-14_FSD,ROOF,10.42,13.67,1,1,DIE-PREP,11491.15,28154.34,118881.8,1.42,0.6,2.03,399787.55
gmna,Make,2021,Actual,P00060533,91.1,Process Planning,D3I450480,FTD_OTHER_DIE_PREP_11-14_FSD,ROOF,10.42,13.67,1,1,DIE-PREP,8498.866,17228.91,103749.02,2.26,0.53,2.79,550263.09
gmna,Make,2021,Actual,P00060535,361,Patterns,D3I450480,FTD_OTHER_DIE_PREP_11-14_FSD,ROOF,10.42,13.67,6,6,DIE-PREP,33753.5,28154.34,118881.8,1.42,0.6,2.03,399787.55
gmna,Make,2021,Actual,P00060534,279.9,Patterns,D3I450480,FTD_OTHER_DIE_PREP_11-14_FSD,ROOF,10.42,13.67,6,6,DIE-PREP,26103.474,66559.84,169247.67,2.38,0.86,3.24,638189.93
gmna,Make,2021,Actual,P00060533,227.2,Patterns,D3I450480,FTD_OTHER_DIE_PREP_11-14_FSD,ROOF,10.42,13.67,6,6,DIE-PREP,21188.672,17228.91,103749.02,2.26,0.53,2.79,550263.09
gmna,Make,2021,Actual,P00060543,193.5,Initial Machining,D3N300180,FTD_OTHER_DAS_11-14_FSD,ROOF,10.42,13.67,1,1,DAS,18092.25,28154.34,118881.8,1.42,0.6,2.03,399787.55
gmna,Make,2021,Actual,P00060543,459.6,Final Machining,D3N300180,FTD_OTHER_DAS_11-14_FSD,ROOF,10.42,13.67,1,1,DAS,42972.6,28154.34,118881.8,1.42,0.6,2.03,399787.55
gmna,Make,2021,Actual,P00060531,510.7,Design,D2Y450280,FTD_OTHER_DSGN_11-14_FSD,ROOF,10.42,13.67,6,6,DSGN,35422.152,28154.34,118881.8,1.42,0.6,2.03,399787.55
gmna,Make,2021,Actual,P00060532,503.4,Design,D2Y450280,FTD_OTHER_DSGN_11-14_FSD,ROOF,10.42,13.67,6,6,DSGN,34915.824,28595.39,112871.29,1.79,0.57,2.36,465850.42
gmna,Make,2021,Actual,P00060530,490.3,Design,D2Y450280,FTD_OTHER_DSGN_11-14_FSD,ROOF,10.42,13.67,6,6,DSGN,34007.208,66559.84,169247.67,2.38,0.86,3.24,638189.93
gmna,Make,2021,Actual,P00060529,487.1,Design,D2Y450280,FTD_OTHER_DSGN_11-14_FSD,ROOF,10.42,13.67,6,6,DSGN,33785.256,17228.91,103749.02,2.26,0.53,2.79,550263.09
gmna,Make,2021,Actual,P00060543,656.7,Assembly,D3N300180,FTD_OTHER_DAS_11-14_FSD,ROOF,10.42,13.67,1,1,DAS,61401.45,28154.34,118881.8,1.42,0.6,2.03,399787.55
gmna,Make,2021,Actual,P00060519,331,Patterns,D3I450480,FTD_OTHER_DIE_PREP_11-14_FSD,ROOF,9.56,13.32,6,6,DIE-PREP,30869.06,14563.94,100712.63,2.17,0.51,2.68,527667.12
gmna,Make,2021,Actual,P00060521,379,Patterns,D3I450480,FTD_OTHER_DIE_PREP_11-14_FSD,ROOF,9.56,13.32,6,6,DIE-PREP,35436.5,28353.84,122154.96,1.35,0.62,1.97,387707.64
gmna,Make,2021,Actual,P00060519,35.5,Process Planning,D3I450480,FTD_OTHER_DIE_PREP_11-14_FSD,ROOF,9.56,13.32,1,1,DIE-PREP,3310.73,14563.94,100712.63,2.17,0.51,2.68,527667.12
gmna,Make,2021,Actual,P00060521,82.8,Process Planning,D3I450480,FTD_OTHER_DIE_PREP_11-14_FSD,ROOF,9.56,13.32,1,1,DIE-PREP,7741.8,28353.84,122154.96,1.35,0.62,1.97,387707.64
gmna,Make,2021,Actual,P00060529,487.1,Total,D2Y450280,FTD_OTHER_DSGN_11-14_FSD,ROOF,10.42,13.67,6,6,DSGN,33785.256,17228.91,103749.02,2.26,0.53,2.79,550263.09
gmna,Make,2021,Actual,P00060517,248.6,Subassembly,D3N300180,FTD_OTHER_DAS_11-14_FSD,ROOF,9.56,13.32,1,1,DAS,23244.1,28353.84,122154.96,1.35,0.62,1.97,387707.64
gmna,Make,2021,Actual,P00060510,468.1,Total,D2Y450280,FTD_OTHER_DSGN_11-14_FSD,ROOF,9.56,13.32,6,6,DSGN,32467.416,35494.88,114068.66,1.28,0.58,1.86,367232.31
gmna,Make,2021,Actual,P00060507,483.4,Total,D2Y450280,FTD_OTHER_DSGN_11-14_FSD,ROOF,9.56,13.32,6,6,DSGN,33528.624,14563.94,100712.63,2.17,0.51,2.68,527667.12
gmna,Make,2021,Actual,P00060509,487.3,Total,D2Y450280,FTD_OTHER_DSGN_11-14_FSD,ROOF,9.56,13.32,6,6,DSGN,33799.128,28353.84,122154.96,1.35,0.62,1.97,387707.64
gmna,Make,2021,Actual,P00060508,502.9,Total,D2Y450280,FTD_OTHER_DSGN_11-14_FSD,ROOF,9.56,13.32,6,6,DSGN,34881.144,61794.24,163652.53,2.22,0.83,3.05,601163.93
gmna,Make,2021,Actual,P00060517,1098.3,Total,D3N300180,FTD_OTHER_DAS_11-14_FSD,ROOF,9.56,13.32,4,4,DAS,102691.05,28353.84,122154.96,1.35,0.62,1.97,387707.64
gmna,Make,2021,Actual,P00060521,1290.7,Total,D3I450480,FTD_OTHER_DIE_PREP_11-14_FSD,ROOF,9.56,13.32,10,10,DIE-PREP,120680.45,28353.84,122154.96,1.35,0.62,1.97,387707.64
gmna,Make,2021,Actual,P00060519,366.5,Total,D3I450480,FTD_OTHER_DIE_PREP_11-14_FSD,ROOF,9.56,13.32,8,8,DIE-PREP,34179.79,14563.94,100712.63,2.17,0.51,2.68,527667.12
gmna,Make,2021,Actual,P00060530,490.3,Total,D2Y450280,FTD_OTHER_DSGN_11-14_FSD,ROOF,10.42,13.67,6,6,DSGN,34007.208,66559.84,169247.67,2.38,0.86,3.24,638189.93
gmna,Make,2021,Actual,P00060532,503.4,Total,D2Y450280,FTD_OTHER_DSGN_11-14_FSD,ROOF,10.42,13.67,6,6,DSGN,34915.824,28595.39,112871.29,1.79,0.57,2.36,465850.42
gmna,Make,2021,Actual,P00060531,510.7,Total,D2Y450280,FTD_OTHER_DSGN_11-14_FSD,ROOF,10.42,13.67,6,6,DSGN,35422.152,28154.34,118881.8,1.42,0.6,2.03,399787.55
gmna,Make,2021,Actual,P00060573,27.8,Process Planning,D3I450480,FTD_OTHER_DIE_PREP_11-14_FSD,ROOF,10.18,14.08,1,1,DIE-PREP,2599.3,56046.82,159490.69,2.29,0.81,3.1,610540.28
gmna,Make,2021,Actual,P00060574,283,Patterns,D3I450480,FTD_OTHER_DIE_PREP_11-14_FSD,ROOF,10.18,14.08,6,6,DIE-PREP,26460.5,27326.05,123778.44,1.43,0.63,2.06,405567.53
gmna,Make,2021,Actual,P00060573,271.4,Patterns,D3I450480,FTD_OTHER_DIE_PREP_11-14_FSD,ROOF,10.18,14.08,6,6,DIE-PREP,25375.9,56046.82,159490.69,2.29,0.81,3.1,610540.28
gmna,Make,2021,Actual,P00060572,267.5,Patterns,D3I450480,FTD_OTHER_DIE_PREP_11-14_FSD,ROOF,10.18,14.08,6,6,DIE-PREP,25011.25,19212.1,121779.36,2.7,0.62,3.31,653563.39
gmna,Make,2021,Actual,P00060575,153.7,Patterns,D3I450480,FTD_OTHER_DIE_PREP_11-14_FSD,ROOF,10.18,14.08,6,6,DIE-PREP,14370.95,22034.01,103317.15,1.19,0.52,1.71,337763.57
gmna,Make,2021,Actual,P00060570,404.4,Initial Machining,D3N300180,FTD_OTHER_DAS_11-14_FSD,ROOF,10.18,14.08,1,1,DAS,37811.4,27326.05,123778.44,1.43,0.63,2.06,405567.53
gmna,Make,2021,Actual,P00060574,37.5,Process Planning,D3I450480,FTD_OTHER_DIE_PREP_11-14_FSD,ROOF,10.18,14.08,1,1,DIE-PREP,3506.25,27326.05,123778.44,1.43,0.63,2.06,405567.53
gmna,Make,2021,Actual,P00060568,371,Initial Machining,D3N300180,FTD_OTHER_DAS_11-14_FSD,ROOF,10.18,14.08,1,1,DAS,34688.5,19212.1,121779.36,2.7,0.62,3.31,653563.39
gmna,Make,2021,Actual,P00060580,523.5,Design,D2Y450280,FTD_OTHER_DSGN_11-14_FSD,ROOF,10.18,14.08,6,6,DSGN,36309.96,19212.1,121779.36,2.7,0.62,3.31,653563.39
gmna,Make,2021,Actual,P00060582,514,Design,D2Y450280,FTD_OTHER_DSGN_11-14_FSD,ROOF,10.18,14.08,6,6,DSGN,35651.04,27326.05,123778.44,1.43,0.63,2.06,405567.53
gmna,Make,2021,Actual,P00060581,508.6,Design,D2Y450280,FTD_OTHER_DSGN_11-14_FSD,ROOF,10.18,14.08,6,6,DSGN,35276.496,56046.82,159490.69,2.29,0.81,3.1,610540.28
gmna,Make,2021,Actual,P00060583,474.9,Design,D2Y450280,FTD_OTHER_DSGN_11-14_FSD,ROOF,10.18,14.08,6,6,DSGN,32939.064,22034.01,103317.15,1.19,0.52,1.71,337763.57
gmna,Make,2021,Actual,P00060572,448.4,Foundry,D3I450480,FTD_OTHER_DIE_PREP_11-14_FSD,ROOF,10.18,14.08,3,3,DIE-PREP,41925.4,19212.1,121779.36,2.7,0.62,3.31,653563.39
gmna,Make,2021,Actual,P00060517,471.3,Final Machining,D3N300180,FTD_OTHER_DAS_11-14_FSD,ROOF,9.56,13.32,1,1,DAS,44066.55,28353.84,122154.96,1.35,0.62,1.97,387707.64
gmna,Make,2021,Actual,P00060572,40,Process Planning,D3I450480,FTD_OTHER_DIE_PREP_11-14_FSD,ROOF,10.18,14.08,1,1,DIE-PREP,3740,19212.1,121779.36,2.7,0.62,3.31,653563.39
gmna,Make,2021,Actual,P00060535,1020.1,Total,D3I450480,FTD_OTHER_DIE_PREP_11-14_FSD,ROOF,10.42,13.67,10,10,DIE-PREP,95379.35,28154.34,118881.8,1.42,0.6,2.03,399787.55
gmna,Make,2021,Actual,P00060543,1432.8,Total,D3N300180,FTD_OTHER_DAS_11-14_FSD,ROOF,10.42,13.67,4,4,DAS,133966.8,28154.34,118881.8,1.42,0.6,2.03,399787.55
gmna,Make,2021,Actual,P00060565,956.1,Total,D3J350380,FTD_OTHER_V2_11-14_FSD,ROOF,10.18,14.08,1,1,V2,89373.669,56046.82,159490.69,2.29,0.81,3.1,610540.28
gmna,Make,2021,Actual,P00060572,755.9,Total,D3I450480,FTD_OTHER_DIE_PREP_11-14_FSD,ROOF,10.18,14.08,10,10,DIE-PREP,70676.65,19212.1,121779.36,2.7,0.62,3.31,653563.39
gmna,Make,2021,Actual,P00060580,523.5,Total,D2Y450280,FTD_OTHER_DSGN_11-14_FSD,ROOF,10.18,14.08,6,6,DSGN,36309.96,19212.1,121779.36,2.7,0.62,3.31,653563.39
gmna,Make,2021,Actual,P00060566,514.6,Total,D3J350380,FTD_OTHER_V2_11-14_FSD,ROOF,10.18,14.08,1,1,V2,48115.1,27326.05,123778.44,1.43,0.63,2.06,405567.53
gmna,Make,2021,Actual,P00060582,514,Total,D2Y450280,FTD_OTHER_DSGN_11-14_FSD,ROOF,10.18,14.08,6,6,DSGN,35651.04,27326.05,123778.44,1.43,0.63,2.06,405567.53
gmna,Make,2021,Actual,P00060583,474.9,Total,D2Y450280,FTD_OTHER_DSGN_11-14_FSD,ROOF,10.18,14.08,6,6,DSGN,32939.064,22034.01,103317.15,1.19,0.52,1.71,337763.57
gmna,Make,2021,Actual,P00060574,320.5,Total,D3I450480,FTD_OTHER_DIE_PREP_11-14_FSD,ROOF,10.18,14.08,10,10,DIE-PREP,29966.75,27326.05,123778.44,1.43,0.63,2.06,405567.53
gmna,Make,2021,Actual,P00060573,299.2,Total,D3I450480,FTD_OTHER_DIE_PREP_11-14_FSD,ROOF,10.18,14.08,7,7,DIE-PREP,27975.2,56046.82,159490.69,2.29,0.81,3.1,610540.28
gmna,Make,2021,Actual,P00060575,294.7,Total,D3I450480,FTD_OTHER_DIE_PREP_11-14_FSD,ROOF,10.18,14.08,7,7,DIE-PREP,27554.45,22034.01,103317.15,1.19,0.52,1.71,337763.57
gmna,Make,2021,Actual,P00060567,234.6,Total,D3J350380,FTD_OTHER_V2_11-14_FSD,ROOF,10.18,14.08,1,1,V2,21889.329,22034.01,103317.15,1.19,0.52,1.71,337763.57
gmna,Make,2021,Actual,P00060570,196.9,Subassembly,D3N300180,FTD_OTHER_DAS_11-14_FSD,ROOF,10.18,14.08,1,1,DAS,18410.15,27326.05,123778.44,1.43,0.63,2.06,405567.53
gmna,Make,2021,Actual,P00060581,508.6,Total,D2Y450280,FTD_OTHER_DSGN_11-14_FSD,ROOF,10.18,14.08,6,6,DSGN,35276.496,56046.82,159490.69,2.29,0.81,3.1,610540.28
gmna,Make,2021,Actual,P00060508,502.9,Design,D2Y450280,FTD_OTHER_DSGN_11-14_FSD,ROOF,9.56,13.32,6,6,DSGN,34881.144,61794.24,163652.53,2.22,0.83,3.05,601163.93
gmna,Make,2021,Actual,P00060507,483.4,Design,D2Y450280,FTD_OTHER_DSGN_11-14_FSD,ROOF,9.56,13.32,6,6,DSGN,33528.624,14563.94,100712.63,2.17,0.51,2.68,527667.12
gmna,Make,2021,Actual,P00060816,326.6,Subassembly,D3N300200,FTD_OTHER_DAS_14_PLUS_FSD,ROOF,11.16,14.39,1,1,DAS,30537.1,27941.14,125226.82,1.54,0.64,2.17,428390.71
gmna,Make,2021,Actual,P00060824,352.8,Total,D3I450500,FTD_OTHER_DIE_PREP_14_PLUS_FSD,ROOF,11.16,14.39,10,10,DIE-PREP,32986.8,27941.14,125226.82,1.54,0.64,2.17,428390.71
gmna,Make,2021,Actual,P00060823,392.1,Total,D3I450500,FTD_OTHER_DIE_PREP_14_PLUS_FSD,ROOF,11.16,14.39,7,7,DIE-PREP,36661.35,87553.16,192727.36,2.37,0.98,3.35,660569.91
gmna,Make,2021,Actual,P00060825,397.1,Total,D3I450500,FTD_OTHER_DIE_PREP_14_PLUS_FSD,ROOF,11.16,14.39,7,7,DIE-PREP,37128.85,34426.37,122440.93,1.7,0.62,2.33,458606.2
gmna,Make,2021,Actual,P00060829,523.7,Total,D2Y450300,FTD_OTHER_DSGN_14_PLUS_FSD,ROOF,11.16,14.39,6,6,DSGN,36323.832,34426.37,122440.93,1.7,0.62,2.33,458606.2
gmna,Make,2021,Actual,P00060835,562.2,Total,D3J350400,FTD_OTHER_V2_14_PLUS_FSD,ROOF,11.16,14.39,1,1,V2,52000.68,27941.14,125226.82,1.54,0.64,2.17,428390.71
gmna,Make,2021,Actual,P00060828,580.7,Total,D2Y450300,FTD_OTHER_DSGN_14_PLUS_FSD,ROOF,11.16,14.39,6,6,DSGN,40277.352,27941.14,125226.82,1.54,0.64,2.17,428390.71
gmna,Make,2021,Actual,P00060826,611.9,Total,D2Y450300,FTD_OTHER_DSGN_14_PLUS_FSD,ROOF,11.16,14.39,6,6,DSGN,42441.384,19167.29,118979.82,2.7,0.6,3.31,652256.14
gmna,Make,2021,Actual,P00060827,616,Total,D2Y450300,FTD_OTHER_DSGN_14_PLUS_FSD,ROOF,11.16,14.39,6,6,DSGN,42725.76,87553.16,192727.36,2.37,0.98,3.35,660569.91
gmna,Make,2021,Actual,P00060822,716.7,Total,D3I450500,FTD_OTHER_DIE_PREP_14_PLUS_FSD,ROOF,11.16,14.39,10,10,DIE-PREP,67011.45,19167.29,118979.82,2.7,0.6,3.31,652256.14
gmna,Make,2021,Actual,P00060836,884.5,Total,D3J350400,FTD_OTHER_V2_14_PLUS_FSD,ROOF,11.16,14.39,1,1,V2,81391.349,34426.37,122440.93,1.7,0.62,2.33,458606.2
gmna,Make,2021,Actual,P00060833,1083.5,Total,D3M350200,FTD_OTHER_V1_14_PLUS_FSD,ROOF,11.16,14.39,1,1,V1,101307.25,19167.29,118979.82,2.7,0.6,3.31,652256.14
gmna,Make,2021,Actual,P00060814,1814.7,Total,D3N300200,FTD_OTHER_DAS_14_PLUS_FSD,ROOF,11.16,14.39,4,4,DAS,169674.45,19167.29,118979.82,2.7,0.6,3.31,652256.14
gmna,Make,2021,Actual,P00060833,1083.5,V1,D3M350200,FTD_OTHER_V1_14_PLUS_FSD,ROOF,11.16,14.39,1,1,V1,101307.25,19167.29,118979.82,2.7,0.6,3.31,652256.14
gmna,Make,2021,Actual,P00060835,562.2,V2,D3J350400,FTD_OTHER_V2_14_PLUS_FSD,ROOF,11.16,14.39,1,1,V2,52000.68,27941.14,125226.82,1.54,0.64,2.17,428390.71
gmna,Make,2021,Actual,P00058611,280.3,Design,D2Y450220,FTD_OTHER_DSGN_5-7_FSD,WHEEL HOUSE RR,4.4,8.56,6,6,DSGN,19441.608,10483.7,52755.96,0.92,0.27,1.19,235019.67
gmna,Make,2021,Actual,P00058612,270,Design,D2Y450220,FTD_OTHER_DSGN_5-7_FSD,WHEEL HOUSE RR,4.4,8.56,6,6,DSGN,18727.2,27881.91,58978.14,0.89,0.3,1.19,235294.42
gmna,Make,2021,Actual,P00058600,457.4,Assembly,D3N300120,FTD_OTHER_DAS_5-7_FSD,WHEEL HOUSE RR,4.4,8.56,1,1,DAS,42766.9,23512.69,52550.91,0.73,0.27,1,196715.32
gmna,Make,2021,Actual,P00058598,288.1,Assembly,D3N300120,FTD_OTHER_DAS_5-7_FSD,WHEEL HOUSE RR,4.4,8.56,1,1,DAS,26937.35,10483.7,52755.96,0.92,0.27,1.19,235019.67
gmna,Make,2021,Actual,P00060172,195.5,Assembly,D3N300120,FTD_OTHER_DAS_5-7_FSD,WHEEL HOUSE RR,4.4,8.56,1,1,DAS,18279.25,10328.88,45389.73,0.79,0.23,1.02,200200.83
gmna,Make,2021,Actual,P00064215,8797.4,V6,D3D200481,NEW_FTD_OTHER_DD_11-14_FSD,ROOF,11.16,14.39,3,3,DD,803290.594,,,,,,
gmna,Make,2021,Actual,P00064215,1387,Iteration,D3D200481,NEW_FTD_OTHER_DD_11-14_FSD,ROOF,11.16,14.39,4,4,DD,126646.97,,,,,,
gmna,Make,2021,Actual,P00064215,282.4,Iteration,D3D200481,NEW_FTD_OTHER_DD_11-14_FSD,ROOF,11.16,14.39,2,2,DD,26001.44,,,,,,
gmna,Make,2021,Actual,P00064215,2730.3,Iteration,D3D200481,NEW_FTD_OTHER_DD_11-14_FSD,ROOF,11.16,14.39,4,4,DD,251517.126,,,,,,
gmna,Make,2021,Actual,P00064215,18,Iteration,D3D200481,NEW_FTD_OTHER_DD_11-14_FSD,ROOF,11.16,14.39,2,2,DD,1643.58,,,,,,
gmna,Make,2021,Actual,P00060836,884.5,V2,D3J350400,FTD_OTHER_V2_14_PLUS_FSD,ROOF,11.16,14.39,1,1,V2,81391.349,34426.37,122440.93,1.7,0.62,2.33,458606.2
gmna,Make,2021,Actual,P00064215,983.8,Iteration,D3D200481,NEW_FTD_OTHER_DD_11-14_FSD,ROOF,11.16,14.39,2,2,DD,89830.778,,,,,,
gmna,Make,2021,Actual,P00060825,77,Process Planning,D3I450500,FTD_OTHER_DIE_PREP_14_PLUS_FSD,ROOF,11.16,14.39,1,1,DIE-PREP,7199.5,34426.37,122440.93,1.7,0.62,2.33,458606.2
gmna,Make,2021,Actual,P00060822,37,Process Planning,D3I450500,FTD_OTHER_DIE_PREP_14_PLUS_FSD,ROOF,11.16,14.39,1,1,DIE-PREP,3459.5,19167.29,118979.82,2.7,0.6,3.31,652256.14
gmna,Make,2021,Actual,P00060823,22,Process Planning,D3I450500,FTD_OTHER_DIE_PREP_14_PLUS_FSD,ROOF,11.16,14.39,1,1,DIE-PREP,2057,87553.16,192727.36,2.37,0.98,3.35,660569.91
gmna,Make,2021,Actual,P00064301,455.1,Iteration,D3D200481,NEW_FTD_OTHER_DD_11-14_FSD,ROOF,10.18,14.08,2,2,DD,41555.181,,,,,,
gmna,Make,2021,Actual,P00064301,925.5,Iteration,D3D200481,NEW_FTD_OTHER_DD_11-14_FSD,ROOF,10.18,14.08,4,4,DD,84507.405,,,,,,
gmna,Make,2021,Actual,P00064301,207.5,Iteration,D3D200481,NEW_FTD_OTHER_DD_11-14_FSD,ROOF,10.18,14.08,2,2,DD,19102.315,,,,,,
gmna,Make,2021,Actual,P00064301,3433.4,Iteration,D3D200481,NEW_FTD_OTHER_DD_11-14_FSD,ROOF,10.18,14.08,4,4,DD,313752.1,,,,,,
gmna,Make,2021,Actual,P00064301,324,Iteration,D3D200481,NEW_FTD_OTHER_DD_11-14_FSD,ROOF,10.18,14.08,2,2,DD,29584.44,,,,,,
gmna,Make,2021,Actual,P00060565,956.1,V2,D3J350380,FTD_OTHER_V2_11-14_FSD,ROOF,10.18,14.08,1,1,V2,89373.669,56046.82,159490.69,2.29,0.81,3.1,610540.28
gmna,Make,2021,Actual,P00064301,6366.3,V6,D3D200481,NEW_FTD_OTHER_DD_11-14_FSD,ROOF,10.18,14.08,3,3,DD,581306.853,,,,,,
gmna,Make,2021,Actual,P00060566,514.6,V2,D3J350380,FTD_OTHER_V2_11-14_FSD,ROOF,10.18,14.08,1,1,V2,48115.1,27326.05,123778.44,1.43,0.63,2.06,405567.53
gmna,Make,2021,Actual,P00060564,1255,V1,D3M350180,FTD_OTHER_V1_11-14_FSD,ROOF,10.18,14.08,1,1,V1,117342.5,19212.1,121779.36,2.7,0.62,3.31,653563.39
gmna,Make,2021,Actual,P00060568,1887.6,Total,D3N300180,FTD_OTHER_DAS_11-14_FSD,ROOF,10.18,14.08,4,4,DAS,176490.6,19212.1,121779.36,2.7,0.62,3.31,653563.39
gmna,Make,2021,Actual,P00060564,1255,Total,D3M350180,FTD_OTHER_V1_11-14_FSD,ROOF,10.18,14.08,1,1,V1,117342.5,19212.1,121779.36,2.7,0.62,3.31,653563.39
gmna,Make,2021,Actual,P00060517,319,Assembly,D3N300180,FTD_OTHER_DAS_11-14_FSD,ROOF,9.56,13.32,1,1,DAS,29826.5,28353.84,122154.96,1.35,0.62,1.97,387707.64
gmna,Make,2021,Actual,P00060510,468.1,Design,D2Y450280,FTD_OTHER_DSGN_11-14_FSD,ROOF,9.56,13.32,6,6,DSGN,32467.416,35494.88,114068.66,1.28,0.58,1.86,367232.31
gmna,Make,2021,Actual,P00060567,234.6,V2,D3J350380,FTD_OTHER_V2_11-14_FSD,ROOF,10.18,14.08,1,1,V2,21889.329,22034.01,103317.15,1.19,0.52,1.71,337763.57
gmna,Make,2021,Actual,P00060509,487.3,Design,D2Y450280,FTD_OTHER_DSGN_11-14_FSD,ROOF,9.56,13.32,6,6,DSGN,33799.128,28353.84,122154.96,1.35,0.62,1.97,387707.64
gmna,Make,2021,Actual,P00060829,523.7,Design,D2Y450300,FTD_OTHER_DSGN_14_PLUS_FSD,ROOF,11.16,14.39,6,6,DSGN,36323.832,34426.37,122440.93,1.7,0.62,2.33,458606.2
gmna,Make,2021,Actual,P00060824,18,Process Planning,D3I450500,FTD_OTHER_DIE_PREP_14_PLUS_FSD,ROOF,11.16,14.39,1,1,DIE-PREP,1683,27941.14,125226.82,1.54,0.64,2.17,428390.71
gmna,Make,2021,Actual,P00060823,370.1,Patterns,D3I450500,FTD_OTHER_DIE_PREP_14_PLUS_FSD,ROOF,11.16,14.39,6,6,DIE-PREP,34604.35,87553.16,192727.36,2.37,0.98,3.35,660569.91
gmna,Make,2021,Actual,P00060824,325.3,Patterns,D3I450500,FTD_OTHER_DIE_PREP_14_PLUS_FSD,ROOF,11.16,14.39,6,6,DIE-PREP,30415.55,27941.14,125226.82,1.54,0.64,2.17,428390.71
gmna,Make,2021,Actual,P00060825,320.1,Patterns,D3I450500,FTD_OTHER_DIE_PREP_14_PLUS_FSD,ROOF,11.16,14.39,6,6,DIE-PREP,29929.35,34426.37,122440.93,1.7,0.62,2.33,458606.2
gmna,Make,2021,Actual,P00060822,319.3,Patterns,D3I450500,FTD_OTHER_DIE_PREP_14_PLUS_FSD,ROOF,11.16,14.39,6,6,DIE-PREP,29854.55,19167.29,118979.82,2.7,0.6,3.31,652256.14
gmna,Make,2021,Actual,P00060814,499,Initial Machining,D3N300200,FTD_OTHER_DAS_14_PLUS_FSD,ROOF,11.16,14.39,1,1,DAS,46656.5,19167.29,118979.82,2.7,0.6,3.31,652256.14
gmna,Make,2021,Actual,P00060816,666,Assembly,D3N300200,FTD_OTHER_DAS_14_PLUS_FSD,ROOF,11.16,14.39,1,1,DAS,62271,27941.14,125226.82,1.54,0.64,2.17,428390.71
gmna,Make,2021,Actual,P00060816,449.3,Initial Machining,D3N300200,FTD_OTHER_DAS_14_PLUS_FSD,ROOF,11.16,14.39,1,1,DAS,42009.55,27941.14,125226.82,1.54,0.64,2.17,428390.71
gmna,Make,2021,Actual,P00060814,716.4,Final Machining,D3N300200,FTD_OTHER_DAS_14_PLUS_FSD,ROOF,11.16,14.39,1,1,DAS,66983.4,19167.29,118979.82,2.7,0.6,3.31,652256.14
gmna,Make,2021,Actual,P00060816,392,Final Machining,D3N300200,FTD_OTHER_DAS_14_PLUS_FSD,ROOF,11.16,14.39,1,1,DAS,36652,27941.14,125226.82,1.54,0.64,2.17,428390.71
gmna,Make,2021,Actual,P00060827,616,Design,D2Y450300,FTD_OTHER_DSGN_14_PLUS_FSD,ROOF,11.16,14.39,6,6,DSGN,42725.76,87553.16,192727.36,2.37,0.98,3.35,660569.91
gmna,Make,2021,Actual,P00060826,611.9,Design,D2Y450300,FTD_OTHER_DSGN_14_PLUS_FSD,ROOF,11.16,14.39,6,6,DSGN,42441.384,19167.29,118979.82,2.7,0.6,3.31,652256.14
gmna,Make,2021,Actual,P00060828,580.7,Design,D2Y450300,FTD_OTHER_DSGN_14_PLUS_FSD,ROOF,11.16,14.39,6,6,DSGN,40277.352,27941.14,125226.82,1.54,0.64,2.17,428390.71
gmna,Make,2021,Actual,P00060822,360.4,Foundry,D3I450500,FTD_OTHER_DIE_PREP_14_PLUS_FSD,ROOF,11.16,14.39,3,3,DIE-PREP,33697.4,19167.29,118979.82,2.7,0.6,3.31,652256.14
gmna,MAKE,2021,Actual,P00064436,285.9,Subassembly,D3N300260,FTD_FENDER_DAS_12-14_FSD,FENDER OTR,8.11,10.64,1,1,DAS,26740.41,49840.17,107727.96,0.99,0.55,1.53,302447.2
gmna,MAKE,2021,Actual,P00061127,78.6,Subassembly,D3N300280,FTD_FENDER_DAS_14-17_FSD,FENDER OTR,8.11,10.64,1,1,REPLACED,7349.1,11431.66,69811.56,1.1,0.35,1.45,286789.65
gmna,Make,2021,Actual,P00056807,328.5,Total,D2Y450220,FTD_OTHER_DSGN_5-7_FSD,FRONT FLOOR,8.79,11.85,6,6,DSGN,22784.76,22515.46,180029.23,2.7,0.91,3.61,712799.59
gmna,Make,2021,Actual,P00056809,334.1,Total,D2Y450220,FTD_OTHER_DSGN_5-7_FSD,FRONT FLOOR,8.79,11.85,6,6,DSGN,23173.176,24323.66,136640.18,2.16,0.69,2.85,562673.64
gmna,Make,2021,Actual,P00056808,337.7,Total,D2Y450220,FTD_OTHER_DSGN_5-7_FSD,FRONT FLOOR,8.79,11.85,6,6,DSGN,23422.872,20561.11,123176.3,1.71,0.62,2.33,460210.43
gmna,Make,2021,Actual,P00056810,588.4,Total,D3I450420,FTD_OTHER_DIE_PREP_5-7_FSD,FRONT FLOOR,8.79,11.85,10,10,DIE-PREP,54923.6,22515.46,180029.23,2.7,0.91,3.61,712799.59
gmna,Make,2021,Actual,P00056804,636.5,Total,D3M350120,FTD_OTHER_V1_5-7_FSD,FRONT FLOOR,8.79,11.85,1,1,V1,59512.75,22515.46,180029.23,2.7,0.91,3.61,712799.59
gmna,Make,2021,Actual,P00056811,655.35,Total,D3I450420,FTD_OTHER_DIE_PREP_5-7_FSD,FRONT FLOOR,8.79,11.85,10,10,DIE-PREP,61167.969,20561.11,123176.3,1.71,0.62,2.33,460210.43
gmna,Make,2021,Actual,P00056812,1462.4,Total,D3I450420,FTD_OTHER_DIE_PREP_5-7_FSD,FRONT FLOOR,8.79,11.85,10,10,DIE-PREP,136606.24,24323.66,136640.18,2.16,0.69,2.85,562673.64
gmna,Make,2021,Actual,P00057458,1765.6,Total,D3N300120,FTD_OTHER_DAS_5-7_FSD,FRONT FLOOR,8.79,11.85,4,4,DAS,165083.6,24323.66,136640.18,2.16,0.69,2.85,562673.64
gmna,Make,2021,Actual,P00057465,2246.4,Total,D3N300120,FTD_OTHER_DAS_5-7_FSD,FRONT FLOOR,8.79,11.85,4,4,DAS,210038.4,22515.46,180029.23,2.7,0.91,3.61,712799.59
gmna,Make,2021,Actual,P00056805,325.6,Total,D3J350320,FTD_OTHER_V2_5-7_FSD,FRONT FLOOR,8.79,11.85,1,1,V2,30443.6,20561.11,123176.3,1.71,0.62,2.33,460210.43
gmna,Make,2021,Actual,P00056805,325.6,V2,D3J350320,FTD_OTHER_V2_5-7_FSD,FRONT FLOOR,8.79,11.85,1,1,V2,30443.6,20561.11,123176.3,1.71,0.62,2.33,460210.43
gmna,Make,2021,Actual,P00062368,189,Iteration,D3D200421,NEW_FTD_OTHER_DD_5-7_FSD,FRONT FLOOR,8.79,11.85,2,2,DD,17671.5,,,,,,
gmna,Make,2021,Actual,P00062368,5583.3,Iteration,D3D200421,NEW_FTD_OTHER_DD_5-7_FSD,FRONT FLOOR,8.79,11.85,3,3,DD,522038.55,,,,,,
gmna,Make,2021,Actual,P00062368,1487,Iteration,D3D200421,NEW_FTD_OTHER_DD_5-7_FSD,FRONT FLOOR,8.79,11.85,2,2,DD,139034.5,,,,,,
gmna,Make,2021,Actual,P00062368,3849.2,Iteration,D3D200421,NEW_FTD_OTHER_DD_5-7_FSD,FRONT FLOOR,8.79,11.85,5,5,DD,353823.388,,,,,,
gmna,Make,2021,Actual,P00062368,243.4,Iteration,D3D200421,NEW_FTD_OTHER_DD_5-7_FSD,FRONT FLOOR,8.79,11.85,2,2,DD,22224.854,,,,,,
gmna,Make,2021,Actual,P00062368,3653.5,V6,D3D200421,NEW_FTD_OTHER_DD_5-7_FSD,FRONT FLOOR,8.79,11.85,3,3,DD,333601.085,,,,,,
gmna,MAKE,2021,Actual,P00064438,947.3,Total,D3N300260,FTD_FENDER_DAS_12-14_FSD,FENDER OTR,8.23,13.05,4,4,DAS,88572.55,49864.28,107814.91,0.99,0.55,1.53,302296.43
gmna,MAKE,2021,Actual,P00061075,922.1,Total,D3I450580,FTD_FENDER_DIE_PREP_14-17_FSD,FENDER OTR,8.23,13.05,10,10,DIE-PREP,86216.35,51583.51,115285.41,1.16,0.58,1.75,344944.49
gmna,MAKE,2021,Actual,P00064457,871.5,Total,D3N300260,FTD_FENDER_DAS_12-14_FSD,FENDER OTR,8.23,13.05,4,4,DAS,81485.25,11480.36,67501.52,1.1,0.34,1.44,283883.77
gmna,Make,2021,Actual,P00056806,261,V2,D3J350320,FTD_OTHER_V2_5-7_FSD,FRONT FLOOR,8.79,11.85,1,1,V2,24403.5,24323.66,136640.18,2.16,0.69,2.85,562673.64
gmna,MAKE,2021,Actual,P00064446,152,Subassembly,D3N300260,FTD_FENDER_DAS_12-14_FSD,FENDER OTR,8.11,10.64,1,1,DAS,14212,11431.66,69811.56,1.1,0.35,1.45,286789.65
gmna,Make,2021,Actual,P00057457,475.2,Subassembly,D3N300120,FTD_OTHER_DAS_5-7_FSD,FRONT FLOOR,8.79,11.85,1,1,DAS,44431.2,20561.11,123176.3,1.71,0.62,2.33,460210.43
gmna,Make,2021,Actual,P00057458,516.8,Assembly,D3N300120,FTD_OTHER_DAS_5-7_FSD,FRONT FLOOR,8.79,11.85,1,1,DAS,48320.8,24323.66,136640.18,2.16,0.69,2.85,562673.64
gmna,Make,2021,Actual,P00057457,724,Assembly,D3N300120,FTD_OTHER_DAS_5-7_FSD,FRONT FLOOR,8.79,11.85,1,1,DAS,67694,20561.11,123176.3,1.71,0.62,2.33,460210.43
gmna,Make,2021,Actual,P00056807,328.5,Design,D2Y450220,FTD_OTHER_DSGN_5-7_FSD,FRONT FLOOR,8.79,11.85,6,6,DSGN,22784.76,22515.46,180029.23,2.7,0.91,3.61,712799.59
gmna,Make,2021,Actual,P00056809,334.1,Design,D2Y450220,FTD_OTHER_DSGN_5-7_FSD,FRONT FLOOR,8.79,11.85,6,6,DSGN,23173.176,24323.66,136640.18,2.16,0.69,2.85,562673.64
gmna,Make,2021,Actual,P00056808,337.7,Design,D2Y450220,FTD_OTHER_DSGN_5-7_FSD,FRONT FLOOR,8.79,11.85,6,6,DSGN,23422.872,20561.11,123176.3,1.71,0.62,2.33,460210.43
gmna,Make,2021,Actual,P00057457,271.4,Final Machining,D3N300120,FTD_OTHER_DAS_5-7_FSD,FRONT FLOOR,8.79,11.85,1,1,DAS,25375.9,20561.11,123176.3,1.71,0.62,2.33,460210.43
gmna,Make,2021,Actual,P00057458,434,Final Machining,D3N300120,FTD_OTHER_DAS_5-7_FSD,FRONT FLOOR,8.79,11.85,1,1,DAS,40579,24323.66,136640.18,2.16,0.69,2.85,562673.64
gmna,Make,2021,Actual,P00057465,730.3,Final Machining,D3N300120,FTD_OTHER_DAS_5-7_FSD,FRONT FLOOR,8.79,11.85,1,1,DAS,68283.05,22515.46,180029.23,2.7,0.91,3.61,712799.59
gmna,Make,2021,Actual,P00056811,164.1,Foundry,D3I450420,FTD_OTHER_DIE_PREP_5-7_FSD,FRONT FLOOR,8.79,11.85,3,3,DIE-PREP,15305.886,20561.11,123176.3,1.71,0.62,2.33,460210.43
gmna,Make,2021,Actual,P00057465,501.5,Subassembly,D3N300120,FTD_OTHER_DAS_5-7_FSD,FRONT FLOOR,8.79,11.85,1,1,DAS,46890.25,22515.46,180029.23,2.7,0.91,3.61,712799.59
gmna,Make,2021,Actual,P00056810,199.5,Foundry,D3I450420,FTD_OTHER_DIE_PREP_5-7_FSD,FRONT FLOOR,8.79,11.85,3,3,DIE-PREP,18605.37,22515.46,180029.23,2.7,0.91,3.61,712799.59
gmna,Make,2021,Actual,P00057458,520.2,Initial Machining,D3N300120,FTD_OTHER_DAS_5-7_FSD,FRONT FLOOR,8.79,11.85,1,1,DAS,48638.7,24323.66,136640.18,2.16,0.69,2.85,562673.64
gmna,Make,2021,Actual,P00057465,784.5,Initial Machining,D3N300120,FTD_OTHER_DAS_5-7_FSD,FRONT FLOOR,8.79,11.85,1,1,DAS,73350.75,22515.46,180029.23,2.7,0.91,3.61,712799.59
gmna,Make,2021,Actual,P00056810,314.9,Patterns,D3I450420,FTD_OTHER_DIE_PREP_5-7_FSD,FRONT FLOOR,8.79,11.85,6,6,DIE-PREP,29416.99,22515.46,180029.23,2.7,0.91,3.61,712799.59
gmna,Make,2021,Actual,P00056812,400.7,Patterns,D3I450420,FTD_OTHER_DIE_PREP_5-7_FSD,FRONT FLOOR,8.79,11.85,6,6,DIE-PREP,37444.522,24323.66,136640.18,2.16,0.69,2.85,562673.64
gmna,Make,2021,Actual,P00056811,406.75,Patterns,D3I450420,FTD_OTHER_DIE_PREP_5-7_FSD,FRONT FLOOR,8.79,11.85,6,6,DIE-PREP,37981.613,20561.11,123176.3,1.71,0.62,2.33,460210.43
gmna,Make,2021,Actual,P00056810,74,Process Planning,D3I450420,FTD_OTHER_DIE_PREP_5-7_FSD,FRONT FLOOR,8.79,11.85,1,1,DIE-PREP,6901.24,22515.46,180029.23,2.7,0.91,3.61,712799.59
gmna,Make,2021,Actual,P00056811,84.5,Process Planning,D3I450420,FTD_OTHER_DIE_PREP_5-7_FSD,FRONT FLOOR,8.79,11.85,1,1,DIE-PREP,7880.47,20561.11,123176.3,1.71,0.62,2.33,460210.43
gmna,Make,2021,Actual,P00056812,85.5,Process Planning,D3I450420,FTD_OTHER_DIE_PREP_5-7_FSD,FRONT FLOOR,8.79,11.85,1,1,DIE-PREP,7973.73,24323.66,136640.18,2.16,0.69,2.85,562673.64
gmna,Make,2021,Actual,P00057458,294.6,Subassembly,D3N300120,FTD_OTHER_DAS_5-7_FSD,FRONT FLOOR,8.79,11.85,1,1,DAS,27545.1,24323.66,136640.18,2.16,0.69,2.85,562673.64
gmna,Make,2021,Actual,P00062271,74,Iteration,D3D200421,NEW_FTD_OTHER_DD_5-7_FSD,DASH,3.84,6.04,2,2,DD,6919,,,,,,
gmna,Make,2021,Actual,P00062271,4576.6,Iteration,D3D200421,NEW_FTD_OTHER_DD_5-7_FSD,DASH,3.84,6.04,3,3,DD,427912.1,,,,,,
gmna,MAKE,2021,Actual,P00061078,251.75,Patterns,D3I450580,FTD_FENDER_DIE_PREP_14-17_FSD,FENDER OTR,8.23,13.05,6,6,DIE-PREP,23478.205,55818.59,113915.51,1.12,0.58,1.7,335227.69
gmna,MAKE,2021,Actual,P00061074,177.5,Patterns,D3I450580,FTD_FENDER_DIE_PREP_14-17_FSD,FENDER OTR,8.23,13.05,6,6,DIE-PREP,16553.65,11480.36,67501.52,1.1,0.34,1.44,283883.77
gmna,MAKE,2021,Actual,P00061076,155.8,Patterns,D3I450580,FTD_FENDER_DIE_PREP_14-17_FSD,FENDER OTR,8.23,13.05,6,6,DIE-PREP,14529.908,,89354.63217,1.36,0.45,1.81,357075.59
gmna,MAKE,2021,Actual,P00064439,477.5,Initial Machining,D3N300260,FTD_FENDER_DAS_12-14_FSD,FENDER OTR,8.23,13.05,1,1,DAS,44646.25,51583.51,115285.41,1.16,0.58,1.75,344944.49
gmna,MAKE,2021,Actual,P00061082,289.8,Initial Machining,D3N300280,FTD_FENDER_DAS_14-17_FSD,FENDER OTR,8.23,13.05,1,1,REPLACED,27096.3,49864.28,107814.91,0.99,0.55,1.53,302296.43
gmna,MAKE,2021,Actual,P00064457,122,Initial Machining,D3N300260,FTD_FENDER_DAS_12-14_FSD,FENDER OTR,8.23,13.05,1,1,DAS,11407,11480.36,67501.52,1.1,0.34,1.44,283883.77
gmna,MAKE,2021,Actual,P00061078,20,Process Planning,D3I450580,FTD_FENDER_DIE_PREP_14-17_FSD,FENDER OTR,8.23,13.05,1,1,DIE-PREP,1870,55818.59,113915.51,1.12,0.58,1.7,335227.69
gmna,MAKE,2021,Actual,P00061077,288.5,Foundry,D3I450580,FTD_FENDER_DIE_PREP_14-17_FSD,FENDER OTR,8.23,13.05,3,3,DIE-PREP,26974.75,49864.28,107814.91,0.99,0.55,1.53,302296.43
gmna,MAKE,2021,Actual,P00061074,81.5,Foundry,D3I450580,FTD_FENDER_DIE_PREP_14-17_FSD,FENDER OTR,8.23,13.05,3,3,DIE-PREP,7620.25,11480.36,67501.52,1.1,0.34,1.44,283883.77
gmna,MAKE,2021,Actual,P00064438,241.3,Final Machining,D3N300260,FTD_FENDER_DAS_12-14_FSD,FENDER OTR,8.23,13.05,1,1,DAS,22561.55,49864.28,107814.91,0.99,0.55,1.53,302296.43
gmna,MAKE,2021,Actual,P00064457,171,Final Machining,D3N300260,FTD_FENDER_DAS_12-14_FSD,FENDER OTR,8.23,13.05,1,1,DAS,15988.5,11480.36,67501.52,1.1,0.34,1.44,283883.77
gmna,MAKE,2021,Actual,P00061067,424.4,Design,D2Y450380,FTD_FENDER_DSGN_14-17_FSD,FENDER OTR,8.23,13.05,6,6,DSGN,29436.384,49864.28,107814.91,0.99,0.55,1.53,302296.43
gmna,MAKE,2021,Actual,P00061066,419.8,Design,D2Y450380,FTD_FENDER_DSGN_14-17_FSD,FENDER OTR,8.23,13.05,6,6,DSGN,29117.328,,89354.63217,1.36,0.45,1.81,357075.59
gmna,MAKE,2021,Actual,P00061068,409.9,Design,D2Y450380,FTD_FENDER_DSGN_14-17_FSD,FENDER OTR,8.23,13.05,6,6,DSGN,28430.664,55818.59,113915.51,1.12,0.58,1.7,335227.69
gmna,MAKE,2021,Actual,P00061065,409.8,Design,D2Y450380,FTD_FENDER_DSGN_14-17_FSD,FENDER OTR,8.23,13.05,6,6,DSGN,28423.728,51583.51,115285.41,1.16,0.58,1.75,344944.49
gmna,MAKE,2021,Actual,P00061064,396.4,Design,D2Y450380,FTD_FENDER_DSGN_14-17_FSD,FENDER OTR,8.23,13.05,6,6,DSGN,27494.304,11480.36,67501.52,1.1,0.34,1.44,283883.77
gmna,MAKE,2021,Actual,P00061075,26,Process Planning,D3I450580,FTD_FENDER_DIE_PREP_14-17_FSD,FENDER OTR,8.23,13.05,1,1,DIE-PREP,2431,51583.51,115285.41,1.16,0.58,1.75,344944.49
gmna,MAKE,2021,Actual,P00061077,55,Process Planning,D3I450580,FTD_FENDER_DIE_PREP_14-17_FSD,FENDER OTR,8.23,13.05,1,1,DIE-PREP,5142.5,49864.28,107814.91,0.99,0.55,1.53,302296.43
gmna,MAKE,2021,Actual,P00061074,78,Process Planning,D3I450580,FTD_FENDER_DIE_PREP_14-17_FSD,FENDER OTR,8.23,13.05,1,1,DIE-PREP,7285.32,11480.36,67501.52,1.1,0.34,1.44,283883.77
gmna,Make,2021,Actual,P00062271,803.1,Iteration,D3D200421,NEW_FTD_OTHER_DD_5-7_FSD,DASH,3.84,6.04,2,2,DD,75089.85,,,,,,
gmna,Make,2021,Actual,P00062271,4124.1,Iteration,D3D200421,NEW_FTD_OTHER_DD_5-7_FSD,DASH,3.84,6.04,5,5,DD,382298.64,,,,,,
gmna,Make,2021,Actual,P00062271,223.1,Iteration,D3D200421,NEW_FTD_OTHER_DD_5-7_FSD,DASH,3.84,6.04,2,2,DD,20371.261,,,,,,
gmna,Make,2021,Actual,P00062271,2579.7,V6,D3D200421,NEW_FTD_OTHER_DD_5-7_FSD,DASH,3.84,6.04,3,3,DD,235552.407,,,,,,
gmna,MAKE,2021,Actual,P00061077,713.6,Total,D3I450580,FTD_FENDER_DIE_PREP_14-17_FSD,FENDER OTR,8.23,13.05,10,10,DIE-PREP,66721.6,49864.28,107814.91,0.99,0.55,1.53,302296.43
gmna,MAKE,2021,Actual,P00064845,579.7,Total,D3J350440,FTD_FENDER_V2_10-12_FSD,FENDER OTR,8.23,13.05,1,1,V2,52932.407,51583.51,115285.41,1.16,0.58,1.75,344944.49
gmna,MAKE,2021,Actual,P00064847,495.5,Total,D3J350440,FTD_FENDER_V2_10-12_FSD,FENDER OTR,8.23,13.05,1,1,V2,45244.105,49864.28,107814.91,0.99,0.55,1.53,302296.43
gmna,MAKE,2021,Actual,P00061067,424.4,Total,D2Y450380,FTD_FENDER_DSGN_14-17_FSD,FENDER OTR,8.23,13.05,6,6,DSGN,29436.384,49864.28,107814.91,0.99,0.55,1.53,302296.43
gmna,MAKE,2021,Actual,P00061066,419.8,Total,D2Y450380,FTD_FENDER_DSGN_14-17_FSD,FENDER OTR,8.23,13.05,6,6,DSGN,29117.328,,89354.63217,1.36,0.45,1.81,357075.59
gmna,MAKE,2021,Actual,P00061068,409.9,Total,D2Y450380,FTD_FENDER_DSGN_14-17_FSD,FENDER OTR,8.23,13.05,6,6,DSGN,28430.664,55818.59,113915.51,1.12,0.58,1.7,335227.69
gmna,MAKE,2021,Actual,P00061065,409.8,Total,D2Y450380,FTD_FENDER_DSGN_14-17_FSD,FENDER OTR,8.23,13.05,6,6,DSGN,28423.728,51583.51,115285.41,1.16,0.58,1.75,344944.49
gmna,MAKE,2021,Actual,P00061064,396.4,Total,D2Y450380,FTD_FENDER_DSGN_14-17_FSD,FENDER OTR,8.23,13.05,6,6,DSGN,27494.304,11480.36,67501.52,1.1,0.34,1.44,283883.77
gmna,MAKE,2021,Actual,P00061074,337,Total,D3I450580,FTD_FENDER_DIE_PREP_14-17_FSD,FENDER OTR,8.23,13.05,10,10,DIE-PREP,31459.22,11480.36,67501.52,1.1,0.34,1.44,283883.77
gmna,MAKE,2021,Actual,P00061082,313.8,Total,D3N300280,FTD_FENDER_DAS_14-17_FSD,FENDER OTR,8.23,13.05,4,4,REPLACED,29340.3,49864.28,107814.91,0.99,0.55,1.53,302296.43
gmna,MAKE,2021,Actual,P00061078,271.75,Total,D3I450580,FTD_FENDER_DIE_PREP_14-17_FSD,FENDER OTR,8.23,13.05,7,7,DIE-PREP,25348.205,55818.59,113915.51,1.12,0.58,1.7,335227.69
gmna,MAKE,2021,Actual,P00061087,231.8,Total,D3J350480,FTD_FENDER_V2_14-17_FSD,FENDER OTR,8.23,13.05,1,1,REPLACED,21673.3,49864.28,107814.91,0.99,0.55,1.53,302296.43
gmna,MAKE,2021,Actual,P00061076,157.8,Total,D3I450580,FTD_FENDER_DIE_PREP_14-17_FSD,FENDER OTR,8.23,13.05,7,7,DIE-PREP,14716.908,,89354.63217,1.36,0.45,1.81,357075.59
gmna,MAKE,2021,Actual,P00064457,322,Subassembly,D3N300260,FTD_FENDER_DAS_12-14_FSD,FENDER OTR,8.23,13.05,1,1,DAS,30107,11480.36,67501.52,1.1,0.34,1.44,283883.77
gmna,Make,2021,Actual,P00064834,3831,V6,D3D200481,NEW_FTD_OTHER_DD_11-14_FSD,SUNROOF REINF,10.33,6.94,3,3,DD,349808.61,,,,,,
gmna,Make,2021,Actual,P00064834,626.4,Iteration,D3D200481,NEW_FTD_OTHER_DD_11-14_FSD,SUNROOF REINF,10.33,6.94,2,2,DD,57196.584,,,,,,
gmna,Make,2021,Actual,P00056806,261,Total,D3J350320,FTD_OTHER_V2_5-7_FSD,FRONT FLOOR,8.79,11.85,1,1,V2,24403.5,24323.66,136640.18,2.16,0.69,2.85,562673.64
gmna,Make,2021,Actual,P00064834,570.9,Iteration,D3D200481,NEW_FTD_OTHER_DD_11-14_FSD,SUNROOF REINF,10.33,6.94,2,2,DD,52347.879,,,,,,
gmna,MAKE,2021,Actual,P00064216,4115.8,V6,D3D200541,NEW_FTD_FENDER_DD_10-12_FSD,FENDER OTR,8.23,13.05,3,3,DD,375813.698,,,,,,
gmna,MAKE,2021,Actual,P00064216,907.4,Iteration,D3D200541,NEW_FTD_FENDER_DD_10-12_FSD,FENDER OTR,8.23,13.05,2,2,DD,82854.694,,,,,,
gmna,MAKE,2021,Actual,P00064216,5015.4,Iteration,D3D200541,NEW_FTD_FENDER_DD_10-12_FSD,FENDER OTR,8.23,13.05,5,5,DD,457956.174,,,,,,
gmna,MAKE,2021,Actual,P00064216,1243.4,Iteration,D3D200541,NEW_FTD_FENDER_DD_10-12_FSD,FENDER OTR,8.23,13.05,2,2,DD,113534.854,,,,,,
gmna,MAKE,2021,Actual,P00064216,4777,Iteration,D3D200541,NEW_FTD_FENDER_DD_10-12_FSD,FENDER OTR,8.23,13.05,3,3,DD,436187.87,,,,,,
gmna,MAKE,2021,Actual,P00064216,472,Iteration,D3D200541,NEW_FTD_FENDER_DD_10-12_FSD,FENDER OTR,8.23,13.05,2,2,DD,43240.67,,,,,,
gmna,MAKE,2021,Actual,P00064845,579.7,V2,D3J350440,FTD_FENDER_V2_10-12_FSD,FENDER OTR,8.23,13.05,1,1,V2,52932.407,51583.51,115285.41,1.16,0.58,1.75,344944.49
gmna,MAKE,2021,Actual,P00064847,495.5,V2,D3J350440,FTD_FENDER_V2_10-12_FSD,FENDER OTR,8.23,13.05,1,1,V2,45244.105,49864.28,107814.91,0.99,0.55,1.53,302296.43
gmna,MAKE,2021,Actual,P00061087,231.8,V2,D3J350480,FTD_FENDER_V2_14-17_FSD,FENDER OTR,8.23,13.05,1,1,REPLACED,21673.3,49864.28,107814.91,0.99,0.55,1.53,302296.43
gmna,MAKE,2021,Actual,P00064844,1274,V1,D3M350240,FTD_FENDER_V1_10-12_FSD,FENDER OTR,8.23,13.05,1,1,V1,117703.165,11480.36,67501.52,1.1,0.34,1.44,283883.77
gmna,MAKE,2021,Actual,P00064848,1128.6,Total,D3J350440,FTD_FENDER_V2_10-12_FSD,FENDER OTR,8.23,13.05,1,1,V2,103531.638,55818.59,113915.51,1.12,0.58,1.7,335227.69
gmna,Make,2021,Actual,P00060488,511.4,Assembly,D3N300120,FTD_OTHER_DAS_5-7_FSD,SUNROOF REINF,10.33,6.94,1,1,DAS,47815.9,,76607.67,1.72,0.39,2.11,415766.12
gmna,Make,2021,Actual,P00060484,593.8,Assembly,D3N300120,FTD_OTHER_DAS_5-7_FSD,SUNROOF REINF,10.33,6.94,1,1,DAS,55520.3,,89799.27,1.98,0.46,2.43,480089.73
gmna,Make,2021,Actual,P00060468,655,Assembly,D3N300120,FTD_OTHER_DAS_5-7_FSD,SUNROOF REINF,10.33,6.94,1,1,DAS,61242.5,,113650.2,3.27,0.58,3.84,757664.13
gmna,Make,2021,Actual,P00064834,690.3,Iteration,D3D200481,NEW_FTD_OTHER_DD_11-14_FSD,SUNROOF REINF,10.33,6.94,4,4,DD,63031.293,,,,,,
gmna,Make,2021,Actual,P00060496,297.7,Design,D2Y450220,FTD_OTHER_DSGN_5-7_FSD,SUNROOF REINF,10.33,6.94,6,6,DSGN,20648.472,,84893.31,1.52,0.43,1.95,384117.27
gmna,Make,2021,Actual,P00060471,305.1,Design,D2Y450220,FTD_OTHER_DSGN_5-7_FSD,SUNROOF REINF,10.33,6.94,6,6,DSGN,21161.736,,89799.27,1.98,0.46,2.43,480089.73
gmna,MAKE,2021,Actual,P00064446,480.7,Assembly,D3N300260,FTD_FENDER_DAS_12-14_FSD,FENDER OTR,8.11,10.64,1,1,DAS,44945.45,11431.66,69811.56,1.1,0.35,1.45,286789.65
gmna,MAKE,2021,Actual,P00061092,387.8,Design,D2Y450380,FTD_FENDER_DSGN_14-17_FSD,FENDER OTR,8.11,10.64,6,6,DSGN,26897.808,11431.66,69811.56,1.1,0.35,1.45,286789.65
gmna,MAKE,2021,Actual,P00061096,392,Design,D2Y450380,FTD_FENDER_DSGN_14-17_FSD,FENDER OTR,8.11,10.64,6,6,DSGN,27189.12,55826.43,113928.01,1.12,0.58,1.7,335352.46
gmna,MAKE,2021,Actual,P00061107,65.3,Process Planning,D3I450580,FTD_FENDER_DIE_PREP_14-17_FSD,FENDER OTR,8.11,10.64,1,1,DIE-PREP,6105.55,49840.17,107727.96,0.99,0.55,1.53,302447.2
gmna,MAKE,2021,Actual,P00061104,64,Process Planning,D3I450580,FTD_FENDER_DIE_PREP_14-17_FSD,FENDER OTR,8.11,10.64,1,1,DIE-PREP,5976.32,11431.66,69811.56,1.1,0.35,1.45,286789.65
gmna,MAKE,2021,Actual,P00061108,30,Process Planning,D3I450580,FTD_FENDER_DIE_PREP_14-17_FSD,FENDER OTR,8.11,10.64,1,1,DIE-PREP,2805,55826.43,113928.01,1.12,0.58,1.7,335352.46
gmna,MAKE,2021,Actual,P00061106,12,Process Planning,D3I450580,FTD_FENDER_DIE_PREP_14-17_FSD,FENDER OTR,8.11,10.64,1,1,DIE-PREP,1122,23785.65,99960.18,1.19,0.51,1.7,335559.4
gmna,MAKE,2021,Actual,P00061105,8,Process Planning,D3I450580,FTD_FENDER_DIE_PREP_14-17_FSD,FENDER OTR,8.11,10.64,1,1,DIE-PREP,748,51581.14,113142.84,1.15,0.57,1.73,340508.96
gmna,MAKE,2021,Actual,P00061106,282.95,Patterns,D3I450580,FTD_FENDER_DIE_PREP_14-17_FSD,FENDER OTR,8.11,10.64,6,6,DIE-PREP,26404.813,23785.65,99960.18,1.19,0.51,1.7,335559.4
gmna,Make,2021,Actual,P00060469,319.1,Design,D2Y450220,FTD_OTHER_DSGN_5-7_FSD,SUNROOF REINF,10.33,6.94,6,6,DSGN,22132.776,,113650.2,3.27,0.58,3.84,757664.13
gmna,MAKE,2021,Actual,P00064437,456.55,Initial Machining,D3N300260,FTD_FENDER_DAS_12-14_FSD,FENDER OTR,8.11,10.64,1,1,DAS,42687.425,51581.14,113142.84,1.15,0.57,1.73,340508.96
gmna,MAKE,2021,Actual,P00061127,161,Initial Machining,D3N300280,FTD_FENDER_DAS_14-17_FSD,FENDER OTR,8.11,10.64,1,1,REPLACED,15053.5,11431.66,69811.56,1.1,0.35,1.45,286789.65
gmna,MAKE,2021,Actual,P00064446,128,Initial Machining,D3N300260,FTD_FENDER_DAS_12-14_FSD,FENDER OTR,8.11,10.64,1,1,DAS,11968,11431.66,69811.56,1.1,0.35,1.45,286789.65
gmna,MAKE,2021,Actual,P00061104,62.8,Foundry,D3I450580,FTD_FENDER_DIE_PREP_14-17_FSD,FENDER OTR,8.11,10.64,3,3,DIE-PREP,5871.8,11431.66,69811.56,1.1,0.35,1.45,286789.65
gmna,MAKE,2021,Actual,P00064446,243.3,Final Machining,D3N300260,FTD_FENDER_DAS_12-14_FSD,FENDER OTR,8.11,10.64,1,1,DAS,22748.55,11431.66,69811.56,1.1,0.35,1.45,286789.65
gmna,MAKE,2021,Actual,P00064436,224.5,Final Machining,D3N300260,FTD_FENDER_DAS_12-14_FSD,FENDER OTR,8.11,10.64,1,1,DAS,20990.75,49840.17,107727.96,0.99,0.55,1.53,302447.2
gmna,MAKE,2021,Actual,P00061127,181.8,Final Machining,D3N300280,FTD_FENDER_DAS_14-17_FSD,FENDER OTR,8.11,10.64,1,1,REPLACED,16998.3,11431.66,69811.56,1.1,0.35,1.45,286789.65
gmna,MAKE,2021,Actual,P00061095,426,Design,D2Y450380,FTD_FENDER_DSGN_14-17_FSD,FENDER OTR,8.11,10.64,6,6,DSGN,29547.36,49840.17,107727.96,0.99,0.55,1.53,302447.2
gmna,MAKE,2021,Actual,P00061093,408.5,Design,D2Y450380,FTD_FENDER_DSGN_14-17_FSD,FENDER OTR,8.11,10.64,6,6,DSGN,28333.56,51581.14,113142.84,1.15,0.57,1.73,340508.96
gmna,MAKE,2021,Actual,P00061094,402.9,Design,D2Y450380,FTD_FENDER_DSGN_14-17_FSD,FENDER OTR,8.11,10.64,6,6,DSGN,27945.144,23785.65,99960.18,1.19,0.51,1.7,335559.4
gmna,MAKE,2021,Actual,P00064436,258.3,Initial Machining,D3N300260,FTD_FENDER_DAS_12-14_FSD,FENDER OTR,8.11,10.64,1,1,DAS,24151.05,49840.17,107727.96,0.99,0.55,1.53,302447.2
gmna,Make,2021,Actual,P00060494,333.8,Design,D2Y450220,FTD_OTHER_DSGN_5-7_FSD,SUNROOF REINF,10.33,6.94,6,6,DSGN,23152.368,,76607.67,1.72,0.39,2.11,415766.12
gmna,MAKE,2021,Actual,P00064457,256.5,Assembly,D3N300260,FTD_FENDER_DAS_12-14_FSD,FENDER OTR,8.23,13.05,1,1,DAS,23982.75,11480.36,67501.52,1.1,0.34,1.44,283883.77
gmna,Make,2021,Actual,P00060488,266.9,Final Machining,D3N300120,FTD_OTHER_DAS_5-7_FSD,SUNROOF REINF,10.33,6.94,1,1,DAS,24955.15,,76607.67,1.72,0.39,2.11,415766.12
gmna,Make,2021,Actual,P00064822,669.6,Total,D3J350380,FTD_OTHER_V2_11-14_FSD,SUNROOF REINF,10.33,6.94,1,1,V2,61198.335,,84893.31,1.52,0.43,1.95,384117.27
gmna,Make,2021,Actual,P00060418,382.5,Total,D3I450420,FTD_OTHER_DIE_PREP_5-7_FSD,SUNROOF REINF,10.33,6.94,10,10,DIE-PREP,35753.55,,113650.2,3.27,0.58,3.84,757664.13
gmna,Make,2021,Actual,P00060494,333.8,Total,D2Y450220,FTD_OTHER_DSGN_5-7_FSD,SUNROOF REINF,10.33,6.94,6,6,DSGN,23152.368,,76607.67,1.72,0.39,2.11,415766.12
gmna,Make,2021,Actual,P00060469,319.1,Total,D2Y450220,FTD_OTHER_DSGN_5-7_FSD,SUNROOF REINF,10.33,6.94,6,6,DSGN,22132.776,,113650.2,3.27,0.58,3.84,757664.13
gmna,Make,2021,Actual,P00060471,305.1,Total,D2Y450220,FTD_OTHER_DSGN_5-7_FSD,SUNROOF REINF,10.33,6.94,6,6,DSGN,21161.736,,89799.27,1.98,0.46,2.43,480089.73
gmna,Make,2021,Actual,P00060496,297.7,Total,D2Y450220,FTD_OTHER_DSGN_5-7_FSD,SUNROOF REINF,10.33,6.94,6,6,DSGN,20648.472,,84893.31,1.52,0.43,1.95,384117.27
gmna,Make,2021,Actual,P00060497,235.6,Total,D3I450420,FTD_OTHER_DIE_PREP_5-7_FSD,SUNROOF REINF,10.33,6.94,10,10,DIE-PREP,22028.6,,84893.31,1.52,0.43,1.95,384117.27
gmna,Make,2021,Actual,P00060490,223.3,Total,D3I450420,FTD_OTHER_DIE_PREP_5-7_FSD,SUNROOF REINF,10.33,6.94,10,10,DIE-PREP,20878.55,,76607.67,1.72,0.39,2.11,415766.12
gmna,Make,2021,Actual,P00060468,560.7,Subassembly,D3N300120,FTD_OTHER_DAS_5-7_FSD,SUNROOF REINF,10.33,6.94,1,1,DAS,52425.45,,113650.2,3.27,0.58,3.84,757664.13
gmna,Make,2021,Actual,P00060488,210.9,Subassembly,D3N300120,FTD_OTHER_DAS_5-7_FSD,SUNROOF REINF,10.33,6.94,1,1,DAS,19719.15,,76607.67,1.72,0.39,2.11,415766.12
gmna,Make,2021,Actual,P00060499,204.7,Subassembly,D3N300120,FTD_OTHER_DAS_5-7_FSD,SUNROOF REINF,10.33,6.94,1,1,DAS,19139.45,,84893.31,1.52,0.43,1.95,384117.27
gmna,Make,2021,Actual,P00060484,200.9,Subassembly,D3N300120,FTD_OTHER_DAS_5-7_FSD,SUNROOF REINF,10.33,6.94,1,1,DAS,18784.15,,89799.27,1.98,0.46,2.43,480089.73
gmna,Make,2021,Actual,P00060497,50.6,Process Planning,D3I450420,FTD_OTHER_DIE_PREP_5-7_FSD,SUNROOF REINF,10.33,6.94,1,1,DIE-PREP,4731.1,,84893.31,1.52,0.43,1.95,384117.27
gmna,Make,2021,Actual,P00060418,47.1,Process Planning,D3I450420,FTD_OTHER_DIE_PREP_5-7_FSD,SUNROOF REINF,10.33,6.94,1,1,DIE-PREP,4403.85,,113650.2,3.27,0.58,3.84,757664.13
gmna,Make,2021,Actual,P00060490,30,Process Planning,D3I450420,FTD_OTHER_DIE_PREP_5-7_FSD,SUNROOF REINF,10.33,6.94,1,1,DIE-PREP,2805,,76607.67,1.72,0.39,2.11,415766.12
gmna,Make,2021,Actual,P00060485,25,Process Planning,D3I450420,FTD_OTHER_DIE_PREP_5-7_FSD,SUNROOF REINF,10.33,6.94,1,1,DIE-PREP,2337.5,,89799.27,1.98,0.46,2.43,480089.73
gmna,Make,2021,Actual,P00060490,193.3,Patterns,D3I450420,FTD_OTHER_DIE_PREP_5-7_FSD,SUNROOF REINF,10.33,6.94,6,6,DIE-PREP,18073.55,,76607.67,1.72,0.39,2.11,415766.12
gmna,Make,2021,Actual,P00060497,185,Patterns,D3I450420,FTD_OTHER_DIE_PREP_5-7_FSD,SUNROOF REINF,10.33,6.94,6,6,DIE-PREP,17297.5,,84893.31,1.52,0.43,1.95,384117.27
gmna,Make,2021,Actual,P00060484,382,Initial Machining,D3N300120,FTD_OTHER_DAS_5-7_FSD,SUNROOF REINF,10.33,6.94,1,1,DAS,35717,,89799.27,1.98,0.46,2.43,480089.73
gmna,Make,2021,Actual,P00060468,358.5,Initial Machining,D3N300120,FTD_OTHER_DAS_5-7_FSD,SUNROOF REINF,10.33,6.94,1,1,DAS,33519.75,,113650.2,3.27,0.58,3.84,757664.13
gmna,Make,2021,Actual,P00060488,274.2,Initial Machining,D3N300120,FTD_OTHER_DAS_5-7_FSD,SUNROOF REINF,10.33,6.94,1,1,DAS,25637.7,,76607.67,1.72,0.39,2.11,415766.12
gmna,Make,2021,Actual,P00060499,765,Total,D3N300120,FTD_OTHER_DAS_5-7_FSD,SUNROOF REINF,10.33,6.94,4,4,DAS,71527.5,,84893.31,1.52,0.43,1.95,384117.27
gmna,Make,2021,Actual,P00064820,825.8,Total,D3J350380,FTD_OTHER_V2_11-14_FSD,SUNROOF REINF,10.33,6.94,1,1,V2,75569.8,,89799.27,1.98,0.46,2.43,480089.73
gmna,Make,2021,Actual,P00064821,835.9,Total,D3J350380,FTD_OTHER_V2_11-14_FSD,SUNROOF REINF,10.33,6.94,1,1,V2,76907.255,,76607.67,1.72,0.39,2.11,415766.12
gmna,Make,2021,Actual,P00060488,1263.4,Total,D3N300120,FTD_OTHER_DAS_5-7_FSD,SUNROOF REINF,10.33,6.94,4,4,DAS,118127.9,,76607.67,1.72,0.39,2.11,415766.12
gmna,Make,2021,Actual,P00060484,1311.2,Total,D3N300120,FTD_OTHER_DAS_5-7_FSD,SUNROOF REINF,10.33,6.94,4,4,DAS,122597.2,,89799.27,1.98,0.46,2.43,480089.73
gmna,Make,2021,Actual,P00064819,1387.9,Total,D3M350180,FTD_OTHER_V1_11-14_FSD,SUNROOF REINF,10.33,6.94,1,1,V1,129768.65,,113650.2,3.27,0.58,3.84,757664.13
gmna,Make,2021,Actual,P00064820,825.8,V2,D3J350380,FTD_OTHER_V2_11-14_FSD,SUNROOF REINF,10.33,6.94,1,1,V2,75569.8,,89799.27,1.98,0.46,2.43,480089.73
gmna,Make,2021,Actual,P00060468,413.1,Final Machining,D3N300120,FTD_OTHER_DAS_5-7_FSD,SUNROOF REINF,10.33,6.94,1,1,DAS,38624.85,,113650.2,3.27,0.58,3.84,757664.13
gmna,Make,2021,Actual,P00060468,1987.3,Total,D3N300120,FTD_OTHER_DAS_5-7_FSD,SUNROOF REINF,10.33,6.94,4,4,DAS,185812.55,,113650.2,3.27,0.58,3.84,757664.13
gmna,Make,2021,Actual,P00064819,1387.9,V1,D3M350180,FTD_OTHER_V1_11-14_FSD,SUNROOF REINF,10.33,6.94,1,1,V1,129768.65,,113650.2,3.27,0.58,3.84,757664.13
gmna,Make,2021,Actual,P00064822,669.6,V2,D3J350380,FTD_OTHER_V2_11-14_FSD,SUNROOF REINF,10.33,6.94,1,1,V2,61198.335,,84893.31,1.52,0.43,1.95,384117.27
gmna,Make,2021,Actual,P00060499,325.8,Final Machining,D3N300120,FTD_OTHER_DAS_5-7_FSD,SUNROOF REINF,10.33,6.94,1,1,DAS,30462.3,,84893.31,1.52,0.43,1.95,384117.27
gmna,Make,2021,Actual,P00060485,793,Total,D3I450420,FTD_OTHER_DIE_PREP_5-7_FSD,SUNROOF REINF,10.33,6.94,10,10,DIE-PREP,74145.5,,89799.27,1.98,0.46,2.43,480089.73
gmna,Make,2021,Actual,P00064834,2610.8,Iteration,D3D200481,NEW_FTD_OTHER_DD_11-14_FSD,SUNROOF REINF,10.33,6.94,4,4,DD,238622.755,,,,,,
gmna,Make,2021,Actual,P00064821,835.9,V2,D3J350380,FTD_OTHER_V2_11-14_FSD,SUNROOF REINF,10.33,6.94,1,1,V2,76907.255,,76607.67,1.72,0.39,2.11,415766.12
gmna,Make,2021,Actual,P00064834,332,Iteration,D3D200481,NEW_FTD_OTHER_DD_11-14_FSD,SUNROOF REINF,10.33,6.94,2,2,DD,30568.96,,,,,,
gmna,Make,2022,Actual,P00062472,948.6,Total,D3I450460,FTD_OTHER_DIE_PREP_9-11_FSD,HOOD OTR,8.24,10.49,10,10,DIE-PREP,88694.1,14926.83,92232.81,1.74,0.47,2.21,435279.56
gmna,Make,2022,Actual,P00062490,1138.9,Total,D3J350360,FTD_OTHER_V2_9-11_FSD,HOOD OTR,8.24,10.49,1,1,V2,104727.266,76086.54,152673.05,1.2,0.77,1.98,389953.01
gmna,Make,2022,Actual,P00062485,672.8,Total,D3J350360,FTD_OTHER_V2_9-11_FSD,HOOD OTR,8.24,10.49,1,1,V2,62720.65,53237.33,121888.14,1.2,0.62,1.82,358847.47
gmna,Make,2022,Actual,P00065699,591,Total,D3I450480,FTD_OTHER_DIE_PREP_11-14_FSD,HOOD OTR,10.08,,10,10,DIE-PREP,53964.21,,159175.12,1.83,0.81,2.63,519229.52
gmna,Make,2022,Actual,P00065708,504.9,Total,D2Y450280,FTD_OTHER_DSGN_11-14_FSD,HOOD OTR,10.08,,6,6,DSGN,35019.864,,152485.49,1.66,0.77,2.43,479756.93
gmna,Make,2022,Actual,P00065697,354.8,Total,D3J350380,FTD_OTHER_V2_11-14_FSD,HOOD OTR,10.08,,1,1,V2,32396.788,,159175.12,1.83,0.81,2.63,519229.52
gmna,Make,2022,Actual,P00065707,494.6,Total,D2Y450280,FTD_OTHER_DSGN_11-14_FSD,HOOD OTR,10.08,,6,6,DSGN,34305.456,,159175.12,1.83,0.81,2.63,519229.52
gmna,Make,2022,Actual,P00065704,458.7,Total,D3I450480,FTD_OTHER_DIE_PREP_11-14_FSD,HOOD OTR,10.08,,10,10,DIE-PREP,41883.897,,136412.54,1.37,0.69,2.07,407296.21
gmna,Make,2022,Actual,P00065701,430.7,Total,D3I450480,FTD_OTHER_DIE_PREP_11-14_FSD,HOOD OTR,10.08,,10,10,DIE-PREP,39327.217,,152485.49,1.66,0.77,2.43,479756.93
gmna,Make,2022,Actual,P00065702,347.5,Total,D3J350380,FTD_OTHER_V2_11-14_FSD,HOOD OTR,10.08,,1,1,V2,31730.225,,152485.49,1.66,0.77,2.43,479756.93
gmna,Make,2022,Actual,P00065705,343.4,Total,D3J350380,FTD_OTHER_V2_11-14_FSD,HOOD OTR,10.08,,1,1,V2,31355.854,,136412.54,1.37,0.69,2.07,407296.21
gmna,Make,2022,Actual,P00065635,466,Subassembly,D3N300160,FTD_OTHER_DAS_9-11_FSD,HOOD OTR,10.08,,1,1,DAS,42550.46,,136730.67,2.25,0.69,2.95,581394.95
gmna,Make,2022,Actual,P00065698,465.5,Subassembly,D3N300180,FTD_OTHER_DAS_11-14_FSD,HOOD OTR,10.08,,1,1,DAS,42504.805,,159175.12,1.83,0.81,2.63,519229.52
gmna,Make,2022,Actual,P00065700,277.3,Subassembly,D3N300180,FTD_OTHER_DAS_11-14_FSD,HOOD OTR,10.08,,1,1,DAS,25320.263,,152485.49,1.66,0.77,2.43,479756.93
gmna,Make,2022,Actual,P00065709,511.7,Total,D2Y450280,FTD_OTHER_DSGN_11-14_FSD,HOOD OTR,10.08,,6,6,DSGN,35491.512,,136412.54,1.37,0.69,2.07,407296.21
gmna,Make,2022,Actual,P00065706,495.7,Total,D2Y450280,FTD_OTHER_DSGN_11-14_FSD,HOOD OTR,10.08,,6,6,DSGN,34381.752,,136730.67,2.25,0.69,2.95,581394.95
gmna,Make,2022,Actual,P00062480,514,Total,D2Y450260,FTD_OTHER_DSGN_9-11_FSD,HOOD OTR,8.24,10.49,6,6,DSGN,35651.04,85990.82,164670.35,1.4,0.84,2.23,440676.94
gmna,Make,2022,Actual,P00062474,443.8,Total,D2Y450260,FTD_OTHER_DSGN_9-11_FSD,HOOD OTR,8.24,10.49,6,6,DSGN,30781.968,14926.83,92232.81,1.74,0.47,2.21,435279.56
gmna,Make,2022,Actual,P00065025,441.5,Total,D3J350360,FTD_OTHER_V2_9-11_FSD,HOOD OTR,8.24,10.49,1,1,V2,40313.365,85990.82,164670.35,1.4,0.84,2.23,440676.94
gmna,Make,2022,Actual,P00065706,495.7,Design,D2Y450280,FTD_OTHER_DSGN_11-14_FSD,HOOD OTR,10.08,,6,6,DSGN,34381.752,,136730.67,2.25,0.69,2.95,581394.95
gmna,Make,2022,Actual,P00065708,504.9,Design,D2Y450280,FTD_OTHER_DSGN_11-14_FSD,HOOD OTR,10.08,,6,6,DSGN,35019.864,,152485.49,1.66,0.77,2.43,479756.93
gmna,Make,2022,Actual,P00065709,511.7,Design,D2Y450280,FTD_OTHER_DSGN_11-14_FSD,HOOD OTR,10.08,,6,6,DSGN,35491.512,,136412.54,1.37,0.69,2.07,407296.21
gmna,Make,2022,Actual,P00065698,340.9,Final Machining,D3N300180,FTD_OTHER_DAS_11-14_FSD,HOOD OTR,10.08,,1,1,DAS,31448.025,,159175.12,1.83,0.81,2.63,519229.52
gmna,Make,2022,Actual,P00065635,478,Final Machining,D3N300160,FTD_OTHER_DAS_9-11_FSD,HOOD OTR,10.08,,1,1,DAS,43646.18,,136730.67,2.25,0.69,2.95,581394.95
gmna,Make,2022,Actual,P00065699,87.9,Foundry,D3I450480,FTD_OTHER_DIE_PREP_11-14_FSD,HOOD OTR,10.08,,3,3,DIE-PREP,8026.149,,159175.12,1.83,0.81,2.63,519229.52
gmna,Make,2022,Actual,P00065701,101.1,Foundry,D3I450480,FTD_OTHER_DIE_PREP_11-14_FSD,HOOD OTR,10.08,,3,3,DIE-PREP,9231.441,,152485.49,1.66,0.77,2.43,479756.93
gmna,Make,2022,Actual,P00065636,234.5,Foundry,D3I450480,FTD_OTHER_DIE_PREP_11-14_FSD,HOOD OTR,10.08,,3,3,DIE-PREP,21412.195,,136730.67,2.25,0.69,2.95,581394.95
gmna,Make,2022,Actual,P00065700,285.6,Initial Machining,D3N300180,FTD_OTHER_DAS_11-14_FSD,HOOD OTR,10.08,,1,1,DAS,26078.136,,152485.49,1.66,0.77,2.43,479756.93
gmna,Make,2022,Actual,P00065698,465.9,Initial Machining,D3N300180,FTD_OTHER_DAS_11-14_FSD,HOOD OTR,10.08,,1,1,DAS,42541.329,,159175.12,1.83,0.81,2.63,519229.52
gmna,Make,2022,Actual,P00066426,490,Initial Machining,D3N300180,FTD_OTHER_DAS_11-14_FSD,HOOD OTR,10.08,,1,1,DAS,44741.9,,136412.54,1.37,0.69,2.07,407296.21
gmna,Make,2022,Actual,P00065635,583.5,Initial Machining,D3N300160,FTD_OTHER_DAS_9-11_FSD,HOOD OTR,10.08,,1,1,DAS,53279.385,,136730.67,2.25,0.69,2.95,581394.95
gmna,Make,2022,Actual,P00065701,269.5,Patterns,D3I450480,FTD_OTHER_DIE_PREP_11-14_FSD,HOOD OTR,10.08,,6,6,DIE-PREP,24608.045,,152485.49,1.66,0.77,2.43,479756.93
gmna,Make,2022,Actual,P00065699,276.6,Patterns,D3I450480,FTD_OTHER_DIE_PREP_11-14_FSD,HOOD OTR,10.08,,6,6,DIE-PREP,25256.346,,159175.12,1.83,0.81,2.63,519229.52
gmna,Make,2022,Actual,P00065704,278.7,Patterns,D3I450480,FTD_OTHER_DIE_PREP_11-14_FSD,HOOD OTR,10.08,,6,6,DIE-PREP,25448.097,,136412.54,1.37,0.69,2.07,407296.21
gmna,Make,2022,Actual,P00065636,296.8,Patterns,D3I450480,FTD_OTHER_DIE_PREP_11-14_FSD,HOOD OTR,10.08,,6,6,DIE-PREP,27100.808,,136730.67,2.25,0.69,2.95,581394.95
gmna,Make,2022,Actual,P00065701,60.1,Process Planning,D3I450480,FTD_OTHER_DIE_PREP_11-14_FSD,HOOD OTR,10.08,,1,1,DIE-PREP,5487.731,,152485.49,1.66,0.77,2.43,479756.93
gmna,Make,2022,Actual,P00065636,107,Process Planning,D3I450480,FTD_OTHER_DIE_PREP_11-14_FSD,HOOD OTR,10.08,,1,1,DIE-PREP,9770.17,,136730.67,2.25,0.69,2.95,581394.95
gmna,Make,2022,Actual,P00065704,125.5,Process Planning,D3I450480,FTD_OTHER_DIE_PREP_11-14_FSD,HOOD OTR,10.08,,1,1,DIE-PREP,11459.405,,136412.54,1.37,0.69,2.07,407296.21
gmna,Make,2022,Actual,P00066426,262.4,Subassembly,D3N300180,FTD_OTHER_DAS_11-14_FSD,HOOD OTR,10.08,,1,1,DAS,23959.744,,136412.54,1.37,0.69,2.07,407296.21
gmna,Make,2022,Actual,P00065707,494.6,Design,D2Y450280,FTD_OTHER_DSGN_11-14_FSD,HOOD OTR,10.08,,6,6,DSGN,34305.456,,159175.12,1.83,0.81,2.63,519229.52
gmna,Make,2022,Actual,P00065635,1277.4,Assembly,D3N300160,FTD_OTHER_DAS_9-11_FSD,HOOD OTR,10.08,,1,1,DAS,116639.394,,136730.67,2.25,0.69,2.95,581394.95
gmna,Make,2022,Actual,P00065698,657.6,Assembly,D3N300180,FTD_OTHER_DAS_11-14_FSD,HOOD OTR,10.08,,1,1,DAS,60045.456,,159175.12,1.83,0.81,2.63,519229.52
gmna,Make,2022,Actual,P00062489,436.8,Total,D2Y350060,NEW_DSGN_FTD_LINE_CAM_BSO_CATEGORY-1,HOOD OTR,8.24,10.49,6,6,DSGN,30296.448,76086.54,152673.05,1.2,0.77,1.98,389953.01
gmna,Make,2022,Actual,P00062478,406.35,Total,D3I450460,FTD_OTHER_DIE_PREP_9-11_FSD,HOOD OTR,8.24,10.49,10,10,DIE-PREP,37851.375,85990.82,164670.35,1.4,0.84,2.23,440676.94
gmna,Make,2022,Actual,P00062482,261.95,Total,D3I450460,FTD_OTHER_DIE_PREP_9-11_FSD,HOOD OTR,8.24,10.49,7,7,DIE-PREP,24492.325,53237.33,121888.14,1.2,0.62,1.82,358847.47
gmna,Make,2022,Actual,P00062487,235.7,Total,D3I450460,FTD_OTHER_DIE_PREP_9-11_FSD,HOOD OTR,8.24,10.49,7,7,DIE-PREP,22037.95,76086.54,152673.05,1.2,0.77,1.98,389953.01
gmna,Make,2022,Actual,P00062477,128.8,Total,D3J350360,FTD_OTHER_V2_9-11_FSD,HOOD OTR,8.24,10.49,1,1,REPLACED,12042.8,85990.82,164670.35,1.4,0.84,2.23,440676.94
gmna,Make,2022,Actual,P00062476,504.5,Subassembly,D3N300160,FTD_OTHER_DAS_9-11_FSD,HOOD OTR,8.24,10.49,1,1,DAS,46525.795,85990.82,164670.35,1.4,0.84,2.23,440676.94
gmna,Make,2022,Actual,P00062471,302,Subassembly,D3N300160,FTD_OTHER_DAS_9-11_FSD,HOOD OTR,8.24,10.49,1,1,DAS,28237,14926.83,92232.81,1.74,0.47,2.21,435279.56
gmna,Make,2022,Actual,P00062472,62,Process Planning,D3I450460,FTD_OTHER_DIE_PREP_9-11_FSD,HOOD OTR,8.24,10.49,1,1,DIE-PREP,5797,14926.83,92232.81,1.74,0.47,2.21,435279.56
gmna,Make,2022,Actual,P00062478,60,Process Planning,D3I450460,FTD_OTHER_DIE_PREP_9-11_FSD,HOOD OTR,8.24,10.49,1,1,DIE-PREP,5610,85990.82,164670.35,1.4,0.84,2.23,440676.94
gmna,Make,2022,Actual,P00062487,22,Process Planning,D3I450460,FTD_OTHER_DIE_PREP_9-11_FSD,HOOD OTR,8.24,10.49,1,1,DIE-PREP,2057,76086.54,152673.05,1.2,0.77,1.98,389953.01
gmna,Make,2022,Actual,P00062482,18,Process Planning,D3I450460,FTD_OTHER_DIE_PREP_9-11_FSD,HOOD OTR,8.24,10.49,1,1,DIE-PREP,1683,53237.33,121888.14,1.2,0.62,1.82,358847.47
gmna,Make,2022,Actual,P00062478,281.35,Patterns,D3I450460,FTD_OTHER_DIE_PREP_9-11_FSD,HOOD OTR,8.24,10.49,6,6,DIE-PREP,26306.225,85990.82,164670.35,1.4,0.84,2.23,440676.94
gmna,Make,2022,Actual,P00062484,503.3,Total,D2Y450260,FTD_OTHER_DSGN_9-11_FSD,HOOD OTR,8.24,10.49,6,6,DSGN,34908.888,53237.33,121888.14,1.2,0.62,1.82,358847.47
gmna,Make,2022,Actual,P00062472,247.3,Patterns,D3I450460,FTD_OTHER_DIE_PREP_9-11_FSD,HOOD OTR,8.24,10.49,6,6,DIE-PREP,23122.55,14926.83,92232.81,1.74,0.47,2.21,435279.56
gmna,Make,2022,Actual,P00062487,213.7,Patterns,D3I450460,FTD_OTHER_DIE_PREP_9-11_FSD,HOOD OTR,8.24,10.49,6,6,DIE-PREP,19980.95,76086.54,152673.05,1.2,0.77,1.98,389953.01
gmna,Make,2022,Actual,P00062476,446.5,Initial Machining,D3N300160,FTD_OTHER_DAS_9-11_FSD,HOOD OTR,8.24,10.49,1,1,DAS,41599.925,85990.82,164670.35,1.4,0.84,2.23,440676.94
gmna,Make,2022,Actual,P00062471,383.9,Initial Machining,D3N300160,FTD_OTHER_DAS_9-11_FSD,HOOD OTR,8.24,10.49,1,1,DAS,35894.65,14926.83,92232.81,1.74,0.47,2.21,435279.56
gmna,Make,2022,Actual,P00062471,441.7,Final Machining,D3N300160,FTD_OTHER_DAS_9-11_FSD,HOOD OTR,8.24,10.49,1,1,DAS,41298.95,14926.83,92232.81,1.74,0.47,2.21,435279.56
gmna,Make,2022,Actual,P00062480,514,Design,D2Y450260,FTD_OTHER_DSGN_9-11_FSD,HOOD OTR,8.24,10.49,6,6,DSGN,35651.04,85990.82,164670.35,1.4,0.84,2.23,440676.94
gmna,Make,2022,Actual,P00062484,503.3,Design,D2Y450260,FTD_OTHER_DSGN_9-11_FSD,HOOD OTR,8.24,10.49,6,6,DSGN,34908.888,53237.33,121888.14,1.2,0.62,1.82,358847.47
gmna,Make,2022,Actual,P00062474,443.8,Design,D2Y450260,FTD_OTHER_DSGN_9-11_FSD,HOOD OTR,8.24,10.49,6,6,DSGN,30781.968,14926.83,92232.81,1.74,0.47,2.21,435279.56
gmna,Make,2022,Actual,P00062489,436.8,Design,D2Y350060,NEW_DSGN_FTD_LINE_CAM_BSO_CATEGORY-1,HOOD OTR,8.24,10.49,6,6,DSGN,30296.448,76086.54,152673.05,1.2,0.77,1.98,389953.01
gmna,Make,2022,Actual,P00062476,937.9,Assembly,D3N300160,FTD_OTHER_DAS_9-11_FSD,HOOD OTR,8.24,10.49,1,1,DAS,85639.649,85990.82,164670.35,1.4,0.84,2.23,440676.94
gmna,Make,2022,Actual,P00062482,243.95,Patterns,D3I450460,FTD_OTHER_DIE_PREP_9-11_FSD,HOOD OTR,8.24,10.49,6,6,DIE-PREP,22809.325,53237.33,121888.14,1.2,0.62,1.82,358847.47
gmna,Make,2022,Actual,P00065700,678.3,Assembly,D3N300180,FTD_OTHER_DAS_11-14_FSD,HOOD OTR,10.08,,1,1,DAS,61935.573,,152485.49,1.66,0.77,2.43,479756.93
gmna,MAKE,2022,Actual,P00064515,967.3,Assembly,D3N300200,FTD_OTHER_DAS_14_PLUS_FSD,HOOD OTR,13.24,14.57,1,1,DAS,88324.163,97609.38,192474.63,2.23,0.98,3.21,632462.62
gmna,MAKE,2022,Actual,P00064508,1787.5,V1,D3M350200,FTD_OTHER_V1_14_PLUS_FSD,HOOD OTR,13.24,14.57,1,1,V1,163216.625,24189.32,154280.05,3.35,0.78,4.13,814464.01
gmna,Make,2022,Actual,P00064458,269,Iteration,D3D200461,NEW_FTD_OTHER_DD_9-11_FSD,HOOD OTR,8.24,10.49,2,2,REPLACED,24671.89,,,,,,
gmna,Make,2022,Actual,P00064149,866.6,Iteration,D3D200461,NEW_FTD_OTHER_DD_9-11_FSD,HOOD OTR,8.24,10.49,1,1,DD,79129.246,,,,,,
gmna,Make,2022,Actual,P00064458,2001.3,Iteration,D3D200461,NEW_FTD_OTHER_DD_9-11_FSD,HOOD OTR,8.24,10.49,3,3,REPLACED,182738.703,,,,,,
gmna,Make,2022,Actual,P00064458,458.4,Iteration,D3D200461,NEW_FTD_OTHER_DD_9-11_FSD,HOOD OTR,8.24,10.49,2,2,REPLACED,41909.064,,,,,,
gmna,Make,2022,Actual,P00064458,778.6,Iteration,D3D200461,NEW_FTD_OTHER_DD_9-11_FSD,HOOD OTR,8.24,10.49,5,5,REPLACED,71093.966,,,,,,
gmna,Make,2022,Actual,P00064458,386,Iteration,D3D200461,NEW_FTD_OTHER_DD_9-11_FSD,HOOD OTR,8.24,10.49,2,2,REPLACED,35245.66,,,,,,
gmna,Make,2022,Actual,P00064458,1080,V6,D3D200461,NEW_FTD_OTHER_DD_9-11_FSD,HOOD OTR,8.24,10.49,3,3,REPLACED,98614.8,,,,,,
gmna,Make,2022,Actual,P00064149,3708.6,V6,D3D200461,NEW_FTD_OTHER_DD_9-11_FSD,HOOD OTR,8.24,10.49,3,3,DD,338632.266,,,,,,
gmna,MAKE,2022,Actual,P00064513,753.7,Assembly,D3N300200,FTD_OTHER_DAS_14_PLUS_FSD,HOOD OTR,13.24,14.57,1,1,DAS,68820.347,107913.07,192293.12,1.98,0.98,2.95,582001.05
gmna,MAKE,2022,Actual,P00064512,925.3,Assembly,D3N300200,FTD_OTHER_DAS_14_PLUS_FSD,HOOD OTR,13.24,14.57,1,1,DAS,84489.143,24189.32,154280.05,3.35,0.78,4.13,814464.01
gmna,MAKE,2022,Actual,P00064514,989.3,Assembly,D3N300200,FTD_OTHER_DAS_14_PLUS_FSD,HOOD OTR,13.24,14.57,1,1,DAS,90332.983,173216.98,251733.82,1.67,1.28,2.95,580757.68
gmna,MAKE,2022,Actual,P00064521,577,Design,D2Y450300,FTD_OTHER_DSGN_14_PLUS_FSD,HOOD OTR,13.24,14.57,6,6,DSGN,40020.72,107913.07,192293.12,1.98,0.98,2.95,582001.05
gmna,MAKE,2022,Actual,P00064523,593.9,Design,D2Y450300,FTD_OTHER_DSGN_14_PLUS_FSD,HOOD OTR,13.24,14.57,6,6,DSGN,41192.904,97609.38,192474.63,2.23,0.98,3.21,632462.62
gmna,MAKE,2022,Actual,P00064520,595.3,Design,D2Y450300,FTD_OTHER_DSGN_14_PLUS_FSD,HOOD OTR,13.24,14.57,6,6,DSGN,41290.008,24189.32,154280.05,3.35,0.78,4.13,814464.01
gmna,MAKE,2022,Actual,P00064522,604.7,Design,D2Y450300,FTD_OTHER_DSGN_14_PLUS_FSD,HOOD OTR,13.24,14.57,6,6,DSGN,41941.992,173216.98,251733.82,1.67,1.28,2.95,580757.68
gmna,MAKE,2022,Actual,P00064513,312.2,Final Machining,D3N300200,FTD_OTHER_DAS_14_PLUS_FSD,HOOD OTR,13.24,14.57,1,1,DAS,28800.45,107913.07,192293.12,1.98,0.98,2.95,582001.05
gmna,MAKE,2022,Actual,P00064514,316.2,Final Machining,D3N300200,FTD_OTHER_DAS_14_PLUS_FSD,HOOD OTR,13.24,14.57,1,1,DAS,28872.222,173216.98,251733.82,1.67,1.28,2.95,580757.68
gmna,Make,2022,Actual,P00064149,233.4,Iteration,D3D200461,NEW_FTD_OTHER_DD_9-11_FSD,HOOD OTR,8.24,10.49,2,2,DD,21311.754,,,,,,
gmna,Make,2022,Actual,P00062490,1138.9,V2,D3J350360,FTD_OTHER_V2_9-11_FSD,HOOD OTR,8.24,10.49,1,1,V2,104727.266,76086.54,152673.05,1.2,0.77,1.98,389953.01
gmna,Make,2022,Actual,P00062485,672.8,V2,D3J350360,FTD_OTHER_V2_9-11_FSD,HOOD OTR,8.24,10.49,1,1,V2,62720.65,53237.33,121888.14,1.2,0.62,1.82,358847.47
gmna,Make,2022,Actual,P00065025,441.5,V2,D3J350360,FTD_OTHER_V2_9-11_FSD,HOOD OTR,8.24,10.49,1,1,V2,40313.365,85990.82,164670.35,1.4,0.84,2.23,440676.94
gmna,MAKE,2022,Actual,P00066197,449.3,V2,D3J350400,FTD_OTHER_V2_14_PLUS_FSD,HOOD OTR,13.24,14.57,1,1,V2,41025.583,173216.98,251733.82,1.67,1.28,2.95,580757.68
gmna,MAKE,2022,Actual,P00066198,658.7,V2,D3J350400,FTD_OTHER_V2_14_PLUS_FSD,HOOD OTR,13.24,14.57,1,1,V2,60145.897,97609.38,192474.63,2.23,0.98,3.21,632462.62
gmna,MAKE,2022,Actual,P00064526,448,Iteration,D3D200481,NEW_FTD_OTHER_DD_11-14_FSD,HOOD OTR,13.24,14.57,2,2,REPLACED,40906.88,,,,,,
gmna,MAKE,2022,Actual,P00064930,791.2,Iteration,D3D200481,NEW_FTD_OTHER_DD_11-14_FSD,HOOD OTR,13.24,14.57,2,2,DD,72244.472,,,,,,
gmna,MAKE,2022,Actual,P00064526,1803,Iteration,D3D200481,NEW_FTD_OTHER_DD_11-14_FSD,HOOD OTR,13.24,14.57,4,4,REPLACED,164631.93,,,,,,
gmna,MAKE,2022,Actual,P00064526,162.4,Iteration,D3D200481,NEW_FTD_OTHER_DD_11-14_FSD,HOOD OTR,13.24,14.57,2,2,REPLACED,14828.744,,,,,,
gmna,MAKE,2022,Actual,P00064526,495.5,Iteration,D3D200481,NEW_FTD_OTHER_DD_11-14_FSD,HOOD OTR,13.24,14.57,4,4,REPLACED,45244.105,,,,,,
gmna,MAKE,2022,Actual,P00064930,1827.2,Iteration,D3D200481,NEW_FTD_OTHER_DD_11-14_FSD,HOOD OTR,13.24,14.57,4,4,DD,166841.632,,,,,,
gmna,MAKE,2022,Actual,P00064515,454.2,Final Machining,D3N300200,FTD_OTHER_DAS_14_PLUS_FSD,HOOD OTR,13.24,14.57,1,1,DAS,41473.002,97609.38,192474.63,2.23,0.98,3.21,632462.62
gmna,MAKE,2022,Actual,P00064526,50.1,Iteration,D3D200481,NEW_FTD_OTHER_DD_11-14_FSD,HOOD OTR,13.24,14.57,2,2,REPLACED,4574.631,,,,,,
gmna,MAKE,2022,Actual,P00064526,168,V6,D3D200481,NEW_FTD_OTHER_DD_11-14_FSD,HOOD OTR,13.24,14.57,3,3,REPLACED,15340.08,,,,,,
gmna,MAKE,2022,Actual,P00064930,3968,V6,D3D200481,NEW_FTD_OTHER_DD_11-14_FSD,HOOD OTR,13.24,14.57,3,3,DD,362318.08,,,,,,
gmna,Make,2022,Actual,P00066426,381.9,Assembly,D3N300180,FTD_OTHER_DAS_11-14_FSD,HOOD OTR,10.08,,1,1,DAS,34871.289,,136412.54,1.37,0.69,2.07,407296.21
gmna,Make,2022,Actual,P00062471,1145.6,Total,D3N300160,FTD_OTHER_DAS_9-11_FSD,HOOD OTR,8.24,10.49,4,4,DAS,107113.6,14926.83,92232.81,1.74,0.47,2.21,435279.56
gmna,Make,2022,Actual,P00062475,1353,Total,D3M350160,FTD_OTHER_V1_9-11_FSD,HOOD OTR,8.24,10.49,1,1,V1,126505.5,14926.83,92232.81,1.74,0.47,2.21,435279.56
gmna,Make,2022,Actual,P00062475,1353,V1,D3M350160,FTD_OTHER_V1_9-11_FSD,HOOD OTR,8.24,10.49,1,1,V1,126505.5,14926.83,92232.81,1.74,0.47,2.21,435279.56
gmna,Make,2022,Actual,P00062477,128.8,V2,D3J350360,FTD_OTHER_V2_9-11_FSD,HOOD OTR,8.24,10.49,1,1,REPLACED,12042.8,85990.82,164670.35,1.4,0.84,2.23,440676.94
gmna,MAKE,2022,Actual,P00064930,610.4,Iteration,D3D200481,NEW_FTD_OTHER_DD_11-14_FSD,HOOD OTR,13.24,14.57,2,2,DD,55735.624,,,,,,
gmna,MAKE,2022,Actual,P00064512,624.1,Final Machining,D3N300200,FTD_OTHER_DAS_14_PLUS_FSD,HOOD OTR,13.24,14.57,1,1,DAS,56986.571,24189.32,154280.05,3.35,0.78,4.13,814464.01
gmna,MAKE,2022,Actual,P00065250,147.4,Foundry,D5Z450050,FTD_RW_MACHINING_ASSEMBLY_VERIFICATION,HOOD OTR,13.24,14.57,2,2,PATT,13459.094,24189.32,154280.05,3.35,0.78,4.13,814464.01
gmna,MAKE,2022,Actual,P00065042,263,Foundry,D3I450500,FTD_OTHER_DIE_PREP_14_PLUS_FSD,HOOD OTR,13.24,14.57,3,3,DIE-PREP,24014.53,97609.38,192474.63,2.23,0.98,3.21,632462.62
gmna,MAKE,2022,Actual,P00066196,384.6,Total,D3J350400,FTD_OTHER_V2_14_PLUS_FSD,HOOD OTR,13.24,14.57,1,1,V2,35117.826,107913.07,192293.12,1.98,0.98,2.95,582001.05
gmna,MAKE,2022,Actual,P00066197,449.3,Total,D3J350400,FTD_OTHER_V2_14_PLUS_FSD,HOOD OTR,13.24,14.57,1,1,V2,41025.583,173216.98,251733.82,1.67,1.28,2.95,580757.68
gmna,MAKE,2022,Actual,P00064521,577,Total,D2Y450300,FTD_OTHER_DSGN_14_PLUS_FSD,HOOD OTR,13.24,14.57,6,6,DSGN,40020.72,107913.07,192293.12,1.98,0.98,2.95,582001.05
gmna,MAKE,2022,Actual,P00064523,593.9,Total,D2Y450300,FTD_OTHER_DSGN_14_PLUS_FSD,HOOD OTR,13.24,14.57,6,6,DSGN,41192.904,97609.38,192474.63,2.23,0.98,3.21,632462.62
gmna,MAKE,2022,Actual,P00064520,595.3,Total,D2Y450300,FTD_OTHER_DSGN_14_PLUS_FSD,HOOD OTR,13.24,14.57,6,6,DSGN,41290.008,24189.32,154280.05,3.35,0.78,4.13,814464.01
gmna,MAKE,2022,Actual,P00064522,604.7,Total,D2Y450300,FTD_OTHER_DSGN_14_PLUS_FSD,HOOD OTR,13.24,14.57,6,6,DSGN,41941.992,173216.98,251733.82,1.67,1.28,2.95,580757.68
gmna,MAKE,2022,Actual,P00064513,452.9,Subassembly,D3N300200,FTD_OTHER_DAS_14_PLUS_FSD,HOOD OTR,13.24,14.57,1,1,DAS,41354.299,107913.07,192293.12,1.98,0.98,2.95,582001.05
gmna,MAKE,2022,Actual,P00066198,658.7,Total,D3J350400,FTD_OTHER_V2_14_PLUS_FSD,HOOD OTR,13.24,14.57,1,1,V2,60145.897,97609.38,192474.63,2.23,0.98,3.21,632462.62
gmna,MAKE,2022,Actual,P00065041,746.4,Total,D3I450500,FTD_OTHER_DIE_PREP_14_PLUS_FSD,HOOD OTR,13.24,14.57,10,10,DIE-PREP,68153.784,173216.98,251733.82,1.67,1.28,2.95,580757.68
gmna,MAKE,2022,Actual,P00065040,773.6,Total,D3I450500,FTD_OTHER_DIE_PREP_14_PLUS_FSD,HOOD OTR,13.24,14.57,10,10,DIE-PREP,70637.416,107913.07,192293.12,1.98,0.98,2.95,582001.05
gmna,MAKE,2022,Actual,P00065042,796,Total,D3I450500,FTD_OTHER_DIE_PREP_14_PLUS_FSD,HOOD OTR,13.24,14.57,10,10,DIE-PREP,72682.76,97609.38,192474.63,2.23,0.98,3.21,632462.62
gmna,MAKE,2022,Actual,P00064508,1787.5,Total,D3M350200,FTD_OTHER_V1_14_PLUS_FSD,HOOD OTR,13.24,14.57,1,1,V1,163216.625,24189.32,154280.05,3.35,0.78,4.13,814464.01
gmna,MAKE,2022,Actual,P00064513,1916.3,Total,D3N300200,FTD_OTHER_DAS_14_PLUS_FSD,HOOD OTR,13.24,14.57,4,4,DAS,175270.821,107913.07,192293.12,1.98,0.98,2.95,582001.05
gmna,MAKE,2022,Actual,P00064515,2214.3,Total,D3N300200,FTD_OTHER_DAS_14_PLUS_FSD,HOOD OTR,13.24,14.57,4,4,DAS,202187.733,97609.38,192474.63,2.23,0.98,3.21,632462.62
gmna,MAKE,2022,Actual,P00064512,2552.9,Total,D3N300200,FTD_OTHER_DAS_14_PLUS_FSD,HOOD OTR,13.24,14.57,4,4,DAS,233105.299,24189.32,154280.05,3.35,0.78,4.13,814464.01
gmna,MAKE,2022,Actual,P00065062,678.7,Total,D3I450500,FTD_OTHER_DIE_PREP_14_PLUS_FSD,HOOD OTR,13.24,14.57,9,9,DIE-PREP,61972.097,24189.32,154280.05,3.35,0.78,4.13,814464.01
gmna,MAKE,2022,Actual,P00066196,384.6,V2,D3J350400,FTD_OTHER_V2_14_PLUS_FSD,HOOD OTR,13.24,14.57,1,1,V2,35117.826,107913.07,192293.12,1.98,0.98,2.95,582001.05
gmna,MAKE,2022,Actual,P00064512,401.9,Subassembly,D3N300200,FTD_OTHER_DAS_14_PLUS_FSD,HOOD OTR,13.24,14.57,1,1,DAS,36697.489,24189.32,154280.05,3.35,0.78,4.13,814464.01
gmna,MAKE,2022,Actual,P00064515,255,Subassembly,D3N300200,FTD_OTHER_DAS_14_PLUS_FSD,HOOD OTR,13.24,14.57,1,1,DAS,23284.05,97609.38,192474.63,2.23,0.98,3.21,632462.62
gmna,MAKE,2022,Actual,P00065040,273.7,Foundry,D3I450500,FTD_OTHER_DIE_PREP_14_PLUS_FSD,HOOD OTR,13.24,14.57,3,3,DIE-PREP,24991.547,107913.07,192293.12,1.98,0.98,2.95,582001.05
gmna,MAKE,2022,Actual,P00065041,280.2,Foundry,D3I450500,FTD_OTHER_DIE_PREP_14_PLUS_FSD,HOOD OTR,13.24,14.57,3,3,DIE-PREP,25585.062,173216.98,251733.82,1.67,1.28,2.95,580757.68
gmna,MAKE,2022,Actual,P00065062,328.9,Foundry,D3I450500,FTD_OTHER_DIE_PREP_14_PLUS_FSD,HOOD OTR,13.24,14.57,2,2,DIE-PREP,30031.859,24189.32,154280.05,3.35,0.78,4.13,814464.01
gmna,MAKE,2022,Actual,P00064513,397.5,Initial Machining,D3N300200,FTD_OTHER_DAS_14_PLUS_FSD,HOOD OTR,13.24,14.57,1,1,DAS,36295.725,107913.07,192293.12,1.98,0.98,2.95,582001.05
gmna,MAKE,2022,Actual,P00064514,520.4,Initial Machining,D3N300200,FTD_OTHER_DAS_14_PLUS_FSD,HOOD OTR,13.24,14.57,1,1,DAS,47587.804,173216.98,251733.82,1.67,1.28,2.95,580757.68
gmna,MAKE,2022,Actual,P00064515,537.8,Initial Machining,D3N300200,FTD_OTHER_DAS_14_PLUS_FSD,HOOD OTR,13.24,14.57,1,1,DAS,49106.518,97609.38,192474.63,2.23,0.98,3.21,632462.62
gmna,MAKE,2022,Actual,P00064512,601.6,Initial Machining,D3N300200,FTD_OTHER_DAS_14_PLUS_FSD,HOOD OTR,13.24,14.57,1,1,DAS,54932.096,24189.32,154280.05,3.35,0.78,4.13,814464.01
gmna,MAKE,2022,Actual,P00064514,387.8,Subassembly,D3N300200,FTD_OTHER_DAS_14_PLUS_FSD,HOOD OTR,13.24,14.57,1,1,DAS,35410.018,173216.98,251733.82,1.67,1.28,2.95,580757.68
gmna,MAKE,2022,Actual,P00065040,338.9,Patterns,D3I450500,FTD_OTHER_DIE_PREP_14_PLUS_FSD,HOOD OTR,13.24,14.57,6,6,DIE-PREP,30944.959,107913.07,192293.12,1.98,0.98,2.95,582001.05
gmna,MAKE,2022,Actual,P00065042,399,Patterns,D3I450500,FTD_OTHER_DIE_PREP_14_PLUS_FSD,HOOD OTR,13.24,14.57,6,6,DIE-PREP,36432.69,97609.38,192474.63,2.23,0.98,3.21,632462.62
gmna,MAKE,2022,Actual,P00065062,40,Process Planning,D3I450500,FTD_OTHER_DIE_PREP_14_PLUS_FSD,HOOD OTR,13.24,14.57,1,1,DIE-PREP,3652.4,24189.32,154280.05,3.35,0.78,4.13,814464.01
gmna,MAKE,2022,Actual,P00065042,134,Process Planning,D3I450500,FTD_OTHER_DIE_PREP_14_PLUS_FSD,HOOD OTR,13.24,14.57,1,1,DIE-PREP,12235.54,97609.38,192474.63,2.23,0.98,3.21,632462.62
gmna,MAKE,2022,Actual,P00065041,134.3,Process Planning,D3I450500,FTD_OTHER_DIE_PREP_14_PLUS_FSD,HOOD OTR,13.24,14.57,1,1,DIE-PREP,12262.933,173216.98,251733.82,1.67,1.28,2.95,580757.68
gmna,MAKE,2022,Actual,P00065040,161,Process Planning,D3I450500,FTD_OTHER_DIE_PREP_14_PLUS_FSD,HOOD OTR,13.24,14.57,1,1,DIE-PREP,14700.91,107913.07,192293.12,1.98,0.98,2.95,582001.05
gmna,MAKE,2022,Actual,P00065041,331.9,Patterns,D3I450500,FTD_OTHER_DIE_PREP_14_PLUS_FSD,HOOD OTR,13.24,14.57,6,6,DIE-PREP,30305.789,173216.98,251733.82,1.67,1.28,2.95,580757.68
gmna,Make,2022,Actual,P00065636,638.3,Total,D3I450480,FTD_OTHER_DIE_PREP_11-14_FSD,HOOD OTR,10.08,,10,10,DIE-PREP,58283.173,,136730.67,2.25,0.69,2.95,581394.95
gmna,Make,2022,Actual,P00065700,1325.2,Total,D3N300180,FTD_OTHER_DAS_11-14_FSD,HOOD OTR,10.08,,4,4,DAS,121082.972,,152485.49,1.66,0.77,2.43,479756.93
gmna,MAKE,2022,Actual,P00065657,524,Total,D3I450500,FTD_OTHER_DIE_PREP_14_PLUS_FSD,PICKUP BOX OTR,3.52,,10,10,DIE-PREP,47846.44,140019.71,230380.38,2.35,1.17,3.52,694318.47
gmna,MAKE,2022,Actual,P00065658,594,Total,D2Y450300,FTD_OTHER_DSGN_14_PLUS_FSD,PICKUP BOX OTR,3.52,,6,6,DSGN,41199.84,140019.71,230380.38,2.35,1.17,3.52,694318.47
gmna,MAKE,2022,Actual,P00065659,1058.3,Total,D3J350400,FTD_OTHER_V2_14_PLUS_FSD,PICKUP BOX OTR,3.52,,1,1,V2,96633.373,140019.71,230380.38,2.35,1.17,3.52,694318.47
gmna,MAKE,2022,Actual,P00065659,1058.3,V2,D3J350400,FTD_OTHER_V2_14_PLUS_FSD,PICKUP BOX OTR,3.52,,1,1,V2,96633.373,140019.71,230380.38,2.35,1.17,3.52,694318.47
gmna,MAKE,2022,Actual,P00066265,81,Iteration,D3D200481,NEW_FTD_OTHER_DD_11-14_FSD,PICKUP BOX OTR,3.52,,2,2,DD,7396.11,,,,,,
gmna,MAKE,2022,Actual,P00066265,211,Iteration,D3D200481,NEW_FTD_OTHER_DD_11-14_FSD,PICKUP BOX OTR,3.52,,2,2,DD,19266.41,,,,,,
gmna,MAKE,2022,Actual,P00066265,151.7,Iteration,D3D200481,NEW_FTD_OTHER_DD_11-14_FSD,PICKUP BOX OTR,3.52,,2,2,DD,13851.727,,,,,,
gmna,MAKE,2022,Actual,P00066265,374,Iteration,D3D200481,NEW_FTD_OTHER_DD_11-14_FSD,PICKUP BOX OTR,3.52,,2,2,DD,32526.315,,,,,,
gmna,MAKE,2022,Actual,P00066265,118.8,Iteration,D3D200481,NEW_FTD_OTHER_DD_11-14_FSD,PICKUP BOX OTR,3.52,,2,2,DD,10785.628,,,,,,
gmna,MAKE,2022,Actual,P00066265,94,V6,D3D200481,NEW_FTD_OTHER_DD_11-14_FSD,PICKUP BOX OTR,3.52,,3,3,DD,8071.64,,,,,,
gmna,MAKE,2022,Actual,P00065681,1530.6,Assembly,D3N300200,FTD_OTHER_DAS_14_PLUS_FSD,PICKUP BOX OTR,3.5,,1,1,DAS,139759.086,139933.85,229173.89,2.34,1.16,3.5,689734.55
gmna,MAKE,2022,Actual,P00065684,495,Design,D2Y450260,FTD_OTHER_DSGN_9-11_FSD,PICKUP BOX OTR,3.5,,6,6,DSGN,34333.2,139933.85,229173.89,2.34,1.16,3.5,689734.55
gmna,MAKE,2022,Actual,P00065682,115.5,Foundry,D3I450500,FTD_OTHER_DIE_PREP_14_PLUS_FSD,PICKUP BOX OTR,3.5,,3,3,DIE-PREP,10546.305,139933.85,229173.89,2.34,1.16,3.5,689734.55
gmna,MAKE,2022,Actual,P00065681,520.3,Initial Machining,D3N300200,FTD_OTHER_DAS_14_PLUS_FSD,PICKUP BOX OTR,3.5,,1,1,DAS,47508.593,139933.85,229173.89,2.34,1.16,3.5,689734.55
gmna,MAKE,2022,Actual,P00065682,320.1,Patterns,D3I450500,FTD_OTHER_DIE_PREP_14_PLUS_FSD,PICKUP BOX OTR,3.5,,6,6,DIE-PREP,29228.331,139933.85,229173.89,2.34,1.16,3.5,689734.55
gmna,Make,2022,Actual,P00064482,256.8,Design,D2Y450320,FTD_FENDER_DSGN_8-10_FSD,FENDER OTR,10.5,10.51,6,6,DSGN,17811.648,19141.69,96617.72,1.49,0.49,1.98,390294.49
gmna,MAKE,2022,Actual,P00066276,188,V6,D3D200481,NEW_FTD_OTHER_DD_11-14_FSD,PICKUP BOX OTR,3.5,,3,3,DD,16329.28,,,,,,
gmna,MAKE,2022,Actual,P00066276,117.5,Iteration,D3D200481,NEW_FTD_OTHER_DD_11-14_FSD,PICKUP BOX OTR,3.5,,2,2,DD,10604.925,,,,,,
gmna,MAKE,2022,Actual,P00066276,603.1,Iteration,D3D200481,NEW_FTD_OTHER_DD_11-14_FSD,PICKUP BOX OTR,3.5,,2,2,DD,52069.036,,,,,,
gmna,MAKE,2022,Actual,P00066276,63.9,Iteration,D3D200481,NEW_FTD_OTHER_DD_11-14_FSD,PICKUP BOX OTR,3.5,,2,2,DD,5834.709,,,,,,
gmna,MAKE,2022,Actual,P00066276,118.1,Iteration,D3D200481,NEW_FTD_OTHER_DD_11-14_FSD,PICKUP BOX OTR,3.5,,2,2,DD,10783.711,,,,,,
gmna,MAKE,2022,Actual,P00065653,582.5,Subassembly,D3N300200,FTD_OTHER_DAS_14_PLUS_FSD,PICKUP BOX OTR,3.52,,1,1,DAS,53188.075,140019.71,230380.38,2.35,1.17,3.52,694318.47
gmna,MAKE,2022,Actual,P00066276,17,Iteration,D3D200481,NEW_FTD_OTHER_DD_11-14_FSD,PICKUP BOX OTR,3.5,,2,2,DD,1552.27,,,,,,
gmna,MAKE,2022,Actual,P00065685,997,Total,D3J350400,FTD_OTHER_V2_14_PLUS_FSD,PICKUP BOX OTR,3.5,,1,1,V2,91036.07,139933.85,229173.89,2.34,1.16,3.5,689734.55
gmna,MAKE,2022,Actual,P00065682,595.6,Total,D3I450500,FTD_OTHER_DIE_PREP_14_PLUS_FSD,PICKUP BOX OTR,3.5,,10,10,DIE-PREP,54384.236,139933.85,229173.89,2.34,1.16,3.5,689734.55
gmna,MAKE,2022,Actual,P00065684,495,Total,D2Y450260,FTD_OTHER_DSGN_9-11_FSD,PICKUP BOX OTR,3.5,,6,6,DSGN,34333.2,139933.85,229173.89,2.34,1.16,3.5,689734.55
gmna,MAKE,2022,Actual,P00065681,491,Subassembly,D3N300200,FTD_OTHER_DAS_14_PLUS_FSD,PICKUP BOX OTR,3.5,,1,1,DAS,44833.21,139933.85,229173.89,2.34,1.16,3.5,689734.55
gmna,MAKE,2022,Actual,P00065682,160,Process Planning,D3I450500,FTD_OTHER_DIE_PREP_14_PLUS_FSD,PICKUP BOX OTR,3.5,,1,1,DIE-PREP,14609.6,139933.85,229173.89,2.34,1.16,3.5,689734.55
gmna,MAKE,2022,Actual,P00065685,997,V2,D3J350400,FTD_OTHER_V2_14_PLUS_FSD,PICKUP BOX OTR,3.5,,1,1,V2,91036.07,139933.85,229173.89,2.34,1.16,3.5,689734.55
gmna,MAKE,2022,Actual,P00065657,39.3,Process Planning,D3I450500,FTD_OTHER_DIE_PREP_14_PLUS_FSD,PICKUP BOX OTR,3.52,,1,1,DIE-PREP,3588.483,140019.71,230380.38,2.35,1.17,3.52,694318.47
gmna,MAKE,2022,Actual,P00065657,383.7,Patterns,D3I450500,FTD_OTHER_DIE_PREP_14_PLUS_FSD,PICKUP BOX OTR,3.52,,6,6,DIE-PREP,35035.647,140019.71,230380.38,2.35,1.17,3.52,694318.47
gmna,MAKE,2022,Actual,P00065662,414,Total,D2Y450380,FTD_FENDER_DSGN_14-17_FSD,FENDER OTR,3.34,,6,6,DSGN,28715.04,127301.52,218156.32,2.23,1.11,3.34,658497.06
gmna,MAKE,2022,Actual,P00065660,174.5,Subassembly,D3N300220,FTD_FENDER_DAS_8-10_FSD,FENDER OTR,3.34,,1,1,DAS,15933.595,127301.52,218156.32,2.23,1.11,3.34,658497.06
gmna,MAKE,2022,Actual,P00065661,48,Process Planning,D3I450580,FTD_FENDER_DIE_PREP_14-17_FSD,FENDER OTR,3.34,,1,1,DIE-PREP,4382.88,127301.52,218156.32,2.23,1.11,3.34,658497.06
gmna,MAKE,2022,Actual,P00065661,424,Patterns,D3I450580,FTD_FENDER_DIE_PREP_14-17_FSD,FENDER OTR,3.34,,6,6,DIE-PREP,38715.44,127301.52,218156.32,2.23,1.11,3.34,658497.06
gmna,MAKE,2022,Actual,P00065661,113.4,Foundry,D3I450580,FTD_FENDER_DIE_PREP_14-17_FSD,FENDER OTR,3.34,,3,3,DIE-PREP,10354.554,127301.52,218156.32,2.23,1.11,3.34,658497.06
gmna,MAKE,2022,Actual,P00065661,585.4,Total,D3I450580,FTD_FENDER_DIE_PREP_14-17_FSD,FENDER OTR,3.34,,10,10,DIE-PREP,53452.874,127301.52,218156.32,2.23,1.11,3.34,658497.06
gmna,MAKE,2022,Actual,P00065662,414,Design,D2Y450380,FTD_FENDER_DSGN_14-17_FSD,FENDER OTR,3.34,,6,6,DSGN,28715.04,127301.52,218156.32,2.23,1.11,3.34,658497.06
gmna,Make,2022,Actual,P00066425,846.2,Assembly,D3N300240,FTD_FENDER_DAS_10-12_FSD,FENDER OTR,11.56,,1,1,DAS,77266.522,35036.28,108060.64,1.29,0.55,1.84,363026.52
gmna,Make,2022,Actual,P00065632,1216.9,Assembly,D3N300240,FTD_FENDER_DAS_10-12_FSD,FENDER OTR,11.56,,1,1,DAS,111115.139,123911.97,213891.94,2,1.08,3.08,607654.56
gmna,Make,2022,Actual,P00065616,295.5,Design,D2Y450340,FTD_FENDER_DSGN_10-12_FSD,FENDER OTR,11.56,,6,6,DSGN,20495.88,30038.97,83417.92,1.01,0.42,1.43,282794.76
gmna,Make,2022,Actual,P00065614,302.1,Design,D2Y450340,FTD_FENDER_DSGN_10-12_FSD,FENDER OTR,11.56,,6,6,DSGN,20953.656,,105149.89,1.46,0.53,2,393982.82
gmna,Make,2022,Actual,P00065618,307,Design,D2Y450340,FTD_FENDER_DSGN_10-12_FSD,FENDER OTR,11.56,,6,6,DSGN,21293.52,127199.25,219287.77,2.1,1.11,3.21,633539.96
gmna,MAKE,2022,Actual,P00065660,908.7,Assembly,D3N300220,FTD_FENDER_DAS_8-10_FSD,FENDER OTR,3.34,,1,1,DAS,82973.397,127301.52,218156.32,2.23,1.11,3.34,658497.06
gmna,Make,2022,Actual,P00064483,259.5,Design,D2Y450320,FTD_FENDER_DSGN_8-10_FSD,FENDER OTR,10.5,10.51,6,6,REPLACED,17998.92,69926.93,143482.58,1.48,0.73,2.21,435421.33
gmna,MAKE,2022,Actual,P00065663,1121.7,Total,D3J350480,FTD_FENDER_V2_14-17_FSD,FENDER OTR,3.34,,1,1,V2,102422.427,127301.52,218156.32,2.23,1.11,3.34,658497.06
gmna,MAKE,2022,Actual,P00065663,1121.7,V2,D3J350480,FTD_FENDER_V2_14-17_FSD,FENDER OTR,3.34,,1,1,V2,102422.427,127301.52,218156.32,2.23,1.11,3.34,658497.06
gmna,MAKE,2022,Actual,P00065658,594,Design,D2Y450300,FTD_OTHER_DSGN_14_PLUS_FSD,PICKUP BOX OTR,3.52,,6,6,DSGN,41199.84,140019.71,230380.38,2.35,1.17,3.52,694318.47
gmna,Make,2022,Actual,P00064484,248,Design,D2Y450320,FTD_FENDER_DSGN_8-10_FSD,FENDER OTR,10.5,10.51,6,6,DSGN,17201.28,41291.71,116307.19,1.23,0.59,1.82,358462.57
gmna,Make,2022,Actual,P00064485,245.5,Design,D2Y450320,FTD_FENDER_DSGN_8-10_FSD,FENDER OTR,10.5,10.51,6,6,DSGN,17027.88,73574.73,153488.12,1.82,0.78,2.59,511509.34
gmna,MAKE,2022,Actual,P00065660,1457.3,Total,D3N300220,FTD_FENDER_DAS_8-10_FSD,FENDER OTR,3.34,,4,4,DAS,133095.203,127301.52,218156.32,2.23,1.11,3.34,658497.06
gmna,Make,2022,Actual,P00064500,823.4,Assembly,D3N300220,FTD_FENDER_DAS_8-10_FSD,FENDER OTR,10.5,10.51,1,1,DAS,75184.654,73574.73,153488.12,1.82,0.78,2.59,511509.34
gmna,Make,2022,Actual,P00064497,822,Assembly,D3N300220,FTD_FENDER_DAS_8-10_FSD,FENDER OTR,10.5,10.51,1,1,DAS,75056.82,19141.69,96617.72,1.49,0.49,1.98,390294.49
gmna,Make,2022,Actual,P00064498,767.3,Assembly,D3N300220,FTD_FENDER_DAS_8-10_FSD,FENDER OTR,10.5,10.51,1,1,DAS,70062.163,69926.93,143482.58,1.48,0.73,2.21,435421.33
gmna,Make,2022,Actual,P00064496,506,Assembly,D3N300220,FTD_FENDER_DAS_8-10_FSD,FENDER OTR,10.5,10.51,1,1,DAS,46202.86,25778.67,108954.68,1.35,0.55,1.9,375160.51
gmna,MAKE,2022,Actual,P00066275,508.6,Iteration,D3D200581,NEW_FTD_FENDER_DD_14-17_FSD,FENDER OTR,3.34,,2,2,DD,46440.266,,,,,,
gmna,MAKE,2022,Actual,P00066275,292.9,Iteration,D3D200581,NEW_FTD_FENDER_DD_14-17_FSD,FENDER OTR,3.34,,2,2,DD,26744.699,,,,,,
gmna,Make,2022,Actual,P00065732,309.8,Design,D2Y450340,FTD_FENDER_DSGN_10-12_FSD,FENDER OTR,11.56,,6,6,DSGN,21487.728,35036.28,108060.64,1.29,0.55,1.84,363026.52
gmna,Make,2022,Actual,P00064481,261.4,Design,D2Y450320,FTD_FENDER_DSGN_8-10_FSD,FENDER OTR,10.5,10.51,6,6,DSGN,18130.704,25778.67,108954.68,1.35,0.55,1.9,375160.51
gmna,Make,2022,Actual,P00064499,380.5,Final Machining,D3N300220,FTD_FENDER_DAS_8-10_FSD,FENDER OTR,10.5,10.51,1,1,DAS,34743.455,41291.71,116307.19,1.23,0.59,1.82,358462.57
gmna,Make,2022,Actual,P00064501,356.6,Total,D3M350220,FTD_FENDER_V1_8-10_FSD,FENDER OTR,10.5,10.51,1,1,V1,32561.146,25778.67,108954.68,1.35,0.55,1.9,375160.51
gmna,Make,2022,Actual,P00064503,411.5,Total,D3J350420,FTD_FENDER_V2_8-10_FSD,FENDER OTR,10.5,10.51,1,1,V2,37574.065,69926.93,143482.58,1.48,0.73,2.21,435421.33
gmna,Make,2022,Actual,P00064502,417.7,Total,D3J350420,FTD_FENDER_V2_8-10_FSD,FENDER OTR,10.5,10.51,1,1,V2,38140.187,19141.69,96617.72,1.49,0.49,1.98,390294.49
gmna,Make,2022,Actual,P00064492,472.4,Total,D3I450520,FTD_FENDER_DIE_PREP_8-10_FSD,FENDER OTR,10.5,10.51,10,10,DIE-PREP,43134.844,19141.69,96617.72,1.49,0.49,1.98,390294.49
gmna,Make,2022,Actual,P00064494,499.9,Total,D3I450520,FTD_FENDER_DIE_PREP_8-10_FSD,FENDER OTR,10.5,10.51,10,10,DIE-PREP,46367.036,41291.71,116307.19,1.23,0.59,1.82,358462.57
gmna,Make,2022,Actual,P00064493,550.3,Total,D3I450520,FTD_FENDER_DIE_PREP_8-10_FSD,FENDER OTR,10.5,10.51,10,10,DIE-PREP,50247.893,69926.93,143482.58,1.48,0.73,2.21,435421.33
gmna,Make,2022,Actual,P00064495,682,Total,D3I450520,FTD_FENDER_DIE_PREP_8-10_FSD,FENDER OTR,10.5,10.51,10,10,DIE-PREP,63128.615,73574.73,153488.12,1.82,0.78,2.59,511509.34
gmna,Make,2022,Actual,P00064491,701.8,Total,D3I450520,FTD_FENDER_DIE_PREP_8-10_FSD,FENDER OTR,10.5,10.51,10,10,DIE-PREP,65502.668,25778.67,108954.68,1.35,0.55,1.9,375160.51
gmna,Make,2022,Actual,P00064504,159,V2,D3J350420,FTD_FENDER_V2_8-10_FSD,FENDER OTR,10.5,10.51,1,1,V2,14518.29,41291.71,116307.19,1.23,0.59,1.82,358462.57
gmna,Make,2022,Actual,P00064505,344.4,V2,D3J350420,FTD_FENDER_V2_8-10_FSD,FENDER OTR,10.5,10.51,1,1,V2,31447.164,73574.73,153488.12,1.82,0.78,2.59,511509.34
gmna,Make,2022,Actual,P00064503,411.5,V2,D3J350420,FTD_FENDER_V2_8-10_FSD,FENDER OTR,10.5,10.51,1,1,V2,37574.065,69926.93,143482.58,1.48,0.73,2.21,435421.33
gmna,Make,2022,Actual,P00066426,1305.3,Total,D3N300180,FTD_OTHER_DAS_11-14_FSD,HOOD OTR,10.08,,4,4,DAS,119279.063,,136412.54,1.37,0.69,2.07,407296.21
gmna,Make,2022,Actual,P00064929,5645.5,V6,D3D200521,NEW_FTD_FENDER_DD_8-10_FSD,FENDER OTR,10.5,10.51,3,3,DD,515552.605,,,,,,
gmna,Make,2022,Actual,P00064466,114.8,V6,D3D200521,NEW_FTD_FENDER_DD_8-10_FSD,FENDER OTR,10.5,10.51,3,3,REPLACED,10482.388,,,,,,
gmna,Make,2022,Actual,P00064929,851.8,Iteration,D3D200521,NEW_FTD_FENDER_DD_8-10_FSD,FENDER OTR,10.5,10.51,2,2,DD,77777.858,,,,,,
gmna,Make,2022,Actual,P00064466,28,Iteration,D3D200521,NEW_FTD_FENDER_DD_8-10_FSD,FENDER OTR,10.5,10.51,2,2,REPLACED,2556.68,,,,,,
gmna,Make,2022,Actual,P00064929,2451.2,Iteration,D3D200521,NEW_FTD_FENDER_DD_8-10_FSD,FENDER OTR,10.5,10.51,5,5,DD,223819.072,,,,,,
gmna,Make,2022,Actual,P00064505,344.4,Total,D3J350420,FTD_FENDER_V2_8-10_FSD,FENDER OTR,10.5,10.51,1,1,V2,31447.164,73574.73,153488.12,1.82,0.78,2.59,511509.34
gmna,Make,2022,Actual,P00064466,537.6,Iteration,D3D200521,NEW_FTD_FENDER_DD_8-10_FSD,FENDER OTR,10.5,10.51,5,5,REPLACED,49088.256,,,,,,
gmna,Make,2022,Actual,P00064466,572.8,Iteration,D3D200521,NEW_FTD_FENDER_DD_8-10_FSD,FENDER OTR,10.5,10.51,2,2,REPLACED,52302.368,,,,,,
gmna,Make,2022,Actual,P00064929,2439.7,Iteration,D3D200521,NEW_FTD_FENDER_DD_8-10_FSD,FENDER OTR,10.5,10.51,3,3,DD,222769.007,,,,,,
gmna,Make,2022,Actual,P00064466,2197.1,Iteration,D3D200521,NEW_FTD_FENDER_DD_8-10_FSD,FENDER OTR,10.5,10.51,3,3,REPLACED,200617.201,,,,,,
gmna,Make,2022,Actual,P00064466,590.4,Iteration,D3D200521,NEW_FTD_FENDER_DD_8-10_FSD,FENDER OTR,10.5,10.51,2,2,REPLACED,53909.424,,,,,,
gmna,Make,2022,Actual,P00064929,484.6,Iteration,D3D200521,NEW_FTD_FENDER_DD_8-10_FSD,FENDER OTR,10.5,10.51,2,2,DD,44248.826,,,,,,
gmna,Make,2022,Actual,P00064502,417.7,V2,D3J350420,FTD_FENDER_V2_8-10_FSD,FENDER OTR,10.5,10.51,1,1,V2,38140.187,19141.69,96617.72,1.49,0.49,1.98,390294.49
gmna,Make,2022,Actual,P00064929,838.7,Iteration,D3D200521,NEW_FTD_FENDER_DD_8-10_FSD,FENDER OTR,10.5,10.51,2,2,DD,76581.697,,,,,,
gmna,Make,2022,Actual,P00064481,261.4,Total,D2Y450320,FTD_FENDER_DSGN_8-10_FSD,FENDER OTR,10.5,10.51,6,6,DSGN,18130.704,25778.67,108954.68,1.35,0.55,1.9,375160.51
gmna,Make,2022,Actual,P00064483,259.5,Total,D2Y450320,FTD_FENDER_DSGN_8-10_FSD,FENDER OTR,10.5,10.51,6,6,REPLACED,17998.92,69926.93,143482.58,1.48,0.73,2.21,435421.33
gmna,Make,2022,Actual,P00064482,256.8,Total,D2Y450320,FTD_FENDER_DSGN_8-10_FSD,FENDER OTR,10.5,10.51,6,6,DSGN,17811.648,19141.69,96617.72,1.49,0.49,1.98,390294.49
gmna,Make,2022,Actual,P00064492,295.4,Patterns,D3I450520,FTD_FENDER_DIE_PREP_8-10_FSD,FENDER OTR,10.5,10.51,6,6,DIE-PREP,26972.974,19141.69,96617.72,1.49,0.49,1.98,390294.49
gmna,Make,2022,Actual,P00064498,633.9,Initial Machining,D3N300220,FTD_FENDER_DAS_8-10_FSD,FENDER OTR,10.5,10.51,1,1,DAS,57881.409,69926.93,143482.58,1.48,0.73,2.21,435421.33
gmna,Make,2022,Actual,P00064500,612.4,Initial Machining,D3N300220,FTD_FENDER_DAS_8-10_FSD,FENDER OTR,10.5,10.51,1,1,DAS,55918.244,73574.73,153488.12,1.82,0.78,2.59,511509.34
gmna,Make,2022,Actual,P00064497,479.7,Initial Machining,D3N300220,FTD_FENDER_DAS_8-10_FSD,FENDER OTR,10.5,10.51,1,1,DAS,43801.407,19141.69,96617.72,1.49,0.49,1.98,390294.49
gmna,Make,2022,Actual,P00064494,309.3,Patterns,D3I450520,FTD_FENDER_DIE_PREP_8-10_FSD,FENDER OTR,10.5,10.51,6,6,DIE-PREP,28919.55,41291.71,116307.19,1.23,0.59,1.82,358462.57
gmna,Make,2022,Actual,P00064495,291.5,Foundry,D3I450520,FTD_FENDER_DIE_PREP_8-10_FSD,FENDER OTR,10.5,10.51,3,3,DIE-PREP,26616.865,73574.73,153488.12,1.82,0.78,2.59,511509.34
gmna,Make,2022,Actual,P00064493,189.8,Foundry,D3I450520,FTD_FENDER_DIE_PREP_8-10_FSD,FENDER OTR,10.5,10.51,3,3,DIE-PREP,17330.638,69926.93,143482.58,1.48,0.73,2.21,435421.33
gmna,Make,2022,Actual,P00064494,170.6,Foundry,D3I450520,FTD_FENDER_DIE_PREP_8-10_FSD,FENDER OTR,10.5,10.51,3,3,DIE-PREP,15577.486,41291.71,116307.19,1.23,0.59,1.82,358462.57
gmna,Make,2022,Actual,P00064492,145,Foundry,D3I450520,FTD_FENDER_DIE_PREP_8-10_FSD,FENDER OTR,10.5,10.51,3,3,DIE-PREP,13239.95,19141.69,96617.72,1.49,0.49,1.98,390294.49
gmna,Make,2022,Actual,P00064500,416.9,Final Machining,D3N300220,FTD_FENDER_DAS_8-10_FSD,FENDER OTR,10.5,10.51,1,1,DAS,38067.139,73574.73,153488.12,1.82,0.78,2.59,511509.34
gmna,Make,2022,Actual,P00064496,414,Final Machining,D3N300220,FTD_FENDER_DAS_8-10_FSD,FENDER OTR,10.5,10.51,1,1,DAS,37802.34,25778.67,108954.68,1.35,0.55,1.9,375160.51
gmna,Make,2022,Actual,P00064491,244.1,Foundry,D3I450520,FTD_FENDER_DIE_PREP_8-10_FSD,FENDER OTR,10.5,10.51,3,3,DIE-PREP,22707.718,25778.67,108954.68,1.35,0.55,1.9,375160.51
gmna,Make,2022,Actual,P00064497,319.1,Final Machining,D3N300220,FTD_FENDER_DAS_8-10_FSD,FENDER OTR,10.5,10.51,1,1,DAS,29137.021,19141.69,96617.72,1.49,0.49,1.98,390294.49
gmna,Make,2022,Actual,P00064495,326.5,Patterns,D3I450520,FTD_FENDER_DIE_PREP_8-10_FSD,FENDER OTR,10.5,10.51,6,6,DIE-PREP,30527.75,73574.73,153488.12,1.82,0.78,2.59,511509.34
gmna,Make,2022,Actual,P00064484,248,Total,D2Y450320,FTD_FENDER_DSGN_8-10_FSD,FENDER OTR,10.5,10.51,6,6,DSGN,17201.28,41291.71,116307.19,1.23,0.59,1.82,358462.57
gmna,Make,2022,Actual,P00064485,245.5,Total,D2Y450320,FTD_FENDER_DSGN_8-10_FSD,FENDER OTR,10.5,10.51,6,6,DSGN,17027.88,73574.73,153488.12,1.82,0.78,2.59,511509.34
gmna,Make,2022,Actual,P00064504,159,Total,D3J350420,FTD_FENDER_V2_8-10_FSD,FENDER OTR,10.5,10.51,1,1,V2,14518.29,41291.71,116307.19,1.23,0.59,1.82,358462.57
gmna,Make,2022,Actual,P00064499,438.6,Subassembly,D3N300220,FTD_FENDER_DAS_8-10_FSD,FENDER OTR,10.5,10.51,1,1,DAS,40048.566,41291.71,116307.19,1.23,0.59,1.82,358462.57
gmna,Make,2022,Actual,P00064498,427.8,Subassembly,D3N300220,FTD_FENDER_DAS_8-10_FSD,FENDER OTR,10.5,10.51,1,1,DAS,39062.418,69926.93,143482.58,1.48,0.73,2.21,435421.33
gmna,Make,2022,Actual,P00064493,344.5,Patterns,D3I450520,FTD_FENDER_DIE_PREP_8-10_FSD,FENDER OTR,10.5,10.51,6,6,DIE-PREP,31456.295,69926.93,143482.58,1.48,0.73,2.21,435421.33
gmna,Make,2022,Actual,P00064500,358.1,Subassembly,D3N300220,FTD_FENDER_DAS_8-10_FSD,FENDER OTR,10.5,10.51,1,1,DAS,32698.111,73574.73,153488.12,1.82,0.78,2.59,511509.34
gmna,Make,2022,Actual,P00064496,233.5,Subassembly,D3N300220,FTD_FENDER_DAS_8-10_FSD,FENDER OTR,10.5,10.51,1,1,DAS,21320.885,25778.67,108954.68,1.35,0.55,1.9,375160.51
gmna,Make,2022,Actual,P00064491,75.3,Process Planning,D3I450520,FTD_FENDER_DIE_PREP_8-10_FSD,FENDER OTR,10.5,10.51,1,1,DIE-PREP,7040.55,25778.67,108954.68,1.35,0.55,1.9,375160.51
gmna,Make,2022,Actual,P00064495,64,Process Planning,D3I450520,FTD_FENDER_DIE_PREP_8-10_FSD,FENDER OTR,10.5,10.51,1,1,DIE-PREP,5984,73574.73,153488.12,1.82,0.78,2.59,511509.34
gmna,Make,2022,Actual,P00064492,32,Process Planning,D3I450520,FTD_FENDER_DIE_PREP_8-10_FSD,FENDER OTR,10.5,10.51,1,1,DIE-PREP,2921.92,19141.69,96617.72,1.49,0.49,1.98,390294.49
gmna,Make,2022,Actual,P00064494,20,Process Planning,D3I450520,FTD_FENDER_DIE_PREP_8-10_FSD,FENDER OTR,10.5,10.51,1,1,DIE-PREP,1870,41291.71,116307.19,1.23,0.59,1.82,358462.57
gmna,Make,2022,Actual,P00064493,16,Process Planning,D3I450520,FTD_FENDER_DIE_PREP_8-10_FSD,FENDER OTR,10.5,10.51,1,1,DIE-PREP,1460.96,69926.93,143482.58,1.48,0.73,2.21,435421.33
gmna,Make,2022,Actual,P00064497,318.5,Subassembly,D3N300220,FTD_FENDER_DAS_8-10_FSD,FENDER OTR,10.5,10.51,1,1,DAS,29082.235,19141.69,96617.72,1.49,0.49,1.98,390294.49
gmna,Make,2022,Actual,P00065625,317.1,Design,D2Y450340,FTD_FENDER_DSGN_10-12_FSD,FENDER OTR,11.56,,6,6,DSGN,21994.056,123911.97,213891.94,2,1.08,3.08,607654.56
gmna,Make,2022,Actual,P00065632,400.2,Final Machining,D3N300240,FTD_FENDER_DAS_10-12_FSD,FENDER OTR,11.56,,1,1,DAS,36918.45,123911.97,213891.94,2,1.08,3.08,607654.56
gmna,Make,2022,Actual,P00062449,395,Design,D2Y450240,FTD_OTHER_DSGN_7-9_FSD,HOOD INR,8.16,9.73,6,6,DSGN,27397.2,11545.97,83643.27,1.47,0.42,1.9,373748.6
gmna,Make,2022,Actual,P00062457,396.6,Design,D2Y450240,FTD_OTHER_DSGN_7-9_FSD,HOOD INR,8.16,9.73,6,6,DSGN,27508.176,134133.62,213461.57,1.71,1.08,2.79,550321.81
gmna,Make,2022,Actual,P00062462,448,Design,D2Y450240,FTD_OTHER_DSGN_7-9_FSD,HOOD INR,8.16,9.73,6,6,DSGN,31073.28,57229.43,122831.7,1.19,0.62,1.81,357377.29
gmna,Make,2022,Actual,P00062464,170.7,Final Machining,D3N300140,FTD_OTHER_DAS_7-9_FSD,HOOD INR,8.16,9.73,1,1,DAS,15960.45,12145.49,82518.76,1.24,0.42,1.66,327288.46
gmna,Make,2022,Actual,P00062454,286.1,Final Machining,D3N300140,FTD_OTHER_DAS_7-9_FSD,HOOD INR,8.16,9.73,1,1,DAS,26123.791,134133.62,213461.57,1.71,1.08,2.79,550321.81
gmna,Make,2022,Actual,P00062459,302.9,Final Machining,D3N300140,FTD_OTHER_DAS_7-9_FSD,HOOD INR,8.16,9.73,1,1,DAS,27657.799,57229.43,122831.7,1.19,0.62,1.81,357377.29
gmna,Make,2022,Actual,P00066424,176.5,Final Machining,D3N300240,FTD_FENDER_DAS_10-12_FSD,FENDER OTR,11.56,,1,1,DAS,16272.255,30038.97,83417.92,1.01,0.42,1.43,282794.76
gmna,Make,2022,Actual,P00062467,378.8,Design,D2Y450240,FTD_OTHER_DSGN_7-9_FSD,HOOD INR,8.16,9.73,6,6,DSGN,26273.568,12145.49,82518.76,1.24,0.42,1.66,327288.46
gmna,Make,2022,Actual,P00062460,311.4,Foundry,D3I450440,FTD_OTHER_DIE_PREP_7-9_FSD,HOOD INR,8.16,9.73,3,3,DIE-PREP,28899.09,57229.43,122831.7,1.19,0.62,1.81,357377.29
gmna,Make,2022,Actual,P00062464,175.5,Initial Machining,D3N300140,FTD_OTHER_DAS_7-9_FSD,HOOD INR,8.16,9.73,1,1,DAS,16409.25,12145.49,82518.76,1.24,0.42,1.66,327288.46
gmna,Make,2022,Actual,P00062452,388.6,Initial Machining,D3N300140,FTD_OTHER_DAS_7-9_FSD,HOOD INR,8.16,9.73,1,1,DAS,36334.1,11545.97,83643.27,1.47,0.42,1.9,373748.6
gmna,Make,2022,Actual,P00062459,448.8,Initial Machining,D3N300140,FTD_OTHER_DAS_7-9_FSD,HOOD INR,8.16,9.73,1,1,DAS,41692.554,57229.43,122831.7,1.19,0.62,1.81,357377.29
gmna,Make,2022,Actual,P00062454,488.9,Initial Machining,D3N300140,FTD_OTHER_DAS_7-9_FSD,HOOD INR,8.16,9.73,1,1,DAS,45362.845,134133.62,213461.57,1.71,1.08,2.79,550321.81
gmna,Make,2022,Actual,P00062450,205.1,Patterns,D3I450440,FTD_OTHER_DIE_PREP_7-9_FSD,HOOD INR,8.16,9.73,6,6,DIE-PREP,19176.85,11545.97,83643.27,1.47,0.42,1.9,373748.6
gmna,Make,2022,Actual,P00062465,224.6,Patterns,D3I450440,FTD_OTHER_DIE_PREP_7-9_FSD,HOOD INR,8.16,9.73,6,6,DIE-PREP,21000.1,12145.49,82518.76,1.24,0.42,1.66,327288.46
gmna,Make,2022,Actual,P00062460,227,Patterns,D3I450440,FTD_OTHER_DIE_PREP_7-9_FSD,HOOD INR,8.16,9.73,6,6,DIE-PREP,21224.5,57229.43,122831.7,1.19,0.62,1.81,357377.29
gmna,Make,2022,Actual,P00062455,245.4,Patterns,D3I450440,FTD_OTHER_DIE_PREP_7-9_FSD,HOOD INR,8.16,9.73,6,6,DIE-PREP,22944.9,134133.62,213461.57,1.71,1.08,2.79,550321.81
gmna,Make,2022,Actual,P00062450,26.8,Process Planning,D3I450440,FTD_OTHER_DIE_PREP_7-9_FSD,HOOD INR,8.16,9.73,1,1,DIE-PREP,2505.8,11545.97,83643.27,1.47,0.42,1.9,373748.6
gmna,Make,2022,Actual,P00062455,53.8,Process Planning,D3I450440,FTD_OTHER_DIE_PREP_7-9_FSD,HOOD INR,8.16,9.73,1,1,DIE-PREP,5030.3,134133.62,213461.57,1.71,1.08,2.79,550321.81
gmna,Make,2022,Actual,P00062454,636.6,Assembly,D3N300140,FTD_OTHER_DAS_7-9_FSD,HOOD INR,8.16,9.73,1,1,DAS,58127.946,134133.62,213461.57,1.71,1.08,2.79,550321.81
gmna,Make,2022,Actual,P00062464,253.8,Assembly,D3N300140,FTD_OTHER_DAS_7-9_FSD,HOOD INR,8.16,9.73,1,1,DAS,23730.3,12145.49,82518.76,1.24,0.42,1.66,327288.46
gmna,Make,2022,Actual,P00065630,653.4,Total,D3N300240,FTD_FENDER_DAS_10-12_FSD,FENDER OTR,11.56,,4,4,DAS,59661.954,127199.25,219287.77,2.1,1.11,3.21,633539.96
gmna,Make,2022,Actual,P00065606,750.5,Total,D3M350240,FTD_FENDER_V1_10-12_FSD,FENDER OTR,11.56,,1,1,V1,68528.155,,105149.89,1.46,0.53,2,393982.82
gmna,Make,2022,Actual,P00065626,805.7,Total,D3I450540,FTD_FENDER_DIE_PREP_10-12_FSD,FENDER OTR,11.56,,10,10,DIE-PREP,73568.467,123911.97,213891.94,2,1.08,3.08,607654.56
gmna,Make,2022,Actual,P00065606,750.5,V1,D3M350240,FTD_FENDER_V1_10-12_FSD,FENDER OTR,11.56,,1,1,V1,68528.155,,105149.89,1.46,0.53,2,393982.82
gmna,Make,2022,Actual,P00065633,224.5,V2,D3J350440,FTD_FENDER_V2_10-12_FSD,FENDER OTR,11.56,,1,1,V2,20499.095,127199.25,219287.77,2.1,1.11,3.21,633539.96
gmna,Make,2022,Actual,P00062459,546.6,Assembly,D3N300140,FTD_OTHER_DAS_7-9_FSD,HOOD INR,8.16,9.73,1,1,DAS,49910.046,57229.43,122831.7,1.19,0.62,1.81,357377.29
gmna,Make,2022,Actual,P00065623,456,V2,D3J350440,FTD_FENDER_V2_10-12_FSD,FENDER OTR,11.56,,1,1,V2,41637.36,123911.97,213891.94,2,1.08,3.08,607654.56
gmna,Make,2022,Actual,P00065622,495.2,Iteration,D3D200541,NEW_FTD_FENDER_DD_10-12_FSD,FENDER OTR,11.56,,2,2,DD,45216.712,,,,,,
gmna,Make,2022,Actual,P00065622,2705.6,Iteration,D3D200541,NEW_FTD_FENDER_DD_10-12_FSD,FENDER OTR,11.56,,3,3,DD,247048.336,,,,,,
gmna,Make,2022,Actual,P00065622,152.5,Iteration,D3D200541,NEW_FTD_FENDER_DD_10-12_FSD,FENDER OTR,11.56,,2,2,DD,13924.775,,,,,,
gmna,Make,2022,Actual,P00065622,3122.1,Iteration,D3D200541,NEW_FTD_FENDER_DD_10-12_FSD,FENDER OTR,11.56,,5,5,DD,285078.951,,,,,,
gmna,Make,2022,Actual,P00065622,1148.2,Iteration,D3D200541,NEW_FTD_FENDER_DD_10-12_FSD,FENDER OTR,11.56,,2,2,DD,104842.142,,,,,,
gmna,Make,2022,Actual,P00065622,4602.4,V6,D3D200541,NEW_FTD_FENDER_DD_10-12_FSD,FENDER OTR,11.56,,3,3,DD,420245.144,,,,,,
gmna,Make,2022,Actual,P00066424,533,Assembly,D3N300240,FTD_FENDER_DAS_10-12_FSD,FENDER OTR,11.56,,1,1,DAS,48668.23,30038.97,83417.92,1.01,0.42,1.43,282794.76
gmna,Make,2022,Actual,P00065613,503.9,V2,D3J350440,FTD_FENDER_V2_10-12_FSD,FENDER OTR,11.56,,1,1,V2,46011.109,30038.97,83417.92,1.01,0.42,1.43,282794.76
gmna,Make,2022,Actual,P00065603,567,Total,D3I450540,FTD_FENDER_DIE_PREP_10-12_FSD,FENDER OTR,11.56,,10,10,DIE-PREP,51772.77,,105149.89,1.46,0.53,2,393982.82
gmna,Make,2022,Actual,P00062465,65,Process Planning,D3I450440,FTD_OTHER_DIE_PREP_7-9_FSD,HOOD INR,8.16,9.73,1,1,DIE-PREP,6077.5,12145.49,82518.76,1.24,0.42,1.66,327288.46
gmna,Make,2022,Actual,P00062452,233.5,Subassembly,D3N300140,FTD_OTHER_DAS_7-9_FSD,HOOD INR,8.16,9.73,1,1,DAS,21832.25,11545.97,83643.27,1.47,0.42,1.9,373748.6
gmna,Make,2022,Actual,P00064459,248.9,Iteration,D3D200461,NEW_FTD_OTHER_DD_9-11_FSD,HOOD INR,8.16,9.73,2,2,DD,22939.489,,,,,,
gmna,Make,2022,Actual,P00064148,515.1,Iteration,D3D200461,NEW_FTD_OTHER_DD_9-11_FSD,HOOD INR,8.16,9.73,1,1,REPLACED,47033.781,,,,,,
gmna,Make,2022,Actual,P00064459,1358.6,Iteration,D3D200461,NEW_FTD_OTHER_DD_9-11_FSD,HOOD INR,8.16,9.73,3,3,DD,124053.766,,,,,,
gmna,Make,2022,Actual,P00064459,372.4,Iteration,D3D200461,NEW_FTD_OTHER_DD_9-11_FSD,HOOD INR,8.16,9.73,2,2,DD,34057.718,,,,,,
gmna,Make,2022,Actual,P00064459,855.3,Iteration,D3D200461,NEW_FTD_OTHER_DD_9-11_FSD,HOOD INR,8.16,9.73,5,5,DD,78197.088,,,,,,
gmna,Make,2022,Actual,P00064148,35,V6,D3D200461,NEW_FTD_OTHER_DD_9-11_FSD,HOOD INR,8.16,9.73,3,3,REPLACED,3195.85,,,,,,
gmna,Make,2022,Actual,P00064459,1168.4,V6,D3D200461,NEW_FTD_OTHER_DD_9-11_FSD,HOOD INR,8.16,9.73,3,3,DD,106686.604,,,,,,
gmna,Make,2022,Actual,P00065631,2567.6,V6,D3D200481,NEW_FTD_OTHER_DD_11-14_FSD,HOOD OTR,10.08,,3,3,DD,234447.556,,,,,,
gmna,Make,2022,Actual,P00065631,275.9,Iteration,D3D200481,NEW_FTD_OTHER_DD_11-14_FSD,HOOD OTR,10.08,,2,2,DD,25192.429,,,,,,
gmna,Make,2022,Actual,P00064148,99.5,Iteration,D3D200461,NEW_FTD_OTHER_DD_9-11_FSD,HOOD INR,8.16,9.73,2,2,REPLACED,9085.345,,,,,,
gmna,Make,2022,Actual,P00065631,2558.1,Iteration,D3D200481,NEW_FTD_OTHER_DD_11-14_FSD,HOOD OTR,10.08,,4,4,DD,233580.111,,,,,,
gmna,Make,2022,Actual,P00065631,1693,Iteration,D3D200481,NEW_FTD_OTHER_DD_11-14_FSD,HOOD OTR,10.08,,4,4,DD,154587.83,,,,,,
gmna,Make,2022,Actual,P00065631,881.7,Iteration,D3D200481,NEW_FTD_OTHER_DD_11-14_FSD,HOOD OTR,10.08,,2,2,DD,80508.027,,,,,,
gmna,Make,2022,Actual,P00065697,354.8,V2,D3J350380,FTD_OTHER_V2_11-14_FSD,HOOD OTR,10.08,,1,1,V2,32396.788,,159175.12,1.83,0.81,2.63,519229.52
gmna,Make,2022,Actual,P00065702,347.5,V2,D3J350380,FTD_OTHER_V2_11-14_FSD,HOOD OTR,10.08,,1,1,V2,31730.225,,152485.49,1.66,0.77,2.43,479756.93
gmna,Make,2022,Actual,P00065705,343.4,V2,D3J350380,FTD_OTHER_V2_11-14_FSD,HOOD OTR,10.08,,1,1,V2,31355.854,,136412.54,1.37,0.69,2.07,407296.21
gmna,Make,2022,Actual,P00065639,1354.3,V1,D3M350180,FTD_OTHER_V1_11-14_FSD,HOOD OTR,10.08,,1,1,V1,123661.133,,136730.67,2.25,0.69,2.95,581394.95
gmna,Make,2022,Actual,P00065639,1354.3,Total,D3M350180,FTD_OTHER_V1_11-14_FSD,HOOD OTR,10.08,,1,1,V1,123661.133,,136730.67,2.25,0.69,2.95,581394.95
gmna,Make,2022,Actual,P00065631,471.6,Iteration,D3D200481,NEW_FTD_OTHER_DD_11-14_FSD,HOOD OTR,10.08,,2,2,DD,43061.796,,,,,,
gmna,Make,2022,Actual,P00062460,74,Process Planning,D3I450440,FTD_OTHER_DIE_PREP_7-9_FSD,HOOD INR,8.16,9.73,1,1,DIE-PREP,6919,57229.43,122831.7,1.19,0.62,1.81,357377.29
gmna,Make,2022,Actual,P00062458,503.9,V2,D3J350340,FTD_OTHER_V2_7-9_FSD,HOOD INR,8.16,9.73,1,1,V2,46011.109,134133.62,213461.57,1.71,1.08,2.79,550321.81
gmna,Make,2022,Actual,P00062463,300,V2,D3J350340,FTD_OTHER_V2_7-9_FSD,HOOD INR,8.16,9.73,1,1,V2,27393,57229.43,122831.7,1.19,0.62,1.81,357377.29
gmna,Make,2022,Actual,P00062454,320.9,Subassembly,D3N300140,FTD_OTHER_DAS_7-9_FSD,HOOD INR,8.16,9.73,1,1,DAS,29507.239,134133.62,213461.57,1.71,1.08,2.79,550321.81
gmna,Make,2022,Actual,P00062464,360.1,Subassembly,D3N300140,FTD_OTHER_DAS_7-9_FSD,HOOD INR,8.16,9.73,1,1,DAS,33669.35,12145.49,82518.76,1.24,0.42,1.66,327288.46
gmna,Make,2022,Actual,P00062459,369.1,Subassembly,D3N300140,FTD_OTHER_DAS_7-9_FSD,HOOD INR,8.16,9.73,1,1,DAS,34107.89,57229.43,122831.7,1.19,0.62,1.81,357377.29
gmna,Make,2022,Actual,P00062463,300,Total,D3J350340,FTD_OTHER_V2_7-9_FSD,HOOD INR,8.16,9.73,1,1,V2,27393,57229.43,122831.7,1.19,0.62,1.81,357377.29
gmna,Make,2022,Actual,P00062465,306.1,Total,D3I450440,FTD_OTHER_DIE_PREP_7-9_FSD,HOOD INR,8.16,9.73,10,10,DIE-PREP,28620.35,12145.49,82518.76,1.24,0.42,1.66,327288.46
gmna,Make,2022,Actual,P00062467,378.8,Total,D2Y450240,FTD_OTHER_DSGN_7-9_FSD,HOOD INR,8.16,9.73,6,6,DSGN,26273.568,12145.49,82518.76,1.24,0.42,1.66,327288.46
gmna,Make,2022,Actual,P00062455,387.7,Total,D3I450440,FTD_OTHER_DIE_PREP_7-9_FSD,HOOD INR,8.16,9.73,10,10,DIE-PREP,36056.135,134133.62,213461.57,1.71,1.08,2.79,550321.81
gmna,Make,2022,Actual,P00062449,395,Total,D2Y450240,FTD_OTHER_DSGN_7-9_FSD,HOOD INR,8.16,9.73,6,6,DSGN,27397.2,11545.97,83643.27,1.47,0.42,1.9,373748.6
gmna,Make,2022,Actual,P00062457,396.6,Total,D2Y450240,FTD_OTHER_DSGN_7-9_FSD,HOOD INR,8.16,9.73,6,6,DSGN,27508.176,134133.62,213461.57,1.71,1.08,2.79,550321.81
gmna,Make,2022,Actual,P00062468,463.8,V2,D3J350340,FTD_OTHER_V2_7-9_FSD,HOOD INR,8.16,9.73,1,1,V2,43328.07,12145.49,82518.76,1.24,0.42,1.66,327288.46
gmna,Make,2022,Actual,P00062462,448,Total,D2Y450240,FTD_OTHER_DSGN_7-9_FSD,HOOD INR,8.16,9.73,6,6,DSGN,31073.28,57229.43,122831.7,1.19,0.62,1.81,357377.29
gmna,Make,2022,Actual,P00062458,503.9,Total,D3J350340,FTD_OTHER_V2_7-9_FSD,HOOD INR,8.16,9.73,1,1,V2,46011.109,134133.62,213461.57,1.71,1.08,2.79,550321.81
gmna,Make,2022,Actual,P00062460,612.4,Total,D3I450440,FTD_OTHER_DIE_PREP_7-9_FSD,HOOD INR,8.16,9.73,10,10,DIE-PREP,57042.59,57229.43,122831.7,1.19,0.62,1.81,357377.29
gmna,Make,2022,Actual,P00062450,619.9,Total,D3I450440,FTD_OTHER_DIE_PREP_7-9_FSD,HOOD INR,8.16,9.73,10,10,DIE-PREP,57960.65,11545.97,83643.27,1.47,0.42,1.9,373748.6
gmna,Make,2022,Actual,P00062464,960.1,Total,D3N300140,FTD_OTHER_DAS_7-9_FSD,HOOD INR,8.16,9.73,4,4,DAS,89769.35,12145.49,82518.76,1.24,0.42,1.66,327288.46
gmna,Make,2022,Actual,P00062453,1001.6,Total,D3M350140,FTD_OTHER_V1_7-9_FSD,HOOD INR,8.16,9.73,1,1,V1,93649.6,11545.97,83643.27,1.47,0.42,1.9,373748.6
gmna,Make,2022,Actual,P00062452,1331.4,Total,D3N300140,FTD_OTHER_DAS_7-9_FSD,HOOD INR,8.16,9.73,4,4,DAS,124485.9,11545.97,83643.27,1.47,0.42,1.9,373748.6
gmna,Make,2022,Actual,P00062454,1732.5,Total,D3N300140,FTD_OTHER_DAS_7-9_FSD,HOOD INR,8.16,9.73,4,4,DAS,159121.821,134133.62,213461.57,1.71,1.08,2.79,550321.81
gmna,Make,2022,Actual,P00062453,1001.6,V1,D3M350140,FTD_OTHER_V1_7-9_FSD,HOOD INR,8.16,9.73,1,1,V1,93649.6,11545.97,83643.27,1.47,0.42,1.9,373748.6
gmna,Make,2022,Actual,P00062468,463.8,Total,D3J350340,FTD_OTHER_V2_7-9_FSD,HOOD INR,8.16,9.73,1,1,V2,43328.07,12145.49,82518.76,1.24,0.42,1.66,327288.46
gmna,Make,2022,Actual,P00065734,564.7,Total,D3I450540,FTD_FENDER_DIE_PREP_10-12_FSD,FENDER OTR,11.56,,10,10,DIE-PREP,51562.757,35036.28,108060.64,1.29,0.55,1.84,363026.52
gmna,Make,2022,Actual,P00065615,514.5,Total,D3I450540,FTD_FENDER_DIE_PREP_10-12_FSD,FENDER OTR,11.56,,10,10,DIE-PREP,46978.995,30038.97,83417.92,1.01,0.42,1.43,282794.76
gmna,Make,2022,Actual,P00065603,374.5,Patterns,D3I450540,FTD_FENDER_DIE_PREP_10-12_FSD,FENDER OTR,11.56,,6,6,DIE-PREP,34195.595,,105149.89,1.46,0.53,2,393982.82
gmna,Make,2022,Actual,P00065628,370.9,Patterns,D3I450540,FTD_FENDER_DIE_PREP_10-12_FSD,FENDER OTR,11.56,,6,6,DIE-PREP,33866.879,127199.25,219287.77,2.1,1.11,3.21,633539.96
gmna,Make,2022,Actual,P00065734,324.6,Patterns,D3I450540,FTD_FENDER_DIE_PREP_10-12_FSD,FENDER OTR,11.56,,6,6,DIE-PREP,29639.226,35036.28,108060.64,1.29,0.55,1.84,363026.52
gmna,Make,2022,Actual,P00066424,419.8,Initial Machining,D3N300240,FTD_FENDER_DAS_10-12_FSD,FENDER OTR,11.56,,1,1,DAS,38331.938,30038.97,83417.92,1.01,0.42,1.43,282794.76
gmna,Make,2022,Actual,P00065632,353.3,Initial Machining,D3N300240,FTD_FENDER_DAS_10-12_FSD,FENDER OTR,11.56,,1,1,DAS,32259.823,123911.97,213891.94,2,1.08,3.08,607654.56
gmna,Make,2022,Actual,P00066425,335,Initial Machining,D3N300240,FTD_FENDER_DAS_10-12_FSD,FENDER OTR,11.56,,1,1,DAS,30588.85,35036.28,108060.64,1.29,0.55,1.84,363026.52
gmna,Make,2022,Actual,P00065626,408.7,Patterns,D3I450540,FTD_FENDER_DIE_PREP_10-12_FSD,FENDER OTR,11.56,,6,6,DIE-PREP,37318.397,123911.97,213891.94,2,1.08,3.08,607654.56
gmna,Make,2022,Actual,P00065615,75.6,Foundry,D3I450540,FTD_FENDER_DIE_PREP_10-12_FSD,FENDER OTR,11.56,,3,3,DIE-PREP,6903.036,30038.97,83417.92,1.01,0.42,1.43,282794.76
gmna,Make,2022,Actual,P00065734,76.1,Foundry,D3I450540,FTD_FENDER_DIE_PREP_10-12_FSD,FENDER OTR,11.56,,3,3,DIE-PREP,6948.691,35036.28,108060.64,1.29,0.55,1.84,363026.52
gmna,Make,2022,Actual,P00065603,99,Foundry,D3I450540,FTD_FENDER_DIE_PREP_10-12_FSD,FENDER OTR,11.56,,3,3,DIE-PREP,9039.69,,105149.89,1.46,0.53,2,393982.82
gmna,Make,2022,Actual,P00065626,247.5,Foundry,D3I450540,FTD_FENDER_DIE_PREP_10-12_FSD,FENDER OTR,11.56,,3,3,DIE-PREP,22599.225,123911.97,213891.94,2,1.08,3.08,607654.56
gmna,Make,2022,Actual,P00065628,549.9,Total,D3I450540,FTD_FENDER_DIE_PREP_10-12_FSD,FENDER OTR,11.56,,10,10,DIE-PREP,50211.369,127199.25,219287.77,2.1,1.11,3.21,633539.96
gmna,Make,2022,Actual,P00065602,436.7,Final Machining,D3N300240,FTD_FENDER_DAS_10-12_FSD,FENDER OTR,11.56,,1,1,DAS,40052.925,,105149.89,1.46,0.53,2,393982.82
gmna,Make,2022,Actual,P00065615,56,Process Planning,D3I450540,FTD_FENDER_DIE_PREP_10-12_FSD,FENDER OTR,11.56,,1,1,DIE-PREP,5113.36,30038.97,83417.92,1.01,0.42,1.43,282794.76
gmna,Make,2022,Actual,P00065602,324,Initial Machining,D3N300240,FTD_FENDER_DAS_10-12_FSD,FENDER OTR,11.56,,1,1,DAS,29584.44,,105149.89,1.46,0.53,2,393982.82
gmna,Make,2022,Actual,P00065618,307,Total,D2Y450340,FTD_FENDER_DSGN_10-12_FSD,FENDER OTR,11.56,,6,6,DSGN,21293.52,127199.25,219287.77,2.1,1.11,3.21,633539.96
gmna,Make,2022,Actual,P00065613,503.9,Total,D3J350440,FTD_FENDER_V2_10-12_FSD,FENDER OTR,11.56,,1,1,V2,46011.109,30038.97,83417.92,1.01,0.42,1.43,282794.76
gmna,Make,2022,Actual,P00065625,317.1,Total,D2Y450340,FTD_FENDER_DSGN_10-12_FSD,FENDER OTR,11.56,,6,6,DSGN,21994.056,123911.97,213891.94,2,1.08,3.08,607654.56
gmna,Make,2022,Actual,P00065732,309.8,Total,D2Y450340,FTD_FENDER_DSGN_10-12_FSD,FENDER OTR,11.56,,6,6,DSGN,21487.728,35036.28,108060.64,1.29,0.55,1.84,363026.52
gmna,Make,2022,Actual,P00065614,302.1,Total,D2Y450340,FTD_FENDER_DSGN_10-12_FSD,FENDER OTR,11.56,,6,6,DSGN,20953.656,,105149.89,1.46,0.53,2,393982.82
gmna,Make,2022,Actual,P00065616,295.5,Total,D2Y450340,FTD_FENDER_DSGN_10-12_FSD,FENDER OTR,11.56,,6,6,DSGN,20495.88,30038.97,83417.92,1.01,0.42,1.43,282794.76
gmna,Make,2022,Actual,P00065633,224.5,Total,D3J350440,FTD_FENDER_V2_10-12_FSD,FENDER OTR,11.56,,1,1,V2,20499.095,127199.25,219287.77,2.1,1.11,3.21,633539.96
gmna,Make,2022,Actual,P00065623,456,Total,D3J350440,FTD_FENDER_V2_10-12_FSD,FENDER OTR,11.56,,1,1,V2,41637.36,123911.97,213891.94,2,1.08,3.08,607654.56
gmna,Make,2022,Actual,P00065609,80,Total,D3N300240,FTD_FENDER_DAS_10-12_FSD,FENDER OTR,11.56,,4,4,REPLACED,7304.8,30038.97,83417.92,1.01,0.42,1.43,282794.76
gmna,Make,2022,Actual,P00066425,330.6,Subassembly,D3N300240,FTD_FENDER_DAS_10-12_FSD,FENDER OTR,11.56,,1,1,DAS,30187.086,35036.28,108060.64,1.29,0.55,1.84,363026.52
gmna,Make,2022,Actual,P00065630,290.4,Subassembly,D3N300240,FTD_FENDER_DAS_10-12_FSD,FENDER OTR,11.56,,1,1,DAS,26516.424,127199.25,219287.77,2.1,1.11,3.21,633539.96
gmna,Make,2022,Actual,P00065632,260.4,Subassembly,D3N300240,FTD_FENDER_DAS_10-12_FSD,FENDER OTR,11.56,,1,1,DAS,23777.124,123911.97,213891.94,2,1.08,3.08,607654.56
gmna,Make,2022,Actual,P00066424,207.5,Subassembly,D3N300240,FTD_FENDER_DAS_10-12_FSD,FENDER OTR,11.56,,1,1,DAS,18946.825,30038.97,83417.92,1.01,0.42,1.43,282794.76
gmna,Make,2022,Actual,P00065602,336.5,Subassembly,D3N300240,FTD_FENDER_DAS_10-12_FSD,FENDER OTR,11.56,,1,1,DAS,30725.815,,105149.89,1.46,0.53,2,393982.82
gmna,Make,2022,Actual,P00065626,149.5,Process Planning,D3I450540,FTD_FENDER_DIE_PREP_10-12_FSD,FENDER OTR,11.56,,1,1,DIE-PREP,13650.845,123911.97,213891.94,2,1.08,3.08,607654.56
gmna,Make,2022,Actual,P00065628,92,Process Planning,D3I450540,FTD_FENDER_DIE_PREP_10-12_FSD,FENDER OTR,11.56,,1,1,DIE-PREP,8400.52,127199.25,219287.77,2.1,1.11,3.21,633539.96
gmna,Make,2022,Actual,P00065603,93.5,Process Planning,D3I450540,FTD_FENDER_DIE_PREP_10-12_FSD,FENDER OTR,11.56,,1,1,DIE-PREP,8537.485,,105149.89,1.46,0.53,2,393982.82
gmna,Make,2023,Actual,P00066522,179.4,Subassembly,D3N300160,FTD_OTHER_DAS_9-11_FSD,FENDER OTR,15.09,,1,1,DAS,16381.014,,131450.63,2.23,0.67,2.9,571420.63
gmna,Make,2023,Actual,P00067119,417.7,Subassembly,D3N300260,FTD_FENDER_DAS_12-14_FSD,FENDER OTR,15.09,,1,1,DAS,34903.012,,191410.87,1.64,0.97,2.61,515659.96
gmna,Make,2023,Actual,P00066545,534.9,Total,D2Y450300,FTD_OTHER_DSGN_14_PLUS_FSD,FENDER OTR,15.09,,6,6,DSGN,37100.664,,230786.25,2.06,1.17,3.23,636866.84
gmna,Make,2023,Actual,P00067125,665.2,Subassembly,D3N300260,FTD_FENDER_DAS_12-14_FSD,FENDER OTR,15.09,,1,1,DAS,55584.112,,180505.54,1.92,0.92,2.83,558483.29
gmna,Make,2023,Actual,P00066525,498.4,Total,D2Y450260,FTD_OTHER_DSGN_9-11_FSD,FENDER OTR,15.09,,6,6,DSGN,34569.024,,131450.63,2.23,0.67,2.9,571420.63
gmna,Make,2023,Actual,P00067124,127.5,Total,D3J350460,FTD_FENDER_V2_12-14_FSD,FENDER OTR,15.09,,1,1,V2,10201.275,,191410.87,1.64,0.97,2.61,515659.96
gmna,Make,2023,Actual,P00067123,449,Total,D2Y450360,FTD_FENDER_DSGN_12-14_FSD,FENDER OTR,15.09,,6,6,DSGN,31142.64,,191410.87,1.64,0.97,2.61,515659.96
gmna,Make,2023,Actual,P00066523,491.6,Total,D3I450460,FTD_OTHER_DIE_PREP_9-11_FSD,FENDER OTR,15.09,,9,9,DIE-PREP,44887.996,,131450.63,2.23,0.67,2.9,571420.63
gmna,Make,2023,Actual,P00067120,104,Process Planning,D3I450560,FTD_FENDER_DIE_PREP_12-14_FSD,FENDER OTR,15.09,,1,1,DIE-PREP,8690.24,,191410.87,1.64,0.97,2.61,515659.96
gmna,Make,2023,Actual,P00067127,181.4,Foundry,D3I450560,FTD_FENDER_DIE_PREP_12-14_FSD,FENDER OTR,15.09,,3,3,DIE-PREP,15506.534,,180505.54,1.92,0.92,2.83,558483.29
gmna,Make,2023,Actual,P00066523,40,Process Planning,D3I450460,FTD_OTHER_DIE_PREP_9-11_FSD,FENDER OTR,15.09,,1,1,DIE-PREP,3652.4,,131450.63,2.23,0.67,2.9,571420.63
gmna,Make,2023,Actual,P00066538,29,Process Planning,D3I450500,FTD_OTHER_DIE_PREP_14_PLUS_FSD,FENDER OTR,15.09,,1,1,DIE-PREP,2647.99,,229539.6,2.36,1.16,3.52,694342.92
gmna,Make,2023,Actual,P00067120,445,Patterns,D3I450560,FTD_FENDER_DIE_PREP_12-14_FSD,FENDER OTR,15.09,,6,6,DIE-PREP,37432.2,,191410.87,1.64,0.97,2.61,515659.96
gmna,Make,2023,Actual,P00067127,439.4,Patterns,D3I450560,FTD_FENDER_DIE_PREP_12-14_FSD,FENDER OTR,15.09,,6,6,DIE-PREP,37812.114,,180505.54,1.92,0.92,2.83,558483.29
gmna,Make,2023,Actual,P00066523,165.1,Foundry,D3I450460,FTD_OTHER_DIE_PREP_9-11_FSD,FENDER OTR,15.09,,2,2,DIE-PREP,15075.281,,131450.63,2.23,0.67,2.9,571420.63
gmna,Make,2023,Actual,P00066523,286.5,Patterns,D3I450460,FTD_OTHER_DIE_PREP_9-11_FSD,FENDER OTR,15.09,,6,6,DIE-PREP,26160.315,,131450.63,2.23,0.67,2.9,571420.63
gmna,Make,2023,Actual,P00067119,767.2,Initial Machining,D3N300260,FTD_FENDER_DAS_12-14_FSD,FENDER OTR,15.09,,1,1,DAS,64107.232,,191410.87,1.64,0.97,2.61,515659.96
gmna,Make,2023,Actual,P00067125,653.2,Initial Machining,D3N300260,FTD_FENDER_DAS_12-14_FSD,FENDER OTR,15.09,,1,1,DAS,54581.392,,180505.54,1.92,0.92,2.83,558483.29
gmna,Make,2023,Actual,P00066540,588,Total,D2Y450300,FTD_OTHER_DSGN_14_PLUS_FSD,FENDER OTR,15.09,,6,6,DSGN,40783.68,,229539.6,2.36,1.16,3.52,694342.92
gmna,Make,2023,Actual,P00067120,382.5,Foundry,D3I450560,FTD_FENDER_DIE_PREP_12-14_FSD,FENDER OTR,15.09,,3,3,DIE-PREP,31961.7,,191410.87,1.64,0.97,2.61,515659.96
gmna,Make,2023,Actual,P00067127,82.5,Process Planning,D3I450560,FTD_FENDER_DIE_PREP_12-14_FSD,FENDER OTR,15.09,,1,1,DIE-PREP,7161.075,,180505.54,1.92,0.92,2.83,558483.29
gmna,Make,2023,Actual,P00066535,602.4,Total,D2Y450300,FTD_OTHER_DSGN_14_PLUS_FSD,FENDER OTR,15.09,,6,6,DSGN,41782.464,,180505.54,1.92,0.92,2.83,558483.29
gmna,Make,2023,Actual,P00066547,1722,Iteration,D3D200581,NEW_FTD_FENDER_DD_14-17_FSD,FENDER OTR,15.09,,2,2,DD,141748.25,,,,,,
gmna,Make,2023,Actual,P00067120,931.5,Total,D3I450560,FTD_FENDER_DIE_PREP_12-14_FSD,FENDER OTR,15.09,,10,10,DIE-PREP,78084.14,,191410.87,1.64,0.97,2.61,515659.96
gmna,Make,2023,Actual,P00066827,424.4,Assembly,D3N300160,FTD_OTHER_DAS_9-11_FSD,FENDER OTR,12.5,,1,1,DAS,35462.864,,116705.59,1.27,0.59,1.86,366350.83
gmna,Make,2023,Actual,P00066781,691.1,Assembly,D3N300160,FTD_OTHER_DAS_9-11_FSD,FENDER OTR,12.5,,1,1,DAS,61856.591,,123015.75,1.97,0.62,2.59,511724.18
gmna,Make,2023,Actual,P00066784,472,Design,D2Y450260,FTD_OTHER_DSGN_9-11_FSD,FENDER OTR,12.5,,6,6,DSGN,32737.92,,123015.75,1.97,0.62,2.59,511724.18
gmna,Make,2023,Actual,P00066825,482.5,Design,D2Y450260,FTD_OTHER_DSGN_9-11_FSD,FENDER OTR,12.5,,6,6,DSGN,33466.2,,199193.14,1.87,1.01,2.88,567098.71
gmna,Make,2023,Actual,P00066820,487,Design,D2Y450260,FTD_OTHER_DSGN_9-11_FSD,FENDER OTR,12.5,,6,6,DSGN,33778.32,,183450.29,1.83,0.93,2.76,543730.92
gmna,Make,2023,Actual,P00066815,491.5,Design,D2Y450260,FTD_OTHER_DSGN_9-11_FSD,FENDER OTR,12.5,,6,6,DSGN,34090.44,,157066.22,1.61,0.8,2.41,475216.44
gmna,Make,2023,Actual,P00066830,497.7,Design,D2Y450260,FTD_OTHER_DSGN_9-11_FSD,FENDER OTR,12.5,,6,6,DSGN,34520.472,,116705.59,1.27,0.59,1.86,366350.83
gmna,Make,2023,Actual,P00066781,432.2,Final Machining,D3N300160,FTD_OTHER_DAS_9-11_FSD,FENDER OTR,12.5,,1,1,DAS,39870.45,,123015.75,1.97,0.62,2.59,511724.18
gmna,Make,2023,Actual,P00066828,124,Foundry,D3I450460,FTD_OTHER_DIE_PREP_9-11_FSD,FENDER OTR,12.5,,3,3,DIE-PREP,10578.44,,116705.59,1.27,0.59,1.86,366350.83
gmna,Make,2023,Actual,P00066782,158.4,Foundry,D3I450460,FTD_OTHER_DIE_PREP_9-11_FSD,FENDER OTR,12.5,,2,2,DIE-PREP,14463.504,,123015.75,1.97,0.62,2.59,511724.18
gmna,Make,2023,Actual,P00066812,246.1,Foundry,D3I450460,FTD_OTHER_DIE_PREP_9-11_FSD,FENDER OTR,12.5,,3,3,DIE-PREP,22331.891,,157066.22,1.61,0.8,2.41,475216.44
gmna,Make,2023,Actual,P00066810,597,Initial Machining,D3N300160,FTD_OTHER_DAS_9-11_FSD,FENDER OTR,12.5,,1,1,DAS,54512.07,,157066.22,1.61,0.8,2.41,475216.44
gmna,Make,2023,Actual,P00066827,283.4,Final Machining,D3N300160,FTD_OTHER_DAS_9-11_FSD,FENDER OTR,12.5,,1,1,DAS,23680.904,,116705.59,1.27,0.59,1.86,366350.83
gmna,Make,2023,Actual,P00066547,16,V6,D3D200581,NEW_FTD_FENDER_DD_14-17_FSD,FENDER OTR,15.09,,3,3,DD,1280.16,,,,,,
gmna,Make,2023,Actual,P00066547,1061.1,Iteration,D3D200581,NEW_FTD_FENDER_DD_14-17_FSD,FENDER OTR,15.09,,2,2,DD,86362.986,,,,,,
gmna,Make,2023,Actual,P00066547,3639.2,Iteration,D3D200581,NEW_FTD_FENDER_DD_14-17_FSD,FENDER OTR,15.09,,5,5,DD,291172.392,,,,,,
gmna,Make,2023,Actual,P00066546,1105.8,Total,D3J350400,FTD_OTHER_V2_14_PLUS_FSD,FENDER OTR,15.09,,1,1,V2,92400.648,,230786.25,2.06,1.17,3.23,636866.84
gmna,Make,2023,Actual,P00066541,1354.8,Total,D3J350400,FTD_OTHER_V2_14_PLUS_FSD,FENDER OTR,15.09,,1,1,V2,113207.088,,229539.6,2.36,1.16,3.52,694342.92
gmna,Make,2023,Actual,P00067119,1832.7,Total,D3N300260,FTD_FENDER_DAS_12-14_FSD,FENDER OTR,15.09,,4,4,DAS,153140.412,,191410.87,1.64,0.97,2.61,515659.96
gmna,Make,2023,Actual,P00067126,2007,Total,D3J350460,FTD_FENDER_V2_12-14_FSD,FENDER OTR,15.09,,1,1,V2,167704.92,,180505.54,1.92,0.92,2.83,558483.29
gmna,Make,2023,Actual,P00066522,2065.9,Total,D3N300160,FTD_OTHER_DAS_9-11_FSD,FENDER OTR,15.09,,4,4,DAS,188940.573,,131450.63,2.23,0.67,2.9,571420.63
gmna,Make,2023,Actual,P00066546,1105.8,V2,D3J350400,FTD_OTHER_V2_14_PLUS_FSD,FENDER OTR,15.09,,1,1,V2,92400.648,,230786.25,2.06,1.17,3.23,636866.84
gmna,Make,2023,Actual,P00066541,1354.8,V2,D3J350400,FTD_OTHER_V2_14_PLUS_FSD,FENDER OTR,15.09,,1,1,V2,113207.088,,229539.6,2.36,1.16,3.52,694342.92
gmna,Make,2023,Actual,P00066547,678.5,Iteration,D3D200581,NEW_FTD_FENDER_DD_14-17_FSD,FENDER OTR,15.09,,2,2,DD,56114.68,,,,,,
gmna,Make,2023,Actual,P00066547,7520.8,Iteration,D3D200581,NEW_FTD_FENDER_DD_14-17_FSD,FENDER OTR,15.09,,3,3,DD,609883.263,,,,,,
gmna,Make,2023,Actual,P00067127,703.3,Total,D3I450560,FTD_FENDER_DIE_PREP_12-14_FSD,FENDER OTR,15.09,,10,10,DIE-PREP,60479.723,,180505.54,1.92,0.92,2.83,558483.29
gmna,Make,2023,Actual,P00067119,365.1,Final Machining,D3N300260,FTD_FENDER_DAS_12-14_FSD,FENDER OTR,15.09,,1,1,DAS,30507.756,,191410.87,1.64,0.97,2.61,515659.96
gmna,Make,2023,Actual,P00066535,602.4,Design,D2Y450300,FTD_OTHER_DSGN_14_PLUS_FSD,FENDER OTR,15.09,,6,6,DSGN,41782.464,,180505.54,1.92,0.92,2.83,558483.29
gmna,Make,2023,Actual,P00066451,40,Process Planning,D3I450460,FTD_OTHER_DIE_PREP_9-11_FSD,ROOF,3.81,,1,1,DIE-PREP,3528.4,,48140.16,0.51,0.24,0.75,148860.8
gmna,Make,2023,Actual,P00066450,126.2,Foundry,D3I450460,FTD_OTHER_DIE_PREP_9-11_FSD,ROOF,3.81,,3,3,DIE-PREP,10895.572,,50159.87,0.56,0.25,0.82,160748.73
gmna,Make,2023,Actual,P00066449,96,Foundry,D3I450460,FTD_OTHER_DIE_PREP_9-11_FSD,ROOF,3.81,,2,2,DIE-PREP,8765.76,,100177.4,0.84,0.51,1.35,266067.06
gmna,Make,2023,Actual,P00066451,39,Foundry,D3I450460,FTD_OTHER_DIE_PREP_9-11_FSD,ROOF,3.81,,3,3,DIE-PREP,3545.59,,48140.16,0.51,0.24,0.75,148860.8
gmna,Make,2023,Actual,P00068987,195.5,Final Machining,D3N300100,FTD_OTHER_DAS_3-5_FSD,ROOF,3.81,,1,1,DAS,16335.98,,50159.87,0.56,0.25,0.82,160748.73
gmna,Make,2023,Actual,P00066427,166.5,Final Machining,D3N300160,FTD_OTHER_DAS_9-11_FSD,ROOF,3.81,,1,1,DAS,15359.625,,100177.4,0.84,0.51,1.35,266067.06
gmna,Make,2023,Actual,P00068988,136,Final Machining,D3N300100,FTD_OTHER_DAS_3-5_FSD,ROOF,3.81,,1,1,DAS,11364.16,,48140.16,0.51,0.24,0.75,148860.8
gmna,Make,2023,Actual,P00066453,351.5,Design,D2Y450260,FTD_OTHER_DSGN_9-11_FSD,ROOF,3.81,,6,6,DSGN,24380.04,,100177.4,0.84,0.51,1.35,266067.06
gmna,Make,2023,Actual,P00066427,348.7,Assembly,D3N300160,FTD_OTHER_DAS_9-11_FSD,ROOF,3.81,,1,1,DAS,31777.797,,100177.4,0.84,0.51,1.35,266067.06
gmna,Make,2023,Actual,P00066442,290.6,Assembly,D3N300160,FTD_OTHER_DAS_9-11_FSD,ROOF,3.81,,1,1,DAS,25514.786,,60529.48,0.59,0.31,0.89,176069.75
gmna,Make,2023,Actual,P00068987,126.9,Assembly,D3N300100,FTD_OTHER_DAS_3-5_FSD,ROOF,3.81,,1,1,DAS,10603.764,,50159.87,0.56,0.25,0.82,160748.73
gmna,Make,2023,Actual,P00068950,283.3,Iteration,D3D200401,NEW_FTD_OTHER_DD_3-5_FSD,ROOF,3.81,,2,2,DD,23672.548,,,,,,
gmna,Make,2023,Actual,P00068950,194,Iteration,D3D200401,NEW_FTD_OTHER_DD_3-5_FSD,ROOF,3.81,,3,3,DD,16210.64,,,,,,
gmna,Make,2023,Actual,P00068950,78.5,Iteration,D3D200401,NEW_FTD_OTHER_DD_3-5_FSD,ROOF,3.81,,2,2,DD,6559.46,,,,,,
gmna,Make,2023,Actual,P00066449,52.5,Process Planning,D3I450460,FTD_OTHER_DIE_PREP_9-11_FSD,ROOF,3.81,,1,1,DIE-PREP,4793.775,,100177.4,0.84,0.51,1.35,266067.06
gmna,Make,2023,Actual,P00066522,322.6,Final Machining,D3N300160,FTD_OTHER_DAS_9-11_FSD,FENDER OTR,15.09,,1,1,DAS,29759.85,,131450.63,2.23,0.67,2.9,571420.63
gmna,Make,2023,Actual,P00066540,588,Design,D2Y450300,FTD_OTHER_DSGN_14_PLUS_FSD,FENDER OTR,15.09,,6,6,DSGN,40783.68,,229539.6,2.36,1.16,3.52,694342.92
gmna,Make,2023,Actual,P00066545,534.9,Design,D2Y450300,FTD_OTHER_DSGN_14_PLUS_FSD,FENDER OTR,15.09,,6,6,DSGN,37100.664,,230786.25,2.06,1.17,3.23,636866.84
gmna,Make,2023,Actual,P00066525,498.4,Design,D2Y450260,FTD_OTHER_DSGN_9-11_FSD,FENDER OTR,15.09,,6,6,DSGN,34569.024,,131450.63,2.23,0.67,2.9,571420.63
gmna,Make,2023,Actual,P00067123,449,Design,D2Y450360,FTD_FENDER_DSGN_12-14_FSD,FENDER OTR,15.09,,6,6,DSGN,31142.64,,191410.87,1.64,0.97,2.61,515659.96
gmna,Make,2023,Actual,P00067125,764.4,Assembly,D3N300260,FTD_FENDER_DAS_12-14_FSD,FENDER OTR,15.09,,1,1,DAS,63873.264,,180505.54,1.92,0.92,2.83,558483.29
gmna,Make,2023,Actual,P00066522,603.2,Assembly,D3N300160,FTD_OTHER_DAS_9-11_FSD,FENDER OTR,15.09,,1,1,DAS,55078.192,,131450.63,2.23,0.67,2.9,571420.63
gmna,Make,2023,Actual,P00068951,451.6,V2,D3J350300,FTD_OTHER_V2_3-5_FSD,ROOF,3.81,,1,1,V2,37735.696,,50159.87,0.56,0.25,0.82,160748.73
gmna,Make,2023,Actual,P00068953,413.8,V2,D3J350300,FTD_OTHER_V2_3-5_FSD,ROOF,3.81,,1,1,V2,34577.128,,60529.48,0.59,0.31,0.89,176069.75
gmna,Make,2023,Actual,P00068952,160.5,V2,D3J350300,FTD_OTHER_V2_3-5_FSD,ROOF,3.81,,1,1,V2,13411.38,,48140.16,0.51,0.24,0.75,148860.8
gmna,Make,2023,Actual,P00069000,984.1,V1,D3M350100,FTD_OTHER_V1_3-5_FSD,ROOF,3.81,,1,1,V1,82231.396,,100177.4,0.84,0.51,1.35,266067.06
gmna,Make,2023,Actual,P00066452,521,Total,D3I450460,FTD_OTHER_DIE_PREP_9-11_FSD,ROOF,3.81,,10,10,DIE-PREP,47572.51,,60529.48,0.59,0.31,0.89,176069.75
gmna,Make,2023,Actual,P00066456,494.6,Total,D2Y450260,FTD_OTHER_DSGN_9-11_FSD,ROOF,3.81,,6,6,DSGN,34305.456,,60529.48,0.59,0.31,0.89,176069.75
gmna,Make,2023,Actual,P00066455,483.5,Total,D2Y450260,FTD_OTHER_DSGN_9-11_FSD,ROOF,3.81,,6,6,DSGN,33535.56,,48140.16,0.51,0.24,0.75,148860.8
gmna,Make,2023,Actual,P00066454,474.8,Total,D2Y450260,FTD_OTHER_DSGN_9-11_FSD,ROOF,3.81,,6,6,DSGN,32932.128,,50159.87,0.56,0.25,0.82,160748.73
gmna,Make,2023,Actual,P00066450,458.4,Total,D3I450460,FTD_OTHER_DIE_PREP_9-11_FSD,ROOF,3.81,,10,10,DIE-PREP,41042.754,,50159.87,0.56,0.25,0.82,160748.73
gmna,Make,2023,Actual,P00068951,451.6,Total,D3J350300,FTD_OTHER_V2_3-5_FSD,ROOF,3.81,,1,1,V2,37735.696,,50159.87,0.56,0.25,0.82,160748.73
gmna,Make,2023,Actual,P00066449,420.4,Total,D3I450460,FTD_OTHER_DIE_PREP_9-11_FSD,ROOF,3.81,,9,9,DIE-PREP,38386.724,,100177.4,0.84,0.51,1.35,266067.06
gmna,Make,2023,Actual,P00068953,413.8,Total,D3J350300,FTD_OTHER_V2_3-5_FSD,ROOF,3.81,,1,1,V2,34577.128,,60529.48,0.59,0.31,0.89,176069.75
gmna,Make,2023,Actual,P00066451,353.8,Total,D3I450460,FTD_OTHER_DIE_PREP_9-11_FSD,ROOF,3.81,,10,10,DIE-PREP,32165.978,,48140.16,0.51,0.24,0.75,148860.8
gmna,Make,2023,Actual,P00066453,351.5,Total,D2Y450260,FTD_OTHER_DSGN_9-11_FSD,ROOF,3.81,,6,6,DSGN,24380.04,,100177.4,0.84,0.51,1.35,266067.06
gmna,Make,2023,Actual,P00068952,160.5,Total,D3J350300,FTD_OTHER_V2_3-5_FSD,ROOF,3.81,,1,1,V2,13411.38,,48140.16,0.51,0.24,0.75,148860.8
gmna,Make,2023,Actual,P00068987,185,Subassembly,D3N300100,FTD_OTHER_DAS_3-5_FSD,ROOF,3.81,,1,1,DAS,15458.6,,50159.87,0.56,0.25,0.82,160748.73
gmna,Make,2023,Actual,P00066781,757.3,Initial Machining,D3N300160,FTD_OTHER_DAS_9-11_FSD,FENDER OTR,12.5,,1,1,DAS,69149.063,,123015.75,1.97,0.62,2.59,511724.18
gmna,Make,2023,Actual,P00067867,203.9,Subassembly,D3N300120,FTD_OTHER_DAS_5-7_FSD,REAR FLOOR,5.91,,1,1,DAS,18618.109,,131860.81,1.75,0.67,2.42,477214.71
gmna,Make,2023,Actual,P00066828,282.4,Patterns,D3I450460,FTD_OTHER_DIE_PREP_9-11_FSD,FENDER OTR,12.5,,6,6,DIE-PREP,25785.944,,116705.59,1.27,0.59,1.86,366350.83
gmna,Make,2023,Actual,P00067102,1014.8,Total,D3M350120,FTD_OTHER_V1_5-7_FSD,DASH,5.2,,1,1,V1,91636.063,,78340.22,1.22,0.4,1.62,319682.11
gmna,Make,2023,Actual,P00067102,1014.8,V1,D3M350120,FTD_OTHER_V1_5-7_FSD,DASH,5.2,,1,1,V1,91636.063,,78340.22,1.22,0.4,1.62,319682.11
gmna,Make,2023,Actual,P00067105,150.9,V2,D3J350320,FTD_OTHER_V2_5-7_FSD,DASH,5.2,,1,1,V2,12609.204,,96470.16,0.72,0.49,1.21,238190.91
gmna,Make,2023,Actual,P00067103,212.5,V2,D3J350320,FTD_OTHER_V2_5-7_FSD,DASH,5.2,,1,1,V2,19403.375,,76607.95,0.9,0.39,1.29,254654.96
gmna,Make,2023,Actual,P00067106,619.9,V2,D3J350320,FTD_OTHER_V2_5-7_FSD,DASH,5.2,,1,1,V2,54921.319,,96426.47,0.77,0.49,1.25,247463.46
gmna,Make,2023,Actual,P00067980,108.8,Iteration,D3D200421,NEW_FTD_OTHER_DD_5-7_FSD,DASH,5.2,,2,2,DD,9091.328,,,,,,
gmna,Make,2023,Actual,P00067980,746.4,Iteration,D3D200421,NEW_FTD_OTHER_DD_5-7_FSD,DASH,5.2,,3,3,DD,62369.184,,,,,,
gmna,Make,2023,Actual,P00067980,299.5,Iteration,D3D200421,NEW_FTD_OTHER_DD_5-7_FSD,DASH,5.2,,2,2,DD,25026.22,,,,,,
gmna,Make,2023,Actual,P00067980,276.5,Iteration,D3D200421,NEW_FTD_OTHER_DD_5-7_FSD,DASH,5.2,,5,5,DD,23104.34,,,,,,
gmna,Make,2023,Actual,P00067980,47.9,Iteration,D3D200421,NEW_FTD_OTHER_DD_5-7_FSD,DASH,5.2,,2,2,DD,4002.524,,,,,,
gmna,Make,2023,Actual,P00067980,335.9,V6,D3D200421,NEW_FTD_OTHER_DD_5-7_FSD,DASH,5.2,,3,3,DD,28067.804,,,,,,
gmna,Make,2023,Actual,P00066746,157,Assembly,D3N300160,FTD_OTHER_DAS_9-11_FSD,DASH,4.47,,1,1,DAS,14335.67,10007.34,53668.77,0.5,0.27,0.77,152672.17
gmna,Make,2023,Actual,P00066736,251.3,Assembly,D3N300160,FTD_OTHER_DAS_9-11_FSD,DASH,4.47,,1,1,DAS,22946.203,8634.08,61109.17,0.86,0.31,1.17,231160.77
gmna,Make,2023,Actual,P00066741,364.4,Assembly,D3N300160,FTD_OTHER_DAS_9-11_FSD,DASH,4.47,,1,1,DAS,33273.364,17280.31,62687.83,0.54,0.32,0.86,170121.79
gmna,Make,2023,Actual,P00066731,713.1,Assembly,D3N300160,FTD_OTHER_DAS_9-11_FSD,DASH,4.47,,1,1,DAS,65113.161,13852.99,78258.14,1.27,0.4,1.67,328732.1
gmna,Make,2023,Actual,P00066734,472,Design,D2Y450260,FTD_OTHER_DSGN_9-11_FSD,DASH,4.47,,6,6,DSGN,32737.92,13852.99,78258.14,1.27,0.4,1.67,328732.1
gmna,Make,2023,Actual,P00067106,619.9,Total,D3J350320,FTD_OTHER_V2_5-7_FSD,DASH,5.2,,1,1,V2,54921.319,,96426.47,0.77,0.49,1.25,247463.46
gmna,Make,2023,Actual,P00066379,510.6,Total,D2Y450260,FTD_OTHER_DSGN_9-11_FSD,DASH,5.2,,6,6,DSGN,35415.216,,96470.16,0.72,0.49,1.21,238190.91
gmna,Make,2023,Actual,P00066371,483.4,Total,D3I450460,FTD_OTHER_DIE_PREP_9-11_FSD,DASH,5.2,,10,10,DIE-PREP,44139.254,,96426.47,0.77,0.49,1.25,247463.46
gmna,Make,2023,Actual,P00067091,271.4,Initial Machining,D3N300120,FTD_OTHER_DAS_5-7_FSD,DASH,5.2,,1,1,DAS,24781.534,,78340.22,1.22,0.4,1.62,319682.11
gmna,Make,2023,Actual,P00067079,345.9,Initial Machining,D3N300120,FTD_OTHER_DAS_5-7_FSD,DASH,5.2,,1,1,DAS,31584.129,,96470.16,0.72,0.49,1.21,238190.91
gmna,Make,2023,Actual,P00066366,32,Process Planning,D3I450460,FTD_OTHER_DIE_PREP_9-11_FSD,DASH,5.2,,1,1,DIE-PREP,2921.92,,76607.95,0.9,0.39,1.29,254654.96
gmna,Make,2023,Actual,P00066417,32,Process Planning,D3I450460,FTD_OTHER_DIE_PREP_9-11_FSD,DASH,5.2,,1,1,DIE-PREP,2921.92,,78340.22,1.22,0.4,1.62,319682.11
gmna,Make,2023,Actual,P00066371,37.6,Process Planning,D3I450460,FTD_OTHER_DIE_PREP_9-11_FSD,DASH,5.2,,1,1,DIE-PREP,3433.256,,96426.47,0.77,0.49,1.25,247463.46
gmna,Make,2023,Actual,P00066377,43.6,Process Planning,D3I450460,FTD_OTHER_DIE_PREP_9-11_FSD,DASH,5.2,,1,1,DIE-PREP,3981.116,,96470.16,0.72,0.49,1.21,238190.91
gmna,Make,2023,Actual,P00067092,160.5,Subassembly,D3N300120,FTD_OTHER_DAS_5-7_FSD,DASH,5.2,,1,1,DAS,14655.255,,76607.95,0.9,0.39,1.29,254654.96
gmna,Make,2023,Actual,P00067079,161.4,Subassembly,D3N300120,FTD_OTHER_DAS_5-7_FSD,DASH,5.2,,1,1,DAS,14737.434,,96470.16,0.72,0.49,1.21,238190.91
gmna,Make,2023,Actual,P00067105,150.9,Total,D3J350320,FTD_OTHER_V2_5-7_FSD,DASH,5.2,,1,1,V2,12609.204,,96470.16,0.72,0.49,1.21,238190.91
gmna,Make,2023,Actual,P00067103,212.5,Total,D3J350320,FTD_OTHER_V2_5-7_FSD,DASH,5.2,,1,1,V2,19403.375,,76607.95,0.9,0.39,1.29,254654.96
gmna,Make,2023,Actual,P00066377,435.3,Total,D3I450460,FTD_OTHER_DIE_PREP_9-11_FSD,DASH,5.2,,10,10,DIE-PREP,39747.243,,96470.16,0.72,0.49,1.21,238190.91
gmna,Make,2023,Actual,P00066366,436.9,Total,D3I450460,FTD_OTHER_DIE_PREP_9-11_FSD,DASH,5.2,,10,10,DIE-PREP,39893.339,,76607.95,0.9,0.39,1.29,254654.96
gmna,Make,2023,Actual,P00066367,465.6,Total,D2Y450260,FTD_OTHER_DSGN_9-11_FSD,DASH,5.2,,6,6,DSGN,32294.016,,76607.95,0.9,0.39,1.29,254654.96
gmna,Make,2023,Actual,P00066362,475.2,Total,D2Y450260,FTD_OTHER_DSGN_9-11_FSD,DASH,5.2,,6,6,DSGN,32959.872,,78340.22,1.22,0.4,1.62,319682.11
gmna,Make,2023,Actual,P00066373,479,Total,D2Y450260,FTD_OTHER_DSGN_9-11_FSD,DASH,5.2,,6,6,DSGN,33223.44,,96426.47,0.77,0.49,1.25,247463.46
gmna,Make,2023,Actual,P00066417,480.7,Total,D3I450460,FTD_OTHER_DIE_PREP_9-11_FSD,DASH,5.2,,9,9,DIE-PREP,43892.717,,78340.22,1.22,0.4,1.62,319682.11
gmna,Make,2023,Actual,P00067091,119.9,Subassembly,D3N300120,FTD_OTHER_DAS_5-7_FSD,DASH,5.2,,1,1,DAS,10948.069,,78340.22,1.22,0.4,1.62,319682.11
gmna,Make,2023,Actual,P00066746,97,Final Machining,D3N300160,FTD_OTHER_DAS_9-11_FSD,DASH,4.47,,1,1,DAS,8948.25,10007.34,53668.77,0.5,0.27,0.77,152672.17
gmna,Make,2023,Actual,P00066731,142,Final Machining,D3N300160,FTD_OTHER_DAS_9-11_FSD,DASH,4.47,,1,1,DAS,13099.5,13852.99,78258.14,1.27,0.4,1.67,328732.1
gmna,Make,2023,Actual,P00066736,190.3,Final Machining,D3N300160,FTD_OTHER_DAS_9-11_FSD,DASH,4.47,,1,1,DAS,17555.175,8634.08,61109.17,0.86,0.31,1.17,231160.77
gmna,Make,2023,Actual,P00066746,420.5,Total,D3N300160,FTD_OTHER_DAS_9-11_FSD,DASH,4.47,,4,4,DAS,38487.035,10007.34,53668.77,0.5,0.27,0.77,152672.17
gmna,Make,2023,Actual,P00066747,420.8,Total,D3I450460,FTD_OTHER_DIE_PREP_9-11_FSD,DASH,4.47,,10,10,DIE-PREP,38423.248,10007.34,53668.77,0.5,0.27,0.77,152672.17
gmna,Make,2023,Actual,P00066742,424.8,Total,D3I450460,FTD_OTHER_DIE_PREP_9-11_FSD,DASH,4.47,,10,10,DIE-PREP,38788.488,17280.31,62687.83,0.54,0.32,0.86,170121.79
gmna,Make,2023,Actual,P00066732,452.5,Total,D3I450460,FTD_OTHER_DIE_PREP_9-11_FSD,DASH,4.47,,9,9,DIE-PREP,41317.775,13852.99,78258.14,1.27,0.4,1.67,328732.1
gmna,Make,2023,Actual,P00066734,472,Total,D2Y450260,FTD_OTHER_DSGN_9-11_FSD,DASH,4.47,,6,6,DSGN,32737.92,13852.99,78258.14,1.27,0.4,1.67,328732.1
gmna,Make,2023,Actual,P00066744,474,Total,D2Y450260,FTD_OTHER_DSGN_9-11_FSD,DASH,4.47,,6,6,DSGN,32876.64,17280.31,62687.83,0.54,0.32,0.86,170121.79
gmna,Make,2023,Actual,P00066749,492,Total,D2Y450260,FTD_OTHER_DSGN_9-11_FSD,DASH,4.47,,6,6,DSGN,34125.12,10007.34,53668.77,0.5,0.27,0.77,152672.17
gmna,Make,2023,Actual,P00066739,497,Total,D2Y450260,FTD_OTHER_DSGN_9-11_FSD,DASH,4.47,,6,6,DSGN,34471.92,8634.08,61109.17,0.86,0.31,1.17,231160.77
gmna,Make,2023,Actual,P00066737,384.1,Total,D3I450460,FTD_OTHER_DIE_PREP_9-11_FSD,DASH,4.47,,10,10,DIE-PREP,35072.171,8634.08,61109.17,0.86,0.31,1.17,231160.77
gmna,Make,2023,Actual,P00067556,166.4,V2,D3J350300,FTD_OTHER_V2_3-5_FSD,DASH,4.47,,1,1,V2,15193.984,17280.31,62687.83,0.54,0.32,0.86,170121.79
gmna,Make,2023,Actual,P00067555,182.2,V2,D3J350300,FTD_OTHER_V2_3-5_FSD,DASH,4.47,,1,1,V2,16636.682,8634.08,61109.17,0.86,0.31,1.17,231160.77
gmna,Make,2023,Actual,P00067557,302.2,V2,D3J350360,FTD_OTHER_V2_9-11_FSD,DASH,4.47,,1,1,V2,27593.882,10007.34,53668.77,0.5,0.27,0.77,152672.17
gmna,Make,2023,Actual,P00067696,84.1,Iteration,D3D200401,NEW_FTD_OTHER_DD_3-5_FSD,DASH,4.47,,2,2,DD,7679.171,,,,,,
gmna,Make,2023,Actual,P00067696,163.5,Iteration,D3D200401,NEW_FTD_OTHER_DD_3-5_FSD,DASH,4.47,,3,3,DD,14929.185,,,,,,
gmna,Make,2023,Actual,P00067696,77,Iteration,D3D200401,NEW_FTD_OTHER_DD_3-5_FSD,DASH,4.47,,5,5,DD,7030.87,,,,,,
gmna,Make,2023,Actual,P00067696,325,V6,D3D200401,NEW_FTD_OTHER_DD_3-5_FSD,DASH,4.47,,3,3,DD,29675.75,,,,,,
gmna,Make,2023,Actual,P00067107,201.5,Iteration,D3D200421,NEW_FTD_OTHER_DD_5-7_FSD,ROOF,6.84,,2,2,DD,16837.34,,,,,,
gmna,Make,2023,Actual,P00067107,510,Iteration,D3D200421,NEW_FTD_OTHER_DD_5-7_FSD,ROOF,6.84,,3,3,DD,42615.6,,,,,,
gmna,Make,2023,Actual,P00067107,293.1,Iteration,D3D200421,NEW_FTD_OTHER_DD_5-7_FSD,ROOF,6.84,,2,2,DD,24491.436,,,,,,
gmna,Make,2023,Actual,P00067093,222,Initial Machining,D3N300120,FTD_OTHER_DAS_5-7_FSD,DASH,5.2,,1,1,DAS,20270.82,,96426.47,0.77,0.49,1.25,247463.46
gmna,Make,2023,Actual,P00067557,302.2,Total,D3J350360,FTD_OTHER_V2_9-11_FSD,DASH,4.47,,1,1,V2,27593.882,10007.34,53668.77,0.5,0.27,0.77,152672.17
gmna,Make,2023,Actual,P00067556,166.4,Total,D3J350300,FTD_OTHER_V2_3-5_FSD,DASH,4.47,,1,1,V2,15193.984,17280.31,62687.83,0.54,0.32,0.86,170121.79
gmna,Make,2023,Actual,P00066741,207.4,Final Machining,D3N300160,FTD_OTHER_DAS_9-11_FSD,DASH,4.47,,1,1,DAS,19132.65,17280.31,62687.83,0.54,0.32,0.86,170121.79
gmna,Make,2023,Actual,P00066782,277,Patterns,D3I450460,FTD_OTHER_DIE_PREP_9-11_FSD,FENDER OTR,12.5,,6,6,DIE-PREP,25292.87,,123015.75,1.97,0.62,2.59,511724.18
gmna,Make,2023,Actual,P00066732,105.9,Foundry,D3I450460,FTD_OTHER_DIE_PREP_9-11_FSD,DASH,4.47,,2,2,DIE-PREP,9669.729,13852.99,78258.14,1.27,0.4,1.67,328732.1
gmna,Make,2023,Actual,P00066742,115.1,Foundry,D3I450460,FTD_OTHER_DIE_PREP_9-11_FSD,DASH,4.47,,3,3,DIE-PREP,10509.781,17280.31,62687.83,0.54,0.32,0.86,170121.79
gmna,Make,2023,Actual,P00066747,122,Foundry,D3I450460,FTD_OTHER_DIE_PREP_9-11_FSD,DASH,4.47,,3,3,DIE-PREP,11139.82,10007.34,53668.77,0.5,0.27,0.77,152672.17
gmna,Make,2023,Actual,P00066746,154,Initial Machining,D3N300160,FTD_OTHER_DAS_9-11_FSD,DASH,4.47,,1,1,DAS,14061.74,10007.34,53668.77,0.5,0.27,0.77,152672.17
gmna,Make,2023,Actual,P00066741,167.3,Initial Machining,D3N300160,FTD_OTHER_DAS_9-11_FSD,DASH,4.47,,1,1,DAS,15276.163,17280.31,62687.83,0.54,0.32,0.86,170121.79
gmna,Make,2023,Actual,P00066736,277.2,Initial Machining,D3N300160,FTD_OTHER_DAS_9-11_FSD,DASH,4.47,,1,1,DAS,25311.132,8634.08,61109.17,0.86,0.31,1.17,231160.77
gmna,Make,2023,Actual,P00066731,403,Initial Machining,D3N300160,FTD_OTHER_DAS_9-11_FSD,DASH,4.47,,1,1,DAS,36797.93,13852.99,78258.14,1.27,0.4,1.67,328732.1
gmna,Make,2023,Actual,P00067555,182.2,Total,D3J350300,FTD_OTHER_V2_3-5_FSD,DASH,4.47,,1,1,V2,16636.682,8634.08,61109.17,0.86,0.31,1.17,231160.77
gmna,Make,2023,Actual,P00066732,314.6,Patterns,D3I450460,FTD_OTHER_DIE_PREP_9-11_FSD,DASH,4.47,,6,6,DIE-PREP,28726.126,13852.99,78258.14,1.27,0.4,1.67,328732.1
gmna,Make,2023,Actual,P00066737,23.6,Process Planning,D3I450460,FTD_OTHER_DIE_PREP_9-11_FSD,DASH,4.47,,1,1,DIE-PREP,2154.916,8634.08,61109.17,0.86,0.31,1.17,231160.77
gmna,Make,2023,Actual,P00066747,24,Process Planning,D3I450460,FTD_OTHER_DIE_PREP_9-11_FSD,DASH,4.47,,1,1,DIE-PREP,2191.44,10007.34,53668.77,0.5,0.27,0.77,152672.17
gmna,Make,2023,Actual,P00066732,32,Process Planning,D3I450460,FTD_OTHER_DIE_PREP_9-11_FSD,DASH,4.47,,1,1,DIE-PREP,2921.92,13852.99,78258.14,1.27,0.4,1.67,328732.1
gmna,Make,2023,Actual,P00066742,32,Process Planning,D3I450460,FTD_OTHER_DIE_PREP_9-11_FSD,DASH,4.47,,1,1,DIE-PREP,2921.92,17280.31,62687.83,0.54,0.32,0.86,170121.79
gmna,Make,2023,Actual,P00066736,140.9,Subassembly,D3N300160,FTD_OTHER_DAS_9-11_FSD,DASH,4.47,,1,1,DAS,12865.579,8634.08,61109.17,0.86,0.31,1.17,231160.77
gmna,Make,2023,Actual,P00066741,163.9,Subassembly,D3N300160,FTD_OTHER_DAS_9-11_FSD,DASH,4.47,,1,1,DAS,14965.709,17280.31,62687.83,0.54,0.32,0.86,170121.79
gmna,Make,2023,Actual,P00067554,154.5,Total,D3M350100,FTD_OTHER_V1_3-5_FSD,DASH,4.47,,1,1,V1,14107.395,13852.99,78258.14,1.27,0.4,1.67,328732.1
gmna,Make,2023,Actual,P00066371,171.5,Foundry,D3I450460,FTD_OTHER_DIE_PREP_9-11_FSD,DASH,5.2,,3,3,DIE-PREP,15659.665,,96426.47,0.77,0.49,1.25,247463.46
gmna,Make,2023,Actual,P00066737,83.6,Foundry,D3I450460,FTD_OTHER_DIE_PREP_9-11_FSD,DASH,4.47,,3,3,DIE-PREP,7633.516,8634.08,61109.17,0.86,0.31,1.17,231160.77
gmna,Make,2023,Actual,P00066366,118,Foundry,D3I450460,FTD_OTHER_DIE_PREP_9-11_FSD,DASH,5.2,,3,3,DIE-PREP,10774.58,,76607.95,0.9,0.39,1.29,254654.96
gmna,Make,2023,Actual,P00067936,279.9,V2,D3J350320,FTD_OTHER_V2_5-7_FSD,REAR FLOOR,5.91,,1,1,V2,23388.444,,77736.95,0.8,0.39,1.19,234536.03
gmna,Make,2023,Actual,P00067938,216,V2,D3J350320,FTD_OTHER_V2_5-7_FSD,REAR FLOOR,5.91,,1,1,V2,18048.96,,84048.93,0.71,0.43,1.14,224345.91
gmna,Make,2023,Actual,P00067871,761.4,Total,D3N300120,FTD_OTHER_DAS_5-7_FSD,REAR FLOOR,5.91,,4,4,DAS,67540.209,,86711.68,0.72,0.44,1.16,227841.92
gmna,Make,2023,Actual,P00067872,698.8,Total,D3N300120,FTD_OTHER_DAS_5-7_FSD,REAR FLOOR,5.91,,4,4,DAS,61448.328,,84048.93,0.71,0.43,1.14,224345.91
gmna,Make,2023,Actual,P00067935,557.5,Total,D3M350120,FTD_OTHER_V1_5-7_FSD,REAR FLOOR,5.91,,1,1,V1,46584.7,,131860.81,1.75,0.67,2.42,477214.71
gmna,Make,2023,Actual,P00066767,516,Total,D2Y450260,FTD_OTHER_DSGN_9-11_FSD,REAR FLOOR,5.91,,6,6,DSGN,35789.76,,86711.68,0.72,0.44,1.16,227841.92
gmna,Make,2023,Actual,P00066754,504,Total,D2Y450260,FTD_OTHER_DSGN_9-11_FSD,REAR FLOOR,5.91,,6,6,DSGN,34957.44,,131860.81,1.75,0.67,2.42,477214.71
gmna,Make,2023,Actual,P00066864,482,Total,D2Y450260,FTD_OTHER_DSGN_9-11_FSD,REAR FLOOR,5.91,,6,6,DSGN,33431.52,,77736.95,0.8,0.39,1.19,234536.03
gmna,Make,2023,Actual,P00066773,480.5,Total,D2Y450260,FTD_OTHER_DSGN_9-11_FSD,REAR FLOOR,5.91,,6,6,DSGN,33327.48,,84048.93,0.71,0.43,1.14,224345.91
gmna,Make,2023,Actual,P00066752,439.6,Total,D3I450460,FTD_OTHER_DIE_PREP_9-11_FSD,REAR FLOOR,5.91,,9,9,DIE-PREP,40139.876,,131860.81,1.75,0.67,2.42,477214.71
gmna,Make,2023,Actual,P00066771,420.2,Total,D3I450460,FTD_OTHER_DIE_PREP_9-11_FSD,REAR FLOOR,5.91,,10,10,DIE-PREP,38368.462,,84048.93,0.71,0.43,1.14,224345.91
gmna,Make,2023,Actual,P00066765,374.6,Total,D3I450460,FTD_OTHER_DIE_PREP_9-11_FSD,REAR FLOOR,5.91,,10,10,DIE-PREP,34204.726,,86711.68,0.72,0.44,1.16,227841.92
gmna,Make,2023,Actual,P00066757,372,Total,D3I450460,FTD_OTHER_DIE_PREP_9-11_FSD,REAR FLOOR,5.91,,10,10,DIE-PREP,33967.32,,77736.95,0.8,0.39,1.19,234536.03
gmna,Make,2023,Actual,P00067937,325,Total,D3J350320,FTD_OTHER_V2_5-7_FSD,REAR FLOOR,5.91,,1,1,V2,27157,,86711.68,0.72,0.44,1.16,227841.92
gmna,Make,2023,Actual,P00067936,279.9,Total,D3J350320,FTD_OTHER_V2_5-7_FSD,REAR FLOOR,5.91,,1,1,V2,23388.444,,77736.95,0.8,0.39,1.19,234536.03
gmna,Make,2023,Actual,P00067938,216,Total,D3J350320,FTD_OTHER_V2_5-7_FSD,REAR FLOOR,5.91,,1,1,V2,18048.96,,84048.93,0.71,0.43,1.14,224345.91
gmna,Make,2023,Actual,P00067870,111,Subassembly,D3N300120,FTD_OTHER_DAS_5-7_FSD,REAR FLOOR,5.91,,1,1,DAS,10135.41,,77736.95,0.8,0.39,1.19,234536.03
gmna,Make,2023,Actual,P00067872,53.5,Subassembly,D3N300120,FTD_OTHER_DAS_5-7_FSD,REAR FLOOR,5.91,,1,1,DAS,4885.085,,84048.93,0.71,0.43,1.14,224345.91
gmna,Make,2023,Actual,P00067937,325,V2,D3J350320,FTD_OTHER_V2_5-7_FSD,REAR FLOOR,5.91,,1,1,V2,27157,,86711.68,0.72,0.44,1.16,227841.92
gmna,Make,2023,Actual,P00067868,82.8,Iteration,D3D200421,NEW_FTD_OTHER_DD_5-7_FSD,REAR FLOOR,5.91,,2,2,DD,6918.768,,,,,,
gmna,Make,2023,Actual,P00067868,1699.9,Iteration,D3D200421,NEW_FTD_OTHER_DD_5-7_FSD,REAR FLOOR,5.91,,3,3,DD,142043.644,,,,,,
gmna,Make,2023,Actual,P00067868,1692.1,Iteration,D3D200421,NEW_FTD_OTHER_DD_5-7_FSD,REAR FLOOR,5.91,,2,2,DD,141391.876,,,,,,
gmna,Make,2023,Actual,P00066812,286.7,Patterns,D3I450460,FTD_OTHER_DIE_PREP_9-11_FSD,FENDER OTR,12.5,,6,6,DIE-PREP,26178.577,,157066.22,1.61,0.8,2.41,475216.44
gmna,Make,2023,Actual,P00066823,20.9,Process Planning,D3I450460,FTD_OTHER_DIE_PREP_9-11_FSD,FENDER OTR,12.5,,1,1,DIE-PREP,1908.379,,199193.14,1.87,1.01,2.88,567098.71
gmna,Make,2023,Actual,P00066818,24,Process Planning,D3I450460,FTD_OTHER_DIE_PREP_9-11_FSD,FENDER OTR,12.5,,1,1,DIE-PREP,2191.44,,183450.29,1.83,0.93,2.76,543730.92
gmna,Make,2023,Actual,P00066828,40,Process Planning,D3I450460,FTD_OTHER_DIE_PREP_9-11_FSD,FENDER OTR,12.5,,1,1,DIE-PREP,3652.4,,116705.59,1.27,0.59,1.86,366350.83
gmna,Make,2023,Actual,P00066782,47.3,Process Planning,D3I450460,FTD_OTHER_DIE_PREP_9-11_FSD,FENDER OTR,12.5,,1,1,DIE-PREP,4318.963,,123015.75,1.97,0.62,2.59,511724.18
gmna,Make,2023,Actual,P00066812,78.4,Process Planning,D3I450460,FTD_OTHER_DIE_PREP_9-11_FSD,FENDER OTR,12.5,,1,1,DIE-PREP,7158.704,,157066.22,1.61,0.8,2.41,475216.44
gmna,Make,2023,Actual,P00066781,145.2,Subassembly,D3N300160,FTD_OTHER_DAS_9-11_FSD,FENDER OTR,12.5,,1,1,DAS,13258.212,,123015.75,1.97,0.62,2.59,511724.18
gmna,Make,2023,Actual,P00066827,413.6,Subassembly,D3N300160,FTD_OTHER_DAS_9-11_FSD,FENDER OTR,12.5,,1,1,DAS,34924.666,,116705.59,1.27,0.59,1.86,366350.83
gmna,Make,2023,Actual,P00066810,511.2,Subassembly,D3N300160,FTD_OTHER_DAS_9-11_FSD,FENDER OTR,12.5,,1,1,DAS,46649.772,,157066.22,1.61,0.8,2.41,475216.44
gmna,Make,2023,Actual,P00066771,61,Process Planning,D3I450460,FTD_OTHER_DIE_PREP_9-11_FSD,REAR FLOOR,5.91,,1,1,DIE-PREP,5569.91,,84048.93,0.71,0.43,1.14,224345.91
gmna,Make,2023,Actual,P00066377,120,Foundry,D3I450460,FTD_OTHER_DIE_PREP_9-11_FSD,DASH,5.2,,3,3,DIE-PREP,10957.2,,96470.16,0.72,0.49,1.21,238190.91
gmna,Make,2023,Actual,P00066784,472,Total,D2Y450260,FTD_OTHER_DSGN_9-11_FSD,FENDER OTR,12.5,,6,6,DSGN,32737.92,,123015.75,1.97,0.62,2.59,511724.18
gmna,Make,2023,Actual,P00066825,482.5,Total,D2Y450260,FTD_OTHER_DSGN_9-11_FSD,FENDER OTR,12.5,,6,6,DSGN,33466.2,,199193.14,1.87,1.01,2.88,567098.71
gmna,Make,2023,Actual,P00066782,482.7,Total,D3I450460,FTD_OTHER_DIE_PREP_9-11_FSD,FENDER OTR,12.5,,9,9,DIE-PREP,44075.337,,123015.75,1.97,0.62,2.59,511724.18
gmna,Make,2023,Actual,P00066820,487,Total,D2Y450260,FTD_OTHER_DSGN_9-11_FSD,FENDER OTR,12.5,,6,6,DSGN,33778.32,,183450.29,1.83,0.93,2.76,543730.92
gmna,Make,2023,Actual,P00066815,491.5,Total,D2Y450260,FTD_OTHER_DSGN_9-11_FSD,FENDER OTR,12.5,,6,6,DSGN,34090.44,,157066.22,1.61,0.8,2.41,475216.44
gmna,Make,2023,Actual,P00068942,496.4,Total,D3J350460,FTD_FENDER_V2_12-14_FSD,FENDER OTR,12.5,,1,1,V2,41479.184,,116705.59,1.27,0.59,1.86,366350.83
gmna,Make,2023,Actual,P00066830,497.7,Total,D2Y450260,FTD_OTHER_DSGN_9-11_FSD,FENDER OTR,12.5,,6,6,DSGN,34520.472,,116705.59,1.27,0.59,1.86,366350.83
gmna,Make,2023,Actual,P00068940,562.3,Total,D3J350460,FTD_FENDER_V2_12-14_FSD,FENDER OTR,12.5,,1,1,V2,46985.788,,183450.29,1.83,0.93,2.76,543730.92
gmna,Make,2023,Actual,P00068939,589.2,Total,D3J350460,FTD_FENDER_V2_12-14_FSD,FENDER OTR,12.5,,1,1,V2,49233.552,,157066.22,1.61,0.8,2.41,475216.44
gmna,Make,2023,Actual,P00068941,424,Total,D3J350460,FTD_FENDER_V2_12-14_FSD,FENDER OTR,12.5,,1,1,V2,35429.44,,199193.14,1.87,1.01,2.88,567098.71
gmna,Make,2023,Actual,P00066765,34,Process Planning,D3I450460,FTD_OTHER_DIE_PREP_9-11_FSD,REAR FLOOR,5.91,,1,1,DIE-PREP,3104.54,,86711.68,0.72,0.44,1.16,227841.92
gmna,Make,2023,Actual,P00066828,446.4,Total,D3I450460,FTD_OTHER_DIE_PREP_9-11_FSD,FENDER OTR,12.5,,10,10,DIE-PREP,40016.784,,116705.59,1.27,0.59,1.86,366350.83
gmna,Make,2023,Actual,P00066752,31,Process Planning,D3I450460,FTD_OTHER_DIE_PREP_9-11_FSD,REAR FLOOR,5.91,,1,1,DIE-PREP,2830.61,,131860.81,1.75,0.67,2.42,477214.71
gmna,Make,2023,Actual,P00068858,482.8,Iteration,D3D200541,NEW_FTD_FENDER_DD_10-12_FSD,FENDER OTR,12.5,,5,5,DD,40342.768,,,,,,
gmna,Make,2023,Actual,P00068941,424,V2,D3J350460,FTD_FENDER_V2_12-14_FSD,FENDER OTR,12.5,,1,1,V2,35429.44,,199193.14,1.87,1.01,2.88,567098.71
gmna,Make,2023,Actual,P00068942,496.4,V2,D3J350460,FTD_FENDER_V2_12-14_FSD,FENDER OTR,12.5,,1,1,V2,41479.184,,116705.59,1.27,0.59,1.86,366350.83
gmna,Make,2023,Actual,P00068940,562.3,V2,D3J350460,FTD_FENDER_V2_12-14_FSD,FENDER OTR,12.5,,1,1,V2,46985.788,,183450.29,1.83,0.93,2.76,543730.92
gmna,Make,2023,Actual,P00068939,589.2,V2,D3J350460,FTD_FENDER_V2_12-14_FSD,FENDER OTR,12.5,,1,1,V2,49233.552,,157066.22,1.61,0.8,2.41,475216.44
gmna,Make,2023,Actual,P00068858,126.1,Iteration,D3D200541,NEW_FTD_FENDER_DD_10-12_FSD,FENDER OTR,12.5,,2,2,DD,10536.916,,,,,,
gmna,Make,2023,Actual,P00068858,6784.1,Iteration,D3D200541,NEW_FTD_FENDER_DD_10-12_FSD,FENDER OTR,12.5,,3,3,DD,566879.396,,,,,,
gmna,Make,2023,Actual,P00066757,32,Process Planning,D3I450460,FTD_OTHER_DIE_PREP_9-11_FSD,REAR FLOOR,5.91,,1,1,DIE-PREP,2921.92,,77736.95,0.8,0.39,1.19,234536.03
gmna,Make,2023,Actual,P00066417,100,Foundry,D3I450460,FTD_OTHER_DIE_PREP_9-11_FSD,DASH,5.2,,2,2,DIE-PREP,9131,,78340.22,1.22,0.4,1.62,319682.11
gmna,Make,2023,Actual,P00067091,209.9,Final Machining,D3N300120,FTD_OTHER_DAS_5-7_FSD,DASH,5.2,,1,1,DAS,19363.275,,78340.22,1.22,0.4,1.62,319682.11
gmna,Make,2023,Actual,P00067079,208.8,Final Machining,D3N300120,FTD_OTHER_DAS_5-7_FSD,DASH,5.2,,1,1,DAS,19261.8,,96470.16,0.72,0.49,1.21,238190.91
gmna,Make,2023,Actual,P00067092,154.4,Final Machining,D3N300120,FTD_OTHER_DAS_5-7_FSD,DASH,5.2,,1,1,DAS,14243.4,,76607.95,0.9,0.39,1.29,254654.96
gmna,Make,2023,Actual,P00066362,475.2,Design,D2Y450260,FTD_OTHER_DSGN_9-11_FSD,DASH,5.2,,6,6,DSGN,32959.872,,78340.22,1.22,0.4,1.62,319682.11
gmna,Make,2023,Actual,P00067079,506.8,Assembly,D3N300120,FTD_OTHER_DAS_5-7_FSD,DASH,5.2,,1,1,DAS,46275.908,,96470.16,0.72,0.49,1.21,238190.91
gmna,Make,2023,Actual,P00067093,421.7,Assembly,D3N300120,FTD_OTHER_DAS_5-7_FSD,DASH,5.2,,1,1,DAS,38505.427,,96426.47,0.77,0.49,1.25,247463.46
gmna,Make,2023,Actual,P00068858,1681.9,Iteration,D3D200541,NEW_FTD_FENDER_DD_10-12_FSD,FENDER OTR,12.5,,2,2,DD,140539.564,,,,,,
gmna,Make,2023,Actual,P00068938,1216.6,V1,D3M350260,FTD_FENDER_V1_12-14_FSD,FENDER OTR,12.5,,1,1,V1,101659.096,,123015.75,1.97,0.62,2.59,511724.18
gmna,Make,2023,Actual,P00068938,1216.6,Total,D3M350260,FTD_FENDER_V1_12-14_FSD,FENDER OTR,12.5,,1,1,V1,101659.096,,123015.75,1.97,0.62,2.59,511724.18
gmna,Make,2023,Actual,P00066752,291.9,Patterns,D3I450460,FTD_OTHER_DIE_PREP_9-11_FSD,REAR FLOOR,5.91,,6,6,DIE-PREP,26653.389,,131860.81,1.75,0.67,2.42,477214.71
gmna,Make,2023,Actual,P00067867,640.3,Initial Machining,D3N300120,FTD_OTHER_DAS_5-7_FSD,REAR FLOOR,5.91,,1,1,DAS,58465.793,,131860.81,1.75,0.67,2.42,477214.71
gmna,Make,2023,Actual,P00067871,310.6,Initial Machining,D3N300120,FTD_OTHER_DAS_5-7_FSD,REAR FLOOR,5.91,,1,1,DAS,28360.886,,86711.68,0.72,0.44,1.16,227841.92
gmna,Make,2023,Actual,P00067872,252.9,Initial Machining,D3N300120,FTD_OTHER_DAS_5-7_FSD,REAR FLOOR,5.91,,1,1,DAS,23092.299,,84048.93,0.71,0.43,1.14,224345.91
gmna,Make,2023,Actual,P00067870,184.4,Initial Machining,D3N300120,FTD_OTHER_DAS_5-7_FSD,REAR FLOOR,5.91,,1,1,DAS,16837.564,,77736.95,0.8,0.39,1.19,234536.03
gmna,Make,2023,Actual,P00066752,116.7,Foundry,D3I450460,FTD_OTHER_DIE_PREP_9-11_FSD,REAR FLOOR,5.91,,2,2,DIE-PREP,10655.877,,131860.81,1.75,0.67,2.42,477214.71
gmna,Make,2023,Actual,P00066765,84,Foundry,D3I450460,FTD_OTHER_DIE_PREP_9-11_FSD,REAR FLOOR,5.91,,3,3,DIE-PREP,7670.04,,86711.68,0.72,0.44,1.16,227841.92
gmna,Make,2023,Actual,P00066757,80,Foundry,D3I450460,FTD_OTHER_DIE_PREP_9-11_FSD,REAR FLOOR,5.91,,3,3,DIE-PREP,7304.8,,77736.95,0.8,0.39,1.19,234536.03
gmna,Make,2023,Actual,P00066771,72,Foundry,D3I450460,FTD_OTHER_DIE_PREP_9-11_FSD,REAR FLOOR,5.91,,3,3,DIE-PREP,6574.32,,84048.93,0.71,0.43,1.14,224345.91
gmna,Make,2023,Actual,P00067867,261.5,Final Machining,D3N300120,FTD_OTHER_DAS_5-7_FSD,REAR FLOOR,5.91,,1,1,DAS,24123.375,,131860.81,1.75,0.67,2.42,477214.71
gmna,Make,2023,Actual,P00066754,504,Design,D2Y450260,FTD_OTHER_DSGN_9-11_FSD,REAR FLOOR,5.91,,6,6,DSGN,34957.44,,131860.81,1.75,0.67,2.42,477214.71
gmna,Make,2023,Actual,P00067867,705,Assembly,D3N300120,FTD_OTHER_DAS_5-7_FSD,REAR FLOOR,5.91,,1,1,DAS,63286.225,,131860.81,1.75,0.67,2.42,477214.71
gmna,Make,2023,Actual,P00067871,450.8,Assembly,D3N300120,FTD_OTHER_DAS_5-7_FSD,REAR FLOOR,5.91,,1,1,DAS,39179.323,,86711.68,0.72,0.44,1.16,227841.92
gmna,Make,2023,Actual,P00067872,392.4,Assembly,D3N300120,FTD_OTHER_DAS_5-7_FSD,REAR FLOOR,5.91,,1,1,DAS,33470.944,,84048.93,0.71,0.43,1.14,224345.91
gmna,Make,2023,Actual,P00066812,611.2,Total,D3I450460,FTD_OTHER_DIE_PREP_9-11_FSD,FENDER OTR,12.5,,10,10,DIE-PREP,55669.172,,157066.22,1.61,0.8,2.41,475216.44
gmna,Make,2023,Actual,P00067092,342.1,Assembly,D3N300120,FTD_OTHER_DAS_5-7_FSD,DASH,5.2,,1,1,DAS,31237.151,,76607.95,0.9,0.39,1.29,254654.96
gmna,Make,2024,Actual,P00071180,646.8,Total,D3J350320,FTD_OTHER_V2_5-7_FSD,ROOF REINF,6.04,,1,1,V2,51750.468,,83811.32,0.9,0.43,1.33,261532.93
gmna,Make,2024,Actual,P00071188,45,Process Planning,D3I450420,FTD_OTHER_DIE_PREP_5-7_FSD,ROOF REINF,6.04,,1,1,DIE-PREP,3646.6,,89471.65,0.85,0.45,1.31,257970.52
gmna,Make,2024,Actual,P00071173,399,Total,D3I450420,FTD_OTHER_DIE_PREP_5-7_FSD,ROOF REINF,6.04,,6,6,DIE-PREP,32051.79,,85151.29,0.92,0.43,1.35,266821.92
gmna,Make,2024,Actual,P00071165,24,Process Planning,D3I450420,FTD_OTHER_DIE_PREP_5-7_FSD,ROOF REINF,6.04,,1,1,DIE-PREP,2005.44,,117652.14,1.45,0.6,2.05,404546.39
gmna,Make,2024,Actual,P00071173,28,Process Planning,D3I450420,FTD_OTHER_DIE_PREP_5-7_FSD,ROOF REINF,6.04,,1,1,DIE-PREP,2339.68,,85151.29,0.92,0.43,1.35,266821.92
gmna,Make,2024,Actual,P00071183,60.5,Process Planning,D3I450420,FTD_OTHER_DIE_PREP_5-7_FSD,ROOF REINF,6.04,,1,1,DIE-PREP,4940.005,,83811.32,0.9,0.43,1.33,261532.93
gmna,Make,2024,Actual,P00072839,281.3,Subassembly,D3N300120,FTD_OTHER_DAS_5-7_FSD,ROOF REINF,6.04,,1,1,DAS,22506.813,,89471.65,0.85,0.45,1.31,257970.52
gmna,Make,2024,Actual,P00072843,494.5,Subassembly,D3N300120,FTD_OTHER_DAS_5-7_FSD,ROOF REINF,6.04,,1,1,DAS,39564.945,,117652.14,1.45,0.6,2.05,404546.39
gmna,Make,2024,Actual,P00071183,442.3,Total,D3I450420,FTD_OTHER_DIE_PREP_5-7_FSD,ROOF REINF,6.04,,6,6,DIE-PREP,35535.748,,83811.32,0.9,0.43,1.33,261532.93
gmna,Make,2024,Actual,P00071165,220.7,Total,D3I450420,FTD_OTHER_DIE_PREP_5-7_FSD,ROOF REINF,6.04,,6,6,DIE-PREP,18441.692,,117652.14,1.45,0.6,2.05,404546.39
gmna,Make,2024,Actual,P00071188,230.2,Total,D3I450420,FTD_OTHER_DIE_PREP_5-7_FSD,ROOF REINF,6.04,,6,6,DIE-PREP,19121.912,,89471.65,0.85,0.45,1.31,257970.52
gmna,Make,2024,Actual,P00071184,306,Total,D2Y450220,FTD_OTHER_DSGN_5-7_FSD,ROOF REINF,6.04,,6,6,DSGN,23136.66,,83811.32,0.9,0.43,1.33,261532.93
gmna,Make,2024,Actual,P00071170,306.7,Total,D3J350320,FTD_OTHER_V2_5-7_FSD,ROOF REINF,6.04,,1,1,V2,24539.067,,85151.29,0.92,0.43,1.35,266821.92
gmna,Make,2024,Actual,P00071189,312,Total,D2Y450220,FTD_OTHER_DSGN_5-7_FSD,ROOF REINF,6.04,,6,6,DSGN,23590.32,,89471.65,0.85,0.45,1.31,257970.52
gmna,Make,2024,Actual,P00071166,320,Total,D2Y450220,FTD_OTHER_DSGN_5-7_FSD,ROOF REINF,6.04,,6,6,DSGN,24195.2,,117652.14,1.45,0.6,2.05,404546.39
gmna,Make,2024,Actual,P00071174,337.5,Total,D2Y450220,FTD_OTHER_DSGN_5-7_FSD,ROOF REINF,6.04,,6,6,DSGN,25518.375,,85151.29,0.92,0.43,1.35,266821.92
gmna,Make,2024,Actual,P00068333,1530.6,Total,D3N300180,FTD_OTHER_DAS_11-14_FSD,DOOR OTR,5.72,,4,4,DAS,127896.936,,232385.72,1.78,1.18,2.96,583341.04
gmna,Make,2024,Actual,P00071170,306.7,V2,D3J350320,FTD_OTHER_V2_5-7_FSD,ROOF REINF,6.04,,1,1,V2,24539.067,,85151.29,0.92,0.43,1.35,266821.92
gmna,Make,2024,Actual,P00068331,505.7,Design,D2Y450280,FTD_OTHER_DSGN_11-14_FSD,DOOR OTR,5.72,,6,6,DSGN,37075.352,,134249.65,2.08,0.68,2.76,544318.47
gmna,Make,2024,Actual,P00068336,506,Design,D2Y450280,FTD_OTHER_DSGN_11-14_FSD,DOOR OTR,5.72,,6,6,DSGN,37271.16,,232385.72,1.78,1.18,2.96,583341.04
gmna,Make,2024,Actual,P00068328,305.5,Final Machining,D3N300180,FTD_OTHER_DAS_11-14_FSD,DOOR OTR,5.72,,1,1,DAS,25527.58,,134249.65,2.08,0.68,2.76,544318.47
gmna,Make,2024,Actual,P00068333,327.1,Final Machining,D3N300180,FTD_OTHER_DAS_11-14_FSD,DOOR OTR,5.72,,1,1,DAS,27332.476,,232385.72,1.78,1.18,2.96,583341.04
gmna,Make,2024,Actual,P00068329,277.3,Foundry,D3I450480,FTD_OTHER_DIE_PREP_11-14_FSD,DOOR OTR,5.72,,3,3,DIE-PREP,23171.188,,134249.65,2.08,0.68,2.76,544318.47
gmna,Make,2024,Actual,P00068328,415.3,Initial Machining,D3N300180,FTD_OTHER_DAS_11-14_FSD,DOOR OTR,5.72,,1,1,DAS,34702.468,,134249.65,2.08,0.68,2.76,544318.47
gmna,Make,2024,Actual,P00068333,600.1,Initial Machining,D3N300180,FTD_OTHER_DAS_11-14_FSD,DOOR OTR,5.72,,1,1,DAS,50144.356,,232385.72,1.78,1.18,2.96,583341.04
gmna,Make,2024,Actual,P00068329,308,Patterns,D3I450480,FTD_OTHER_DIE_PREP_11-14_FSD,DOOR OTR,5.72,,6,6,DIE-PREP,25736.48,,134249.65,2.08,0.68,2.76,544318.47
gmna,Make,2024,Actual,P00068334,341,Patterns,D3I450480,FTD_OTHER_DIE_PREP_11-14_FSD,DOOR OTR,5.72,,6,6,DIE-PREP,28493.96,,232385.72,1.78,1.18,2.96,583341.04
gmna,Make,2024,Actual,P00068334,47.9,Process Planning,D3I450480,FTD_OTHER_DIE_PREP_11-14_FSD,DOOR OTR,5.72,,1,1,DIE-PREP,4002.524,,232385.72,1.78,1.18,2.96,583341.04
gmna,Make,2024,Actual,P00068329,56,Process Planning,D3I450480,FTD_OTHER_DIE_PREP_11-14_FSD,DOOR OTR,5.72,,1,1,DIE-PREP,4679.36,,134249.65,2.08,0.68,2.76,544318.47
gmna,Make,2024,Actual,P00068333,233.3,Subassembly,D3N300180,FTD_OTHER_DAS_11-14_FSD,DOOR OTR,5.72,,1,1,DAS,19494.548,,232385.72,1.78,1.18,2.96,583341.04
gmna,Make,2024,Actual,P00068328,313.2,Subassembly,D3N300180,FTD_OTHER_DAS_11-14_FSD,DOOR OTR,5.72,,1,1,DAS,26170.992,,134249.65,2.08,0.68,2.76,544318.47
gmna,Make,2024,Actual,P00068334,388.9,Total,D3I450480,FTD_OTHER_DIE_PREP_11-14_FSD,DOOR OTR,5.72,,10,10,DIE-PREP,32496.484,,232385.72,1.78,1.18,2.96,583341.04
gmna,Make,2024,Actual,P00068331,505.7,Total,D2Y450280,FTD_OTHER_DSGN_11-14_FSD,DOOR OTR,5.72,,6,6,DSGN,37075.352,,134249.65,2.08,0.68,2.76,544318.47
gmna,Make,2024,Actual,P00068336,506,Total,D2Y450280,FTD_OTHER_DSGN_11-14_FSD,DOOR OTR,5.72,,6,6,DSGN,37271.16,,232385.72,1.78,1.18,2.96,583341.04
gmna,Make,2024,Actual,P00068329,641.3,Total,D3I450480,FTD_OTHER_DIE_PREP_11-14_FSD,DOOR OTR,5.72,,10,10,DIE-PREP,53587.028,,134249.65,2.08,0.68,2.76,544318.47
gmna,Make,2024,Actual,P00068328,1745.9,Total,D3N300180,FTD_OTHER_DAS_11-14_FSD,DOOR OTR,5.72,,4,4,DAS,145887.404,,134249.65,2.08,0.68,2.76,544318.47
gmna,Make,2024,Actual,P00068605,1467.5,Iteration,D3D200481,NEW_FTD_OTHER_DD_11-14_FSD,DOOR OTR,5.72,,4,4,DD,122624.3,,,,,,
gmna,Make,2024,Actual,P00071774,1036.1,Iteration,D3D200421,NEW_FTD_OTHER_DD_5-7_FSD,ROOF REINF,6.04,,2,2,DD,82898.361,,,,,,
gmna,Make,2024,Actual,P00071774,1072.4,Iteration,D3D200421,NEW_FTD_OTHER_DD_5-7_FSD,ROOF REINF,6.04,,3,3,DD,85802.724,,,,,,
gmna,Make,2024,Actual,P00071774,617.4,Iteration,D3D200421,NEW_FTD_OTHER_DD_5-7_FSD,ROOF REINF,6.04,,2,2,DD,49398.174,,,,,,
gmna,Make,2024,Actual,P00071180,646.8,V2,D3J350320,FTD_OTHER_V2_5-7_FSD,ROOF REINF,6.04,,1,1,V2,51750.468,,83811.32,0.9,0.43,1.33,261532.93
gmna,Make,2024,Actual,P00071165,196.7,Patterns,D3I450420,FTD_OTHER_DIE_PREP_5-7_FSD,ROOF REINF,6.04,,5,5,DIE-PREP,16436.252,,117652.14,1.45,0.6,2.05,404546.39
gmna,Make,2024,Actual,P00071184,306,Design,D2Y450220,FTD_OTHER_DSGN_5-7_FSD,ROOF REINF,6.04,,6,6,DSGN,23136.66,,83811.32,0.9,0.43,1.33,261532.93
gmna,Make,2024,Actual,P00072842,572,Assembly,D3N300120,FTD_OTHER_DAS_5-7_FSD,ROOF REINF,6.04,,1,1,DAS,45765.72,,85151.29,0.92,0.43,1.35,266821.92
gmna,Make,2024,Actual,P00072839,546.2,Assembly,D3N300120,FTD_OTHER_DAS_5-7_FSD,ROOF REINF,6.04,,1,1,DAS,43701.462,,89471.65,0.85,0.45,1.31,257970.52
gmna,Make,2024,Actual,P00072843,491.9,Assembly,D3N300120,FTD_OTHER_DAS_5-7_FSD,ROOF REINF,6.04,,1,1,DAS,39356.919,,117652.14,1.45,0.6,2.05,404546.39
gmna,Make,2024,Actual,P00068328,711.9,Assembly,D3N300180,FTD_OTHER_DAS_11-14_FSD,DOOR OTR,5.72,,1,1,DAS,59486.364,,134249.65,2.08,0.68,2.76,544318.47
gmna,Make,2024,Actual,P00071756,534.4,Iteration,D3D200481,NEW_FTD_OTHER_DD_11-14_FSD,ROOF,11.22,,2,2,DD,42757.344,,,,,,
gmna,Make,2024,Actual,P00071756,2595,Iteration,D3D200481,NEW_FTD_OTHER_DD_11-14_FSD,ROOF,11.22,,4,4,DD,207625.95,,,,,,
gmna,Make,2024,Actual,P00071756,1843.1,Iteration,D3D200481,NEW_FTD_OTHER_DD_11-14_FSD,ROOF,11.22,,2,2,DD,147466.431,,,,,,
gmna,Make,2024,Actual,P00071756,5696.7,Iteration,D3D200481,NEW_FTD_OTHER_DD_11-14_FSD,ROOF,11.22,,4,4,DD,455792.967,,,,,,
gmna,Make,2024,Actual,P00071756,967.4,Iteration,D3D200481,NEW_FTD_OTHER_DD_11-14_FSD,ROOF,11.22,,2,2,DD,77401.674,,,,,,
gmna,Make,2024,Actual,P00071189,312,Design,D2Y450220,FTD_OTHER_DSGN_5-7_FSD,ROOF REINF,6.04,,6,6,DSGN,23590.32,,89471.65,0.85,0.45,1.31,257970.52
gmna,Make,2024,Actual,P00071214,1313.7,V2,D3J350360,FTD_OTHER_V2_9-11_FSD,ROOF,11.22,,1,1,V2,105109.137,,153814.94,1.86,0.78,2.64,520182.54
gmna,Make,2024,Actual,P00071219,814.3,V2,D3J350360,FTD_OTHER_V2_9-11_FSD,ROOF,11.22,,1,1,V2,65152.143,,223113.85,1.84,1.13,2.97,586179.07
gmna,Make,2024,Actual,P00071203,1489.2,V1,D3M350160,FTD_OTHER_V1_9-11_FSD,ROOF,11.22,,1,1,V1,119150.892,,92693.39,1.76,0.47,2.23,439581.16
gmna,Make,2024,Actual,P00071203,1489.2,Total,D3M350160,FTD_OTHER_V1_9-11_FSD,ROOF,11.22,,1,1,V1,119150.892,,92693.39,1.76,0.47,2.23,439581.16
gmna,Make,2024,Actual,P00071214,1313.7,Total,D3J350360,FTD_OTHER_V2_9-11_FSD,ROOF,11.22,,1,1,V2,105109.137,,153814.94,1.86,0.78,2.64,520182.54
gmna,Make,2024,Actual,P00071209,1169.2,Total,D3J350360,FTD_OTHER_V2_9-11_FSD,ROOF,11.22,,1,1,V2,93547.692,,136408.8,2.69,0.69,3.38,667331.92
gmna,Make,2024,Actual,P00071219,814.3,Total,D3J350360,FTD_OTHER_V2_9-11_FSD,ROOF,11.22,,1,1,V2,65152.143,,223113.85,1.84,1.13,2.97,586179.07
gmna,Make,2024,Actual,P00071218,492.5,Total,D2Y450260,FTD_OTHER_DSGN_9-11_FSD,ROOF,11.22,,6,6,DSGN,37237.925,,153814.94,1.86,0.78,2.64,520182.54
gmna,Make,2024,Actual,P00071223,490.7,Total,D2Y450260,FTD_OTHER_DSGN_9-11_FSD,ROOF,11.22,,6,6,DSGN,37101.827,,223113.85,1.84,1.13,2.97,586179.07
gmna,Make,2024,Actual,P00071207,490,Total,D2Y450260,FTD_OTHER_DSGN_9-11_FSD,ROOF,11.22,,6,6,DSGN,37048.9,,92693.39,1.76,0.47,2.23,439581.16
gmna,Make,2024,Actual,P00071209,1169.2,V2,D3J350360,FTD_OTHER_V2_9-11_FSD,ROOF,11.22,,1,1,V2,93547.692,,136408.8,2.69,0.69,3.38,667331.92
gmna,Make,2024,Actual,P00071188,185.2,Patterns,D3I450420,FTD_OTHER_DIE_PREP_5-7_FSD,ROOF REINF,6.04,,5,5,DIE-PREP,15475.312,,89471.65,0.85,0.45,1.31,257970.52
gmna,Make,2024,Actual,P00071166,320,Design,D2Y450220,FTD_OTHER_DSGN_5-7_FSD,ROOF REINF,6.04,,6,6,DSGN,24195.2,,117652.14,1.45,0.6,2.05,404546.39
gmna,Make,2024,Actual,P00071217,336.4,Total,D3I450460,FTD_OTHER_DIE_PREP_9-11_FSD,ROOF,11.22,,6,6,DIE-PREP,28081.184,,153814.94,1.86,0.78,2.64,520182.54
gmna,Make,2024,Actual,P00072843,267.3,Initial Machining,D3N300120,FTD_OTHER_DAS_5-7_FSD,ROOF REINF,6.04,,1,1,DAS,21386.673,,117652.14,1.45,0.6,2.05,404546.39
gmna,Make,2024,Actual,P00072842,266.9,Initial Machining,D3N300120,FTD_OTHER_DAS_5-7_FSD,ROOF REINF,6.04,,1,1,DAS,21354.669,,85151.29,0.92,0.43,1.35,266821.92
gmna,Make,2024,Actual,P00072839,146.9,Initial Machining,D3N300120,FTD_OTHER_DAS_5-7_FSD,ROOF REINF,6.04,,1,1,DAS,11753.469,,89471.65,0.85,0.45,1.31,257970.52
gmna,Make,2024,Actual,P00072843,438.4,Final Machining,D3N300120,FTD_OTHER_DAS_5-7_FSD,ROOF REINF,6.04,,1,1,DAS,35076.384,,117652.14,1.45,0.6,2.05,404546.39
gmna,Make,2024,Actual,P00072841,291.7,Final Machining,D3N300120,FTD_OTHER_DAS_5-7_FSD,ROOF REINF,6.04,,1,1,DAS,23338.917,,83811.32,0.9,0.43,1.33,261532.93
gmna,Make,2024,Actual,P00072842,282.6,Final Machining,D3N300120,FTD_OTHER_DAS_5-7_FSD,ROOF REINF,6.04,,1,1,DAS,22610.826,,85151.29,0.92,0.43,1.35,266821.92
gmna,Make,2024,Actual,P00072839,194.9,Final Machining,D3N300120,FTD_OTHER_DAS_5-7_FSD,ROOF REINF,6.04,,1,1,DAS,15593.949,,89471.65,0.85,0.45,1.31,257970.52
gmna,Make,2024,Actual,P00071174,337.5,Design,D2Y450220,FTD_OTHER_DSGN_5-7_FSD,ROOF REINF,6.04,,6,6,DSGN,25518.375,,85151.29,0.92,0.43,1.35,266821.92
gmna,Make,2024,Actual,P00072836,916.4,Assembly,D3N300160,FTD_OTHER_DAS_9-11_FSD,ROOF,11.22,,1,1,DAS,73321.164,,153814.94,1.86,0.78,2.64,520182.54
gmna,Make,2024,Actual,P00071213,489.5,Design,D2Y450260,FTD_OTHER_DSGN_9-11_FSD,ROOF,11.22,,6,6,DSGN,37011.095,,136408.8,2.69,0.69,3.38,667331.92
gmna,Make,2024,Actual,P00071213,489.5,Total,D2Y450260,FTD_OTHER_DSGN_9-11_FSD,ROOF,11.22,,6,6,DSGN,37011.095,,136408.8,2.69,0.69,3.38,667331.92
gmna,Make,2024,Actual,P00071207,490,Design,D2Y450260,FTD_OTHER_DSGN_9-11_FSD,ROOF,11.22,,6,6,DSGN,37048.9,,92693.39,1.76,0.47,2.23,439581.16
gmna,Make,2024,Actual,P00071218,492.5,Design,D2Y450260,FTD_OTHER_DSGN_9-11_FSD,ROOF,11.22,,6,6,DSGN,37237.925,,153814.94,1.86,0.78,2.64,520182.54
gmna,Make,2024,Actual,P00072836,378.5,Final Machining,D3N300160,FTD_OTHER_DAS_9-11_FSD,ROOF,11.22,,1,1,DAS,30283.785,,153814.94,1.86,0.78,2.64,520182.54
gmna,Make,2024,Actual,P00072838,369.4,Initial Machining,D3N300160,FTD_OTHER_DAS_9-11_FSD,ROOF,11.22,,1,1,DAS,30011.514,,92693.39,1.76,0.47,2.23,439581.16
gmna,Make,2024,Actual,P00072836,712.1,Initial Machining,D3N300160,FTD_OTHER_DAS_9-11_FSD,ROOF,11.22,,1,1,DAS,56975.121,,153814.94,1.86,0.78,2.64,520182.54
gmna,Make,2024,Actual,P00071206,272.6,Patterns,D3I450460,FTD_OTHER_DIE_PREP_9-11_FSD,ROOF,11.22,,5,5,DIE-PREP,22778.456,,92693.39,1.76,0.47,2.23,439581.16
gmna,Make,2024,Actual,P00071217,291.4,Patterns,D3I450460,FTD_OTHER_DIE_PREP_9-11_FSD,ROOF,11.22,,5,5,DIE-PREP,24320.984,,153814.94,1.86,0.78,2.64,520182.54
gmna,Make,2024,Actual,P00071206,40,Process Planning,D3I450460,FTD_OTHER_DIE_PREP_9-11_FSD,ROOF,11.22,,1,1,DIE-PREP,3342.4,,92693.39,1.76,0.47,2.23,439581.16
gmna,Make,2024,Actual,P00071217,45,Process Planning,D3I450460,FTD_OTHER_DIE_PREP_9-11_FSD,ROOF,11.22,,1,1,DIE-PREP,3760.2,,153814.94,1.86,0.78,2.64,520182.54
gmna,Make,2024,Actual,P00071206,312.6,Total,D3I450460,FTD_OTHER_DIE_PREP_9-11_FSD,ROOF,11.22,,6,6,DIE-PREP,26120.856,,92693.39,1.76,0.47,2.23,439581.16
gmna,Make,2024,Actual,P00071223,490.7,Design,D2Y450260,FTD_OTHER_DSGN_9-11_FSD,ROOF,11.22,,6,6,DSGN,37101.827,,223113.85,1.84,1.13,2.97,586179.07
gmna,Make,2024,Actual,P00070625,305.6,Subassembly,D3N300120,FTD_OTHER_DAS_5-7_FSD,DASH,7.19,,1,1,DAS,24703.461,,99561.56,1.13,0.5,1.63,322144.49
gmna,MAKE,2024,Actual,P00070304,157.6,Subassembly,D3N300100,FTD_OTHER_DAS_3-5_FSD,DASH,3.76,,1,1,DAS,13169.056,,76657.32,0.96,0.39,1.35,266328.24
gmna,MAKE,2024,Actual,P00070306,144.1,Subassembly,D3N300100,FTD_OTHER_DAS_3-5_FSD,DASH,3.76,,1,1,DAS,12040.996,,52526.73,0.46,0.27,0.72,142942.83
gmna,MAKE,2024,Actual,P00070307,60.6,Subassembly,D3N300100,FTD_OTHER_DAS_3-5_FSD,DASH,3.76,,1,1,DAS,5063.736,,62965.94,0.52,0.32,0.84,165460.55
gmna,MAKE,2024,Actual,P00070362,40,Process Planning,D3I450400,FTD_OTHER_DIE_PREP_3-5_FSD,DASH,3.76,,1,1,DIE-PREP,3342.4,,62965.94,0.52,0.32,0.84,165460.55
gmna,MAKE,2024,Actual,P00070363,24,Process Planning,D3I450400,FTD_OTHER_DIE_PREP_3-5_FSD,DASH,3.76,,1,1,DIE-PREP,2005.44,,52526.73,0.46,0.27,0.72,142942.83
gmna,MAKE,2024,Actual,P00067275,256.2,Patterns,D3I450460,FTD_OTHER_DIE_PREP_9-11_FSD,DASH,3.76,,6,6,DIE-PREP,21408.072,,76657.32,0.96,0.39,1.35,266328.24
gmna,MAKE,2024,Actual,P00070362,120,Patterns,D3I450400,FTD_OTHER_DIE_PREP_3-5_FSD,DASH,3.76,,5,5,DIE-PREP,10027.2,,62965.94,0.52,0.32,0.84,165460.55
gmna,MAKE,2024,Actual,P00070307,175.8,Initial Machining,D3N300100,FTD_OTHER_DAS_3-5_FSD,DASH,3.76,,1,1,DAS,14689.848,,62965.94,0.52,0.32,0.84,165460.55
gmna,MAKE,2024,Actual,P00067275,182.1,Foundry,D3I450460,FTD_OTHER_DIE_PREP_9-11_FSD,DASH,3.76,,3,3,DIE-PREP,15216.276,,76657.32,0.96,0.39,1.35,266328.24
gmna,MAKE,2024,Actual,P00070301,94.5,Total,D3M350100,FTD_OTHER_V1_3-5_FSD,DASH,3.76,,1,1,V1,7896.42,,76657.32,0.96,0.39,1.35,266328.24
gmna,MAKE,2024,Actual,P00070290,167.6,V2,D3J350300,FTD_OTHER_V2_3-5_FSD,DASH,3.76,,1,1,V2,14004.656,,62965.94,0.52,0.32,0.84,165460.55
gmna,MAKE,2024,Actual,P00070299,64,V2,D3J350300,FTD_OTHER_V2_3-5_FSD,DASH,3.76,,1,1,V2,5347.84,,52526.73,0.46,0.27,0.72,142942.83
gmna,MAKE,2024,Actual,P00067279,583.1,Total,D3I450460,FTD_OTHER_DIE_PREP_9-11_FSD,DASH,3.76,,10,10,DIE-PREP,48723.836,,54233.87,0.58,0.28,0.85,168483.07
gmna,MAKE,2024,Actual,P00067275,578.3,Total,D3I450460,FTD_OTHER_DIE_PREP_9-11_FSD,DASH,3.76,,10,10,DIE-PREP,48322.748,,76657.32,0.96,0.39,1.35,266328.24
gmna,MAKE,2024,Actual,P00067286,502.9,Total,D2Y450260,FTD_OTHER_DSGN_9-11_FSD,DASH,3.76,,6,6,DSGN,35043.644,,52526.73,0.46,0.27,0.72,142942.83
gmna,MAKE,2024,Actual,P00067273,481.1,Total,D2Y450260,FTD_OTHER_DSGN_9-11_FSD,DASH,3.76,,6,6,DSGN,33369.096,,76657.32,0.96,0.39,1.35,266328.24
gmna,MAKE,2024,Actual,P00067291,479.7,Total,D2Y450260,FTD_OTHER_DSGN_9-11_FSD,DASH,3.76,,6,6,DSGN,33271.992,,62965.94,0.52,0.32,0.84,165460.55
gmna,MAKE,2024,Actual,P00067281,470.3,Total,D2Y450260,FTD_OTHER_DSGN_9-11_FSD,DASH,3.76,,6,6,DSGN,32643.758,,54233.87,0.58,0.28,0.85,168483.07
gmna,MAKE,2024,Actual,P00070300,202.5,Total,D3J350300,FTD_OTHER_V2_3-5_FSD,DASH,3.76,,1,1,V2,16920.9,,54233.87,0.58,0.28,0.85,168483.07
gmna,MAKE,2024,Actual,P00070363,186.2,Total,D3I450400,FTD_OTHER_DIE_PREP_3-5_FSD,DASH,3.76,,6,6,DIE-PREP,15558.872,,52526.73,0.46,0.27,0.72,142942.83
gmna,MAKE,2024,Actual,P00070290,167.6,Total,D3J350300,FTD_OTHER_V2_3-5_FSD,DASH,3.76,,1,1,V2,14004.656,,62965.94,0.52,0.32,0.84,165460.55
gmna,MAKE,2024,Actual,P00070362,160,Total,D3I450400,FTD_OTHER_DIE_PREP_3-5_FSD,DASH,3.76,,6,6,DIE-PREP,13369.6,,62965.94,0.52,0.32,0.84,165460.55
gmna,MAKE,2024,Actual,P00070299,64,Total,D3J350300,FTD_OTHER_V2_3-5_FSD,DASH,3.76,,1,1,V2,5347.84,,52526.73,0.46,0.27,0.72,142942.83
gmna,MAKE,2024,Actual,P00070300,202.5,V2,D3J350300,FTD_OTHER_V2_3-5_FSD,DASH,3.76,,1,1,V2,16920.9,,54233.87,0.58,0.28,0.85,168483.07
gmna,MAKE,2024,Actual,P00070304,155.5,Final Machining,D3N300100,FTD_OTHER_DAS_3-5_FSD,DASH,3.76,,1,1,DAS,12993.58,,76657.32,0.96,0.39,1.35,266328.24
gmna,MAKE,2024,Actual,P00070305,97.5,Final Machining,D3N300100,FTD_OTHER_DAS_3-5_FSD,DASH,3.76,,1,1,DAS,8147.1,,54233.87,0.58,0.28,0.85,168483.07
gmna,Make,2024,Actual,P00069348,603.7,Total,D3J350320,FTD_OTHER_V2_5-7_FSD,DASH,4.39,,1,1,V2,48302.037,,62704.12,0.71,0.32,1.03,202574.67
gmna,Make,2024,Actual,P00069337,316,Total,D2Y450220,FTD_OTHER_DSGN_5-7_FSD,DASH,4.39,,6,6,DSGN,23892.76,,77649.08,1.27,0.39,1.67,328643.73
gmna,Make,2024,Actual,P00069370,304,Total,D2Y450220,FTD_OTHER_DSGN_5-7_FSD,DASH,4.39,,6,6,DSGN,22985.44,,54897.65,0.48,0.28,0.76,149592.21
gmna,Make,2024,Actual,P00069365,301.1,Total,D2Y450220,FTD_OTHER_DSGN_5-7_FSD,DASH,4.39,,6,6,DSGN,22766.171,,67795.89,0.58,0.34,0.93,182690.25
gmna,Make,2024,Actual,P00069344,299.5,Total,D2Y450220,FTD_OTHER_DSGN_5-7_FSD,DASH,4.39,,6,6,DSGN,22645.195,,62704.12,0.71,0.32,1.03,202574.67
gmna,Make,2024,Actual,P00069339,219.8,Total,D3I450420,FTD_OTHER_DIE_PREP_5-7_FSD,DASH,4.39,,7,7,DIE-PREP,18366.488,,77649.08,1.27,0.39,1.67,328643.73
gmna,Make,2024,Actual,P00069366,218.9,Total,D3I450420,FTD_OTHER_DIE_PREP_5-7_FSD,DASH,4.39,,7,7,DIE-PREP,18291.284,,67795.89,0.58,0.34,0.93,182690.25
gmna,Make,2024,Actual,P00069371,207.1,Total,D3I450420,FTD_OTHER_DIE_PREP_5-7_FSD,DASH,4.39,,7,7,DIE-PREP,17305.276,,54897.65,0.48,0.28,0.76,149592.21
gmna,Make,2024,Actual,P00069345,142,Total,D3I450420,FTD_OTHER_DIE_PREP_5-7_FSD,DASH,4.39,,7,7,DIE-PREP,11865.52,,62704.12,0.71,0.32,1.03,202574.67
gmna,Make,2024,Actual,P00069347,211.5,Subassembly,D3N300120,FTD_OTHER_DAS_5-7_FSD,DASH,4.39,,1,1,DAS,17136.89,,62704.12,0.71,0.32,1.03,202574.67
gmna,Make,2024,Actual,P00069368,181.9,Subassembly,D3N300120,FTD_OTHER_DAS_5-7_FSD,DASH,4.39,,1,1,DAS,14553.819,,67795.89,0.58,0.34,0.93,182690.25
gmna,Make,2024,Actual,P00069342,118.3,Subassembly,D3N300120,FTD_OTHER_DAS_5-7_FSD,DASH,4.39,,1,1,DAS,9713.683,,77649.08,1.27,0.39,1.67,328643.73
gmna,Make,2024,Actual,P00069373,85.7,Subassembly,D3N300120,FTD_OTHER_DAS_5-7_FSD,DASH,4.39,,1,1,DAS,6856.857,,54897.65,0.48,0.28,0.76,149592.21
gmna,MAKE,2024,Actual,P00070306,109,Final Machining,D3N300100,FTD_OTHER_DAS_3-5_FSD,DASH,3.76,,1,1,DAS,9108.04,,52526.73,0.46,0.27,0.72,142942.83
gmna,MAKE,2024,Actual,P00070307,356.3,Assembly,D3N300100,FTD_OTHER_DAS_3-5_FSD,DASH,3.76,,1,1,DAS,29772.428,,62965.94,0.52,0.32,0.84,165460.55
gmna,MAKE,2024,Actual,P00070306,264.8,Assembly,D3N300100,FTD_OTHER_DAS_3-5_FSD,DASH,3.76,,1,1,DAS,22126.688,,52526.73,0.46,0.27,0.72,142942.83
gmna,MAKE,2024,Actual,P00070305,197.8,Assembly,D3N300100,FTD_OTHER_DAS_3-5_FSD,DASH,3.76,,1,1,DAS,16528.168,,54233.87,0.58,0.28,0.85,168483.07
gmna,Make,2024,Actual,P00070753,87.9,V6,D3D200421,NEW_FTD_OTHER_DD_5-7_FSD,DASH,4.39,,3,3,DD,7032.879,,,,,,
gmna,Make,2024,Actual,P00070753,8,Iteration,D3D200421,NEW_FTD_OTHER_DD_5-7_FSD,DASH,4.39,,2,2,DD,640.08,,,,,,
gmna,Make,2024,Actual,P00070753,227.7,Iteration,D3D200421,NEW_FTD_OTHER_DD_5-7_FSD,DASH,4.39,,2,2,DD,18218.277,,,,,,
gmna,Make,2024,Actual,P00070753,80,Iteration,D3D200421,NEW_FTD_OTHER_DD_5-7_FSD,DASH,4.39,,3,3,DD,6400.8,,,,,,
gmna,Make,2024,Actual,P00070753,126.5,Iteration,D3D200421,NEW_FTD_OTHER_DD_5-7_FSD,DASH,4.39,,2,2,DD,10121.265,,,,,,
gmna,Make,2024,Actual,P00069348,603.7,V2,D3J350320,FTD_OTHER_V2_5-7_FSD,DASH,4.39,,1,1,V2,48302.037,,62704.12,0.71,0.32,1.03,202574.67
gmna,Make,2024,Actual,P00069366,37,Process Planning,D3I450420,FTD_OTHER_DIE_PREP_5-7_FSD,DASH,4.39,,1,1,DIE-PREP,3091.72,,67795.89,0.58,0.34,0.93,182690.25
gmna,MAKE,2024,Actual,P00070308,156.7,Iteration,D3D200401,NEW_FTD_OTHER_DD_3-5_FSD,DASH,3.76,,2,2,DD,13093.852,,,,,,
gmna,MAKE,2024,Actual,P00070308,342.7,V6,D3D200401,NEW_FTD_OTHER_DD_3-5_FSD,DASH,3.76,,3,3,DD,28636.012,,,,,,
gmna,Make,2024,Actual,P00074283,42.3,Process Planning,D3I450460,FTD_OTHER_DIE_PREP_9-11_FSD,DASH,2.16,,1,1,DIE-PREP,3384.423,,134240.66,1.48,0.68,2.16,426191.71
gmna,Make,2024,Actual,P00074283,269.3,Patterns,D3I450460,FTD_OTHER_DIE_PREP_9-11_FSD,DASH,2.16,,5,5,DIE-PREP,21546.693,,134240.66,1.48,0.68,2.16,426191.71
gmna,Make,2024,Actual,P00074281,429.5,Initial Machining,D3N300160,FTD_OTHER_DAS_9-11_FSD,DASH,2.16,,1,1,DAS,34364.295,,134240.66,1.48,0.68,2.16,426191.71
gmna,Make,2024,Actual,P00074281,333.4,Final Machining,D3N300160,FTD_OTHER_DAS_9-11_FSD,DASH,2.16,,1,1,DAS,26675.334,,134240.66,1.48,0.68,2.16,426191.71
gmna,Make,2024,Actual,P00074284,395,Design,D2Y450700,FTD_DSGN_DIE_FSD,DASH,2.16,,3,3,DSGN,31600,,134240.66,1.48,0.68,2.16,426191.71
gmna,Make,2024,Actual,P00074281,834.4,Assembly,D3N300160,FTD_OTHER_DAS_9-11_FSD,DASH,2.16,,1,1,DAS,66760.344,,134240.66,1.48,0.68,2.16,426191.71
gmna,Make,2024,Actual,P00070749,80.6,Iteration,D3D200421,NEW_FTD_OTHER_DD_5-7_FSD,DASH,7.19,,2,2,DD,6448.806,,,,,,
gmna,Make,2024,Actual,P00070749,1354,Iteration,D3D200421,NEW_FTD_OTHER_DD_5-7_FSD,DASH,7.19,,2,2,DD,108333.54,,,,,,
gmna,Make,2024,Actual,P00070749,2563.4,Iteration,D3D200421,NEW_FTD_OTHER_DD_5-7_FSD,DASH,7.19,,3,3,DD,205097.634,,,,,,
gmna,Make,2024,Actual,P00070749,295,Iteration,D3D200421,NEW_FTD_OTHER_DD_5-7_FSD,DASH,7.19,,2,2,DD,23602.95,,,,,,
gmna,Make,2024,Actual,P00070634,747.1,V2,D3J350320,FTD_OTHER_V2_5-7_FSD,DASH,7.19,,1,1,V2,59775.471,,93603.94,0.94,0.47,1.41,278888.4
gmna,Make,2024,Actual,P00074281,424.7,Subassembly,D3N300160,FTD_OTHER_DAS_9-11_FSD,DASH,2.16,,1,1,DAS,33980.247,,134240.66,1.48,0.68,2.16,426191.71
gmna,Make,2024,Actual,P00070604,1869,Total,D3N300120,FTD_OTHER_DAS_5-7_FSD,DASH,7.19,,4,4,DAS,151753.89,,166602.34,1.87,0.84,2.71,535384.38
gmna,Make,2024,Actual,P00074283,311.6,Total,D3I450460,FTD_OTHER_DIE_PREP_9-11_FSD,DASH,2.16,,6,6,DIE-PREP,24931.116,,134240.66,1.48,0.68,2.16,426191.71
gmna,Make,2024,Actual,P00068606,96.5,Iteration,D3D200481,NEW_FTD_OTHER_DD_11-14_FSD,DOOR OTR,3.16,,2,2,DD,8063.54,,,,,,
gmna,Make,2024,Actual,P00068323,904.9,Total,D3N300180,FTD_OTHER_DAS_11-14_FSD,DOOR OTR,3.16,,4,4,DAS,75613.444,,263907.81,1.82,1.34,3.16,623392.13
gmna,Make,2024,Actual,P00068324,870.6,Total,D3I450480,FTD_OTHER_DIE_PREP_11-14_FSD,DOOR OTR,3.16,,10,10,DIE-PREP,72747.336,,263907.81,1.82,1.34,3.16,623392.13
gmna,Make,2024,Actual,P00068326,513.8,Total,D2Y450280,FTD_OTHER_DSGN_11-14_FSD,DOOR OTR,3.16,,6,6,DSGN,37047.168,,263907.81,1.82,1.34,3.16,623392.13
gmna,Make,2024,Actual,P00068323,166.5,Subassembly,D3N300180,FTD_OTHER_DAS_11-14_FSD,DOOR OTR,3.16,,1,1,DAS,13912.74,,263907.81,1.82,1.34,3.16,623392.13
gmna,Make,2024,Actual,P00068324,36,Process Planning,D3I450480,FTD_OTHER_DIE_PREP_11-14_FSD,DOOR OTR,3.16,,1,1,DIE-PREP,3008.16,,263907.81,1.82,1.34,3.16,623392.13
gmna,Make,2024,Actual,P00068324,329,Patterns,D3I450480,FTD_OTHER_DIE_PREP_11-14_FSD,DOOR OTR,3.16,,6,6,DIE-PREP,27491.24,,263907.81,1.82,1.34,3.16,623392.13
gmna,Make,2024,Actual,P00068324,505.6,Foundry,D3I450480,FTD_OTHER_DIE_PREP_11-14_FSD,DOOR OTR,3.16,,3,3,DIE-PREP,42247.936,,263907.81,1.82,1.34,3.16,623392.13
gmna,Make,2024,Actual,P00068326,513.8,Design,D2Y450280,FTD_OTHER_DSGN_11-14_FSD,DOOR OTR,3.16,,6,6,DSGN,37047.168,,263907.81,1.82,1.34,3.16,623392.13
gmna,Make,2024,Actual,P00071774,82,Iteration,D3D200421,NEW_FTD_OTHER_DD_5-7_FSD,ROOF REINF,6.04,,5,5,DD,6560.82,,,,,,
gmna,Make,2024,Actual,P00074280,1040.2,V2,D3J350360,FTD_OTHER_V2_9-11_FSD,DASH,2.16,,1,1,V2,83226.402,,134240.66,1.48,0.68,2.16,426191.71
gmna,Make,2024,Actual,P00074280,1040.2,Total,D3J350360,FTD_OTHER_V2_9-11_FSD,DASH,2.16,,1,1,V2,83226.402,,134240.66,1.48,0.68,2.16,426191.71
gmna,Make,2024,Actual,P00074284,395,Total,D2Y450700,FTD_DSGN_DIE_FSD,DASH,2.16,,3,3,DSGN,31600,,134240.66,1.48,0.68,2.16,426191.71
gmna,MAKE,2024,Actual,P00070308,306,Iteration,D3D200401,NEW_FTD_OTHER_DD_3-5_FSD,DASH,3.76,,5,5,DD,25569.36,,,,,,
gmna,Make,2024,Actual,P00070625,382.5,Initial Machining,D3N300120,FTD_OTHER_DAS_5-7_FSD,DASH,7.19,,1,1,DAS,31665.275,,99561.56,1.13,0.5,1.63,322144.49
gmna,Make,2024,Actual,P00070630,162,Initial Machining,D3N300120,FTD_OTHER_DAS_5-7_FSD,DASH,7.19,,1,1,DAS,12961.62,,83217.21,1.02,0.42,1.44,284816.51
gmna,Make,2024,Actual,P00070635,309.5,Final Machining,D3N300120,FTD_OTHER_DAS_5-7_FSD,DASH,7.19,,1,1,DAS,24763.095,,93603.94,0.94,0.47,1.41,278888.4
gmna,Make,2024,Actual,P00070625,266.7,Final Machining,D3N300120,FTD_OTHER_DAS_5-7_FSD,DASH,7.19,,1,1,DAS,21338.667,,99561.56,1.13,0.5,1.63,322144.49
gmna,Make,2024,Actual,P00070630,229.5,Final Machining,D3N300120,FTD_OTHER_DAS_5-7_FSD,DASH,7.19,,1,1,DAS,18362.295,,83217.21,1.02,0.42,1.44,284816.51
gmna,Make,2024,Actual,P00070633,310.5,Design,D2Y450220,FTD_OTHER_DSGN_5-7_FSD,DASH,7.19,,6,6,DSGN,23476.905,,83217.21,1.02,0.42,1.44,284816.51
gmna,Make,2024,Actual,P00070607,303,Design,D2Y450220,FTD_OTHER_DSGN_5-7_FSD,DASH,7.19,,6,6,DSGN,22909.83,,166602.34,1.87,0.84,2.71,535384.38
gmna,Make,2024,Actual,P00070638,291.5,Design,D2Y450220,FTD_OTHER_DSGN_5-7_FSD,DASH,7.19,,6,6,DSGN,22040.315,,93603.94,0.94,0.47,1.41,278888.4
gmna,Make,2024,Actual,P00070628,288.7,Design,D2Y450220,FTD_OTHER_DSGN_5-7_FSD,DASH,7.19,,6,6,DSGN,21828.607,,99561.56,1.13,0.5,1.63,322144.49
gmna,Make,2024,Actual,P00070604,720.4,Assembly,D3N300120,FTD_OTHER_DAS_5-7_FSD,DASH,7.19,,1,1,DAS,57639.204,,166602.34,1.87,0.84,2.71,535384.38
gmna,Make,2024,Actual,P00070625,689.2,Assembly,D3N300120,FTD_OTHER_DAS_5-7_FSD,DASH,7.19,,1,1,DAS,55142.892,,99561.56,1.13,0.5,1.63,322144.49
gmna,Make,2024,Actual,P00070635,565.7,Assembly,D3N300120,FTD_OTHER_DAS_5-7_FSD,DASH,7.19,,1,1,DAS,45261.657,,93603.94,0.94,0.47,1.41,278888.4
gmna,Make,2024,Actual,P00070630,564.2,Assembly,D3N300120,FTD_OTHER_DAS_5-7_FSD,DASH,7.19,,1,1,DAS,45141.642,,83217.21,1.02,0.42,1.44,284816.51
gmna,Make,2024,Actual,P00070632,200.2,Patterns,D3I450420,FTD_OTHER_DIE_PREP_5-7_FSD,DASH,7.19,,6,6,DIE-PREP,16728.712,,83217.21,1.02,0.42,1.44,284816.51
gmna,Make,2024,Actual,P00070637,218.5,Patterns,D3I450420,FTD_OTHER_DIE_PREP_5-7_FSD,DASH,7.19,,6,6,DIE-PREP,18257.86,,93603.94,0.94,0.47,1.41,278888.4
gmna,Make,2024,Actual,P00070632,24,Process Planning,D3I450420,FTD_OTHER_DIE_PREP_5-7_FSD,DASH,7.19,,1,1,DIE-PREP,2005.44,,83217.21,1.02,0.42,1.44,284816.51
gmna,Make,2024,Actual,P00070634,747.1,Total,D3J350320,FTD_OTHER_V2_5-7_FSD,DASH,7.19,,1,1,V2,59775.471,,93603.94,0.94,0.47,1.41,278888.4
gmna,Make,2024,Actual,P00070633,310.5,Total,D2Y450220,FTD_OTHER_DSGN_5-7_FSD,DASH,7.19,,6,6,DSGN,23476.905,,83217.21,1.02,0.42,1.44,284816.51
gmna,Make,2024,Actual,P00070607,303,Total,D2Y450220,FTD_OTHER_DSGN_5-7_FSD,DASH,7.19,,6,6,DSGN,22909.83,,166602.34,1.87,0.84,2.71,535384.38
gmna,Make,2024,Actual,P00070638,291.5,Total,D2Y450220,FTD_OTHER_DSGN_5-7_FSD,DASH,7.19,,6,6,DSGN,22040.315,,93603.94,0.94,0.47,1.41,278888.4
gmna,Make,2024,Actual,P00070628,288.7,Total,D2Y450220,FTD_OTHER_DSGN_5-7_FSD,DASH,7.19,,6,6,DSGN,21828.607,,99561.56,1.13,0.5,1.63,322144.49
gmna,Make,2024,Actual,P00070637,274.5,Total,D3I450420,FTD_OTHER_DIE_PREP_5-7_FSD,DASH,7.19,,7,7,DIE-PREP,22937.22,,93603.94,0.94,0.47,1.41,278888.4
gmna,Make,2024,Actual,P00070627,267.6,Total,D3I450420,FTD_OTHER_DIE_PREP_5-7_FSD,DASH,7.19,,7,7,DIE-PREP,22360.656,,99561.56,1.13,0.5,1.63,322144.49
gmna,Make,2024,Actual,P00070632,224.2,Total,D3I450420,FTD_OTHER_DIE_PREP_5-7_FSD,DASH,7.19,,7,7,DIE-PREP,18734.152,,83217.21,1.02,0.42,1.44,284816.51
gmna,Make,2024,Actual,P00070606,222.9,Total,D3I450420,FTD_OTHER_DIE_PREP_5-7_FSD,DASH,7.19,,7,7,DIE-PREP,18625.524,,166602.34,1.87,0.84,2.71,535384.38
gmna,Make,2024,Actual,P00070604,287.9,Subassembly,D3N300120,FTD_OTHER_DAS_5-7_FSD,DASH,7.19,,1,1,DAS,23541.464,,166602.34,1.87,0.84,2.71,535384.38
gmna,Make,2024,Actual,P00070630,221.8,Subassembly,D3N300120,FTD_OTHER_DAS_5-7_FSD,DASH,7.19,,1,1,DAS,17746.218,,83217.21,1.02,0.42,1.44,284816.51
gmna,Make,2024,Actual,P00070637,56,Process Planning,D3I450420,FTD_OTHER_DIE_PREP_5-7_FSD,DASH,7.19,,1,1,DIE-PREP,4679.36,,93603.94,0.94,0.47,1.41,278888.4
gmna,Make,2024,Actual,P00070627,48,Process Planning,D3I450420,FTD_OTHER_DIE_PREP_5-7_FSD,DASH,7.19,,1,1,DIE-PREP,4010.88,,99561.56,1.13,0.5,1.63,322144.49
gmna,Make,2024,Actual,P00070606,32,Process Planning,D3I450420,FTD_OTHER_DIE_PREP_5-7_FSD,DASH,7.19,,1,1,DIE-PREP,2673.92,,166602.34,1.87,0.84,2.71,535384.38
gmna,Make,2024,Actual,P00070627,219.6,Patterns,D3I450420,FTD_OTHER_DIE_PREP_5-7_FSD,DASH,7.19,,6,6,DIE-PREP,18349.776,,99561.56,1.13,0.5,1.63,322144.49
gmna,Make,2024,Actual,P00069371,32,Process Planning,D3I450420,FTD_OTHER_DIE_PREP_5-7_FSD,DASH,4.39,,1,1,DIE-PREP,2673.92,,54897.65,0.48,0.28,0.76,149592.21
gmna,Make,2024,Actual,P00069339,24,Process Planning,D3I450420,FTD_OTHER_DIE_PREP_5-7_FSD,DASH,4.39,,1,1,DIE-PREP,2005.44,,77649.08,1.27,0.39,1.67,328643.73
gmna,Make,2024,Actual,P00069345,16,Process Planning,D3I450420,FTD_OTHER_DIE_PREP_5-7_FSD,DASH,4.39,,1,1,DIE-PREP,1336.96,,62704.12,0.71,0.32,1.03,202574.67
gmna,Make,2024,Actual,P00066399,368.5,Total,D3I450460,FTD_OTHER_DIE_PREP_9-11_FSD,FENDER OTR,11.03,,10,10,DIE-PREP,33395.86,,224686.83,1.93,1.14,3.07,604997.01
gmna,Make,2024,Actual,P00066382,214.3,Subassembly,D3N300160,FTD_OTHER_DAS_9-11_FSD,FENDER OTR,11.03,,1,1,DAS,17906.908,,116112.2,1.73,0.59,2.32,456889.62
gmna,Make,2024,Actual,P00066393,91.9,Process Planning,D3I450460,FTD_OTHER_DIE_PREP_9-11_FSD,FENDER OTR,11.03,,1,1,DIE-PREP,8081.389,,223880.53,2.04,1.14,3.17,626041.56
gmna,Make,2024,Actual,P00066399,80.4,Process Planning,D3I450460,FTD_OTHER_DIE_PREP_9-11_FSD,FENDER OTR,11.03,,1,1,DIE-PREP,7089.449,,224686.83,1.93,1.14,3.07,604997.01
gmna,Make,2024,Actual,P00066416,449.6,Patterns,D3I450560,FTD_FENDER_DIE_PREP_12-14_FSD,FENDER OTR,11.03,,6,6,DIE-PREP,41052.976,,116112.2,1.73,0.59,2.32,456889.62
gmna,Make,2024,Actual,P00066399,288.1,Patterns,D3I450460,FTD_OTHER_DIE_PREP_9-11_FSD,FENDER OTR,11.03,,6,6,DIE-PREP,26306.411,,224686.83,1.93,1.14,3.07,604997.01
gmna,Make,2024,Actual,P00066393,286.9,Patterns,D3I450460,FTD_OTHER_DIE_PREP_9-11_FSD,FENDER OTR,11.03,,6,6,DIE-PREP,26196.839,,223880.53,2.04,1.14,3.17,626041.56
gmna,Make,2024,Actual,P00066388,272.4,Patterns,D3I450460,FTD_OTHER_DIE_PREP_9-11_FSD,FENDER OTR,11.03,,6,6,DIE-PREP,22761.744,,162343.23,1.65,0.82,2.47,487713.52
gmna,Make,2024,Actual,P00066387,727,Initial Machining,D3N300160,FTD_OTHER_DAS_9-11_FSD,FENDER OTR,11.03,,1,1,DAS,60748.12,,162343.23,1.65,0.82,2.47,487713.52
gmna,Make,2024,Actual,P00066382,658.7,Initial Machining,D3N300160,FTD_OTHER_DAS_9-11_FSD,FENDER OTR,11.03,,1,1,DAS,58974.872,,116112.2,1.73,0.59,2.32,456889.62
gmna,Make,2024,Actual,P00066388,203.1,Foundry,D3I450460,FTD_OTHER_DIE_PREP_9-11_FSD,FENDER OTR,11.03,,3,3,DIE-PREP,16971.036,,162343.23,1.65,0.82,2.47,487713.52
gmna,Make,2024,Actual,P00066387,484.1,Final Machining,D3N300160,FTD_OTHER_DAS_9-11_FSD,FENDER OTR,11.03,,1,1,DAS,40451.396,,162343.23,1.65,0.82,2.47,487713.52
gmna,Make,2024,Actual,P00066382,430.4,Final Machining,D3N300160,FTD_OTHER_DAS_9-11_FSD,FENDER OTR,11.03,,1,1,DAS,35964.224,,116112.2,1.73,0.59,2.32,456889.62
gmna,Make,2024,Actual,P00066390,496.4,Design,D2Y450260,FTD_OTHER_DSGN_9-11_FSD,FENDER OTR,11.03,,6,6,DSGN,34430.304,,162343.23,1.65,0.82,2.47,487713.52
gmna,Make,2024,Actual,P00066393,378.8,Total,D3I450460,FTD_OTHER_DIE_PREP_9-11_FSD,FENDER OTR,11.03,,10,10,DIE-PREP,34278.228,,223880.53,2.04,1.14,3.17,626041.56
gmna,Make,2024,Actual,P00066401,481.5,Design,D2Y450260,FTD_OTHER_DSGN_9-11_FSD,FENDER OTR,11.03,,6,6,DSGN,33396.84,,224686.83,1.93,1.14,3.07,604997.01
gmna,Make,2024,Actual,P00066385,472,Total,D2Y450260,FTD_OTHER_DSGN_9-11_FSD,FENDER OTR,11.03,,6,6,DSGN,32737.92,,116112.2,1.73,0.59,2.32,456889.62
gmna,Make,2024,Actual,P00066401,481.5,Total,D2Y450260,FTD_OTHER_DSGN_9-11_FSD,FENDER OTR,11.03,,6,6,DSGN,33396.84,,224686.83,1.93,1.14,3.07,604997.01
gmna,Make,2024,Actual,P00066405,3105.2,Iteration,D3D200541,NEW_FTD_FENDER_DD_10-12_FSD,FENDER OTR,11.03,,5,5,DD,248560.652,,,,,,
gmna,Make,2024,Actual,P00066405,1323.2,Iteration,D3D200541,NEW_FTD_FENDER_DD_10-12_FSD,FENDER OTR,11.03,,2,2,DD,107558.322,,,,,,
gmna,Make,2024,Actual,P00066405,4872.3,Iteration,D3D200541,NEW_FTD_FENDER_DD_10-12_FSD,FENDER OTR,11.03,,3,3,DD,394093.078,,,,,,
gmna,Make,2024,Actual,P00066405,321,Iteration,D3D200541,NEW_FTD_FENDER_DD_10-12_FSD,FENDER OTR,11.03,,2,2,DD,26032.53,,,,,,
gmna,Make,2024,Actual,P00066396,952.6,V2,D3J350360,FTD_OTHER_V2_9-11_FSD,FENDER OTR,11.03,,1,1,V2,79599.256,,223880.53,2.04,1.14,3.17,626041.56
gmna,Make,2024,Actual,P00066402,528.9,V2,D3J350360,FTD_OTHER_V2_9-11_FSD,FENDER OTR,11.03,,1,1,V2,44194.884,,224686.83,1.93,1.14,3.07,604997.01
gmna,Make,2024,Actual,P00066396,952.6,Total,D3J350360,FTD_OTHER_V2_9-11_FSD,FENDER OTR,11.03,,1,1,V2,79599.256,,223880.53,2.04,1.14,3.17,626041.56
gmna,Make,2024,Actual,P00066388,676.5,Total,D3I450460,FTD_OTHER_DIE_PREP_9-11_FSD,FENDER OTR,11.03,,10,10,DIE-PREP,56962.34,,162343.23,1.65,0.82,2.47,487713.52
gmna,Make,2024,Actual,P00066402,528.9,Total,D3J350360,FTD_OTHER_V2_9-11_FSD,FENDER OTR,11.03,,1,1,V2,44194.884,,224686.83,1.93,1.14,3.07,604997.01
gmna,Make,2024,Actual,P00066416,519.8,Total,D3I450560,FTD_FENDER_DIE_PREP_12-14_FSD,FENDER OTR,11.03,,10,10,DIE-PREP,47152.938,,116112.2,1.73,0.59,2.32,456889.62
gmna,Make,2024,Actual,P00066390,496.4,Total,D2Y450260,FTD_OTHER_DSGN_9-11_FSD,FENDER OTR,11.03,,6,6,DSGN,34430.304,,162343.23,1.65,0.82,2.47,487713.52
gmna,Make,2024,Actual,P00066395,480,Total,D2Y450260,FTD_OTHER_DSGN_9-11_FSD,FENDER OTR,11.03,,6,6,DSGN,33292.8,,223880.53,2.04,1.14,3.17,626041.56
gmna,Make,2024,Actual,P00066405,317.1,Iteration,D3D200541,NEW_FTD_FENDER_DD_10-12_FSD,FENDER OTR,11.03,,2,2,DD,25371.171,,,,,,
gmna,Make,2024,Actual,P00066395,480,Design,D2Y450260,FTD_OTHER_DSGN_9-11_FSD,FENDER OTR,11.03,,6,6,DSGN,33292.8,,223880.53,2.04,1.14,3.17,626041.56
gmna,Make,2024,Actual,P00069192,457.8,Total,D3I450480,FTD_OTHER_DIE_PREP_11-14_FSD,FENDER OTR,11,,7,7,DIE-PREP,38214.718,,156738.72,1.7,0.79,2.5,492107.95
gmna,Make,2024,Actual,P00069186,391.2,Total,D3I450480,FTD_OTHER_DIE_PREP_11-14_FSD,FENDER OTR,11,,7,7,DIE-PREP,32541.347,,118540.92,1.69,0.6,2.3,452707.21
gmna,Make,2024,Actual,P00069195,144,Total,D3N300180,FTD_OTHER_DAS_11-14_FSD,FENDER OTR,11,,1,1,DAS,11521.44,,191377.75,1.96,0.97,2.93,578316.46
gmna,Make,2024,Actual,P00069186,61.5,Process Planning,D3I450480,FTD_OTHER_DIE_PREP_11-14_FSD,FENDER OTR,11,,1,1,DIE-PREP,4991.615,,118540.92,1.69,0.6,2.3,452707.21
gmna,Make,2024,Actual,P00069192,36,Process Planning,D3I450480,FTD_OTHER_DIE_PREP_11-14_FSD,FENDER OTR,11,,1,1,DIE-PREP,3008.16,,156738.72,1.7,0.79,2.5,492107.95
gmna,Make,2024,Actual,P00069192,421.8,Patterns,D3I450480,FTD_OTHER_DIE_PREP_11-14_FSD,FENDER OTR,11,,6,6,DIE-PREP,35206.558,,156738.72,1.7,0.79,2.5,492107.95
gmna,Make,2024,Actual,P00069186,329.7,Patterns,D3I450480,FTD_OTHER_DIE_PREP_11-14_FSD,FENDER OTR,11,,6,6,DIE-PREP,27549.732,,118540.92,1.69,0.6,2.3,452707.21
gmna,Make,2024,Actual,P00069190,673.3,Initial Machining,D3N300180,FTD_OTHER_DAS_11-14_FSD,FENDER OTR,11,,1,1,DAS,53870.733,,156738.72,1.7,0.79,2.5,492107.95
gmna,Make,2024,Actual,P00069205,513,Design,D2Y450280,FTD_OTHER_DSGN_11-14_FSD,FENDER OTR,11,,6,6,DSGN,38787.93,,214370.38,2.19,1.09,3.27,645367.01
gmna,Make,2024,Actual,P00069198,501.8,Design,D2Y450280,FTD_OTHER_DSGN_11-14_FSD,FENDER OTR,11,,6,6,DSGN,37941.098,,191377.75,1.96,0.97,2.93,578316.46
gmna,Make,2024,Actual,P00069193,495,Design,D2Y450280,FTD_OTHER_DSGN_11-14_FSD,FENDER OTR,11,,6,6,DSGN,37426.95,,156738.72,1.7,0.79,2.5,492107.95
gmna,Make,2024,Actual,P00069187,490.3,Design,D2Y450280,FTD_OTHER_DSGN_11-14_FSD,FENDER OTR,11,,6,6,DSGN,37071.583,,118540.92,1.69,0.6,2.3,452707.21
gmna,Make,2024,Actual,P00069190,686.5,Assembly,D3N300180,FTD_OTHER_DAS_11-14_FSD,FENDER OTR,11,,1,1,DAS,54926.865,,156738.72,1.7,0.79,2.5,492107.95
gmna,Make,2024,Actual,P00069187,490.3,Total,D2Y450280,FTD_OTHER_DSGN_11-14_FSD,FENDER OTR,11,,6,6,DSGN,37071.583,,118540.92,1.69,0.6,2.3,452707.21
gmna,Make,2024,Actual,P00066385,472,Design,D2Y450260,FTD_OTHER_DSGN_9-11_FSD,FENDER OTR,11.03,,6,6,DSGN,32737.92,,116112.2,1.73,0.59,2.32,456889.62
gmna,Make,2024,Actual,P00069193,495,Total,D2Y450280,FTD_OTHER_DSGN_11-14_FSD,FENDER OTR,11,,6,6,DSGN,37426.95,,156738.72,1.7,0.79,2.5,492107.95
gmna,Make,2024,Actual,P00069205,513,Total,D2Y450280,FTD_OTHER_DSGN_11-14_FSD,FENDER OTR,11,,6,6,DSGN,38787.93,,214370.38,2.19,1.09,3.27,645367.01
gmna,Make,2024,Actual,P00066387,403.2,Assembly,D3N300160,FTD_OTHER_DAS_9-11_FSD,FENDER OTR,11.03,,1,1,DAS,33691.392,,162343.23,1.65,0.82,2.47,487713.52
gmna,Make,2024,Actual,P00070752,1613.8,V6,D3D200590,NEW_FTD_FENDER_DD_12-14_FSD,FENDER OTR,11,,3,3,DD,129120.138,,,,,,
gmna,Make,2024,Actual,P00070752,241.4,Iteration,D3D200590,NEW_FTD_FENDER_DD_12-14_FSD,FENDER OTR,11,,2,2,DD,19314.414,,,,,,
gmna,Make,2024,Actual,P00070752,421.2,Iteration,D3D200590,NEW_FTD_FENDER_DD_12-14_FSD,FENDER OTR,11,,4,4,DD,33700.212,,,,,,
gmna,Make,2024,Actual,P00070752,1347.9,Iteration,D3D200590,NEW_FTD_FENDER_DD_12-14_FSD,FENDER OTR,11,,2,2,DD,107845.479,,,,,,
gmna,Make,2024,Actual,P00070752,8254.6,Iteration,D3D200590,NEW_FTD_FENDER_DD_12-14_FSD,FENDER OTR,11,,2,2,DD,660450.546,,,,,,
gmna,Make,2024,Actual,P00070752,880.9,Iteration,D3D200590,NEW_FTD_FENDER_DD_12-14_FSD,FENDER OTR,11,,2,2,DD,70480.809,,,,,,
gmna,Make,2024,Actual,P00069199,1855.5,V2,D3J350380,FTD_OTHER_V2_11-14_FSD,FENDER OTR,11,,1,1,V2,148458.555,,214370.38,2.19,1.09,3.27,645367.01
gmna,Make,2024,Actual,P00069189,1419.9,V2,D3J350380,FTD_OTHER_V2_11-14_FSD,FENDER OTR,11,,1,1,V2,113606.199,,156738.72,1.7,0.79,2.5,492107.95
gmna,Make,2024,Actual,P00069184,1989.2,V1,D3M350180,FTD_OTHER_V1_11-14_FSD,FENDER OTR,11,,1,1,V1,159155.892,,118540.92,1.69,0.6,2.3,452707.21
gmna,Make,2024,Actual,P00069199,1855.5,Total,D3J350380,FTD_OTHER_V2_11-14_FSD,FENDER OTR,11,,1,1,V2,148458.555,,214370.38,2.19,1.09,3.27,645367.01
gmna,Make,2024,Actual,P00069189,1419.9,Total,D3J350380,FTD_OTHER_V2_11-14_FSD,FENDER OTR,11,,1,1,V2,113606.199,,156738.72,1.7,0.79,2.5,492107.95
gmna,Make,2024,Actual,P00069185,1306.2,Total,D3N300180,FTD_OTHER_DAS_11-14_FSD,FENDER OTR,11,,2,2,DAS,104651.947,,118540.92,1.69,0.6,2.3,452707.21
gmna,Make,2024,Actual,P00069198,501.8,Total,D2Y450280,FTD_OTHER_DSGN_11-14_FSD,FENDER OTR,11,,6,6,DSGN,37941.098,,191377.75,1.96,0.97,2.93,578316.46
gmna,Make,2024,Actual,P00066405,583.1,V6,D3D200541,NEW_FTD_FENDER_DD_10-12_FSD,FENDER OTR,11.03,,3,3,DD,46653.831,,,,,,
gmna,Make,2024,Actual,P00078211,1118,Total,D3N300160,FTD_OTHER_DAS_9-11_FSD,FRONT DOOR,2.3,0,4,4,DAS,89451.18,,116490.29,1.71,0.59,2.3,452776.11
gmna,Make,2024,Actual,P00078210,921.8,Total,D3M350160,FTD_OTHER_V1_9-11_FSD,FRONT DOOR,2.3,0,1,1,V1,73753.218,,116490.29,1.71,0.59,2.3,452776.11
gmna,Make,2024,Actual,P00078213,262.9,Total,D3I450460,FTD_OTHER_DIE_PREP_9-11_FSD,FRONT DOOR,2.3,0,6,6,DIE-PREP,21034.629,,116490.29,1.71,0.59,2.3,452776.11
gmna,Make,2024,Actual,P00078213,257.9,Patterns,D3I450460,FTD_OTHER_DIE_PREP_9-11_FSD,FRONT DOOR,2.3,0,5,5,DIE-PREP,20634.579,,116490.29,1.71,0.59,2.3,452776.11
gmna,Make,2024,Actual,P00078211,978.5,Assembly,D3N300160,FTD_OTHER_DAS_9-11_FSD,FRONT DOOR,2.3,0,1,1,DAS,78289.785,,116490.29,1.71,0.59,2.3,452776.11
gmna,Make,2024,Actual,P00073410,773.3,V6,D3D200590,NEW_FTD_FENDER_DD_12-14_FSD,FENDER OTR,11.83,,3,3,DD,61871.733,,,,,,
gmna,Make,2024,Actual,P00073410,65,Iteration,D3D200590,NEW_FTD_FENDER_DD_12-14_FSD,FENDER OTR,11.83,,2,2,DD,5200.65,,,,,,
gmna,Make,2024,Actual,P00073410,6974.9,Iteration,D3D200590,NEW_FTD_FENDER_DD_12-14_FSD,FENDER OTR,11.83,,5,5,DD,558061.749,,,,,,
gmna,Make,2024,Actual,P00073410,1384.3,Iteration,D3D200590,NEW_FTD_FENDER_DD_12-14_FSD,FENDER OTR,11.83,,2,2,DD,110757.843,,,,,,
gmna,Make,2024,Actual,P00073410,4939.6,Iteration,D3D200590,NEW_FTD_FENDER_DD_12-14_FSD,FENDER OTR,11.83,,3,3,DD,395217.396,,,,,,
gmna,Make,2024,Actual,P00072573,1608.6,V2,D3J350460,FTD_FENDER_V2_12-14_FSD,FENDER OTR,11.83,,1,1,V2,128704.086,,200799.1,2.08,1.02,3.1,610686.66
gmna,Make,2024,Actual,P00078210,921.8,V1,D3M350160,FTD_OTHER_V1_9-11_FSD,FRONT DOOR,2.3,0,1,1,V1,73753.218,,116490.29,1.71,0.59,2.3,452776.11
gmna,Make,2024,Actual,P00072591,1154.7,V2,D3J350460,FTD_FENDER_V2_12-14_FSD,FENDER OTR,11.83,,1,1,V2,92387.547,,224913.68,2.33,1.14,3.47,685047.57
gmna,Make,2024,Actual,P00069368,344.8,Assembly,D3N300120,FTD_OTHER_DAS_5-7_FSD,DASH,4.39,,1,1,DAS,27587.448,,67795.89,0.58,0.34,0.93,182690.25
gmna,Make,2024,Actual,P00069339,195.8,Patterns,D3I450420,FTD_OTHER_DIE_PREP_5-7_FSD,DASH,4.39,,6,6,DIE-PREP,16361.048,,77649.08,1.27,0.39,1.67,328643.73
gmna,Make,2024,Actual,P00069366,181.9,Patterns,D3I450420,FTD_OTHER_DIE_PREP_5-7_FSD,DASH,4.39,,6,6,DIE-PREP,15199.564,,67795.89,0.58,0.34,0.93,182690.25
gmna,Make,2024,Actual,P00069345,126,Patterns,D3I450420,FTD_OTHER_DIE_PREP_5-7_FSD,DASH,4.39,,6,6,DIE-PREP,10528.56,,62704.12,0.71,0.32,1.03,202574.67
gmna,Make,2024,Actual,P00069347,236,Initial Machining,D3N300120,FTD_OTHER_DAS_5-7_FSD,DASH,4.39,,1,1,DAS,19287.06,,62704.12,0.71,0.32,1.03,202574.67
gmna,Make,2024,Actual,P00069342,226.6,Initial Machining,D3N300120,FTD_OTHER_DAS_5-7_FSD,DASH,4.39,,1,1,DAS,18813.996,,77649.08,1.27,0.39,1.67,328643.73
gmna,Make,2024,Actual,P00069373,216.6,Initial Machining,D3N300120,FTD_OTHER_DAS_5-7_FSD,DASH,4.39,,1,1,DAS,17330.166,,54897.65,0.48,0.28,0.76,149592.21
gmna,Make,2024,Actual,P00069368,191.9,Initial Machining,D3N300120,FTD_OTHER_DAS_5-7_FSD,DASH,4.39,,1,1,DAS,15353.919,,67795.89,0.58,0.34,0.93,182690.25
gmna,Make,2024,Actual,P00069368,144.9,Final Machining,D3N300120,FTD_OTHER_DAS_5-7_FSD,DASH,4.39,,1,1,DAS,11593.449,,67795.89,0.58,0.34,0.93,182690.25
gmna,Make,2024,Actual,P00069373,134.9,Final Machining,D3N300120,FTD_OTHER_DAS_5-7_FSD,DASH,4.39,,1,1,DAS,10793.349,,54897.65,0.48,0.28,0.76,149592.21
gmna,Make,2024,Actual,P00069337,316,Design,D2Y450220,FTD_OTHER_DSGN_5-7_FSD,DASH,4.39,,6,6,DSGN,23892.76,,77649.08,1.27,0.39,1.67,328643.73
gmna,Make,2024,Actual,P00069344,299.5,Design,D2Y450220,FTD_OTHER_DSGN_5-7_FSD,DASH,4.39,,6,6,DSGN,22645.195,,62704.12,0.71,0.32,1.03,202574.67
gmna,Make,2024,Actual,P00069342,640.5,Assembly,D3N300120,FTD_OTHER_DAS_5-7_FSD,DASH,4.39,,1,1,DAS,51246.405,,77649.08,1.27,0.39,1.67,328643.73
gmna,Make,2024,Actual,P00072567,990.9,V2,D3J350460,FTD_FENDER_V2_12-14_FSD,FENDER OTR,11.83,,1,1,V2,79281.909,,182854.41,1.83,0.93,2.75,543084.45
gmna,Make,2024,Actual,P00072491,1815.1,V1,D3M350260,FTD_FENDER_V1_12-14_FSD,FENDER OTR,11.83,,1,1,V1,145226.151,,122330.55,1.89,0.62,2.51,495382.55
gmna,Make,2024,Actual,P00072494,35,Process Planning,D3I450560,FTD_FENDER_DIE_PREP_12-14_FSD,FENDER OTR,11.83,,1,1,DIE-PREP,2800.35,,122330.55,1.89,0.62,2.51,495382.55
gmna,Make,2024,Actual,P00072576,501.1,Patterns,D3I450560,FTD_FENDER_DIE_PREP_12-14_FSD,FENDER OTR,11.83,,6,6,DIE-PREP,40093.011,,200799.1,2.08,1.02,3.1,610686.66
gmna,Make,2024,Actual,P00072594,449.6,Patterns,D3I450560,FTD_FENDER_DIE_PREP_12-14_FSD,FENDER OTR,11.83,,6,6,DIE-PREP,35972.496,,224913.68,2.33,1.14,3.47,685047.57
gmna,Make,2024,Actual,P00072568,865.7,Initial Machining,D3N300260,FTD_FENDER_DAS_12-14_FSD,FENDER OTR,11.83,,1,1,DAS,69264.657,,182854.41,1.83,0.93,2.75,543084.45
gmna,Make,2024,Actual,P00072492,679.4,Initial Machining,D3N300260,FTD_FENDER_DAS_12-14_FSD,FENDER OTR,11.83,,1,1,DAS,54358.794,,122330.55,1.89,0.62,2.51,495382.55
gmna,Make,2024,Actual,P00072571,774,Design,D2Y450700,FTD_DSGN_DIE_FSD,FENDER OTR,11.83,,3,3,DSGN,59616.128,,182854.41,1.83,0.93,2.75,543084.45
gmna,Make,2024,Actual,P00072595,722.2,Design,D2Y450700,FTD_DSGN_DIE_FSD,FENDER OTR,11.83,,3,3,DSGN,55217.947,,224913.68,2.33,1.14,3.47,685047.57
gmna,Make,2024,Actual,P00072577,720.1,Design,D2Y450700,FTD_DSGN_DIE_FSD,FENDER OTR,11.83,,3,3,DSGN,55191.305,,200799.1,2.08,1.02,3.1,610686.66
gmna,Make,2024,Actual,P00072496,290,Design,D2Y450700,FTD_DSGN_DIE_FSD,FENDER OTR,11.83,,3,3,DSGN,21926.9,,122330.55,1.89,0.62,2.51,495382.55
gmna,Make,2024,Actual,P00072570,36,Process Planning,D3I450560,FTD_FENDER_DIE_PREP_12-14_FSD,FENDER OTR,11.83,,1,1,DIE-PREP,2880.36,,182854.41,1.83,0.93,2.75,543084.45
gmna,Make,2024,Actual,P00072594,41.1,Process Planning,D3I450560,FTD_FENDER_DIE_PREP_12-14_FSD,FENDER OTR,11.83,,1,1,DIE-PREP,3288.411,,224913.68,2.33,1.14,3.47,685047.57
gmna,Make,2024,Actual,P00072576,49.9,Process Planning,D3I450560,FTD_FENDER_DIE_PREP_12-14_FSD,FENDER OTR,11.83,,1,1,DIE-PREP,3992.499,,200799.1,2.08,1.02,3.1,610686.66
gmna,Make,2024,Actual,P00072573,1608.6,Total,D3J350460,FTD_FENDER_V2_12-14_FSD,FENDER OTR,11.83,,1,1,V2,128704.086,,200799.1,2.08,1.02,3.1,610686.66
gmna,Make,2024,Actual,P00072591,1154.7,Total,D3J350460,FTD_FENDER_V2_12-14_FSD,FENDER OTR,11.83,,1,1,V2,92387.547,,224913.68,2.33,1.14,3.47,685047.57
gmna,Make,2024,Actual,P00072567,990.9,Total,D3J350460,FTD_FENDER_V2_12-14_FSD,FENDER OTR,11.83,,1,1,V2,79281.909,,182854.41,1.83,0.93,2.75,543084.45
gmna,Make,2024,Actual,P00072571,774,Total,D2Y450700,FTD_DSGN_DIE_FSD,FENDER OTR,11.83,,3,3,DSGN,59616.128,,182854.41,1.83,0.93,2.75,543084.45
gmna,Make,2024,Actual,P00072595,722.2,Total,D2Y450700,FTD_DSGN_DIE_FSD,FENDER OTR,11.83,,3,3,DSGN,55217.947,,224913.68,2.33,1.14,3.47,685047.57
gmna,Make,2024,Actual,P00072577,720.1,Total,D2Y450700,FTD_DSGN_DIE_FSD,FENDER OTR,11.83,,3,3,DSGN,55191.305,,200799.1,2.08,1.02,3.1,610686.66
gmna,Make,2024,Actual,P00068606,298.9,Iteration,D3D200481,NEW_FTD_OTHER_DD_11-14_FSD,DOOR OTR,3.16,,4,4,DD,24976.084,,,,,,
gmna,Make,2024,Actual,P00072576,551,Total,D3I450560,FTD_FENDER_DIE_PREP_12-14_FSD,FENDER OTR,11.83,,7,7,DIE-PREP,44085.51,,200799.1,2.08,1.02,3.1,610686.66
gmna,Make,2024,Actual,P00072594,490.7,Total,D3I450560,FTD_FENDER_DIE_PREP_12-14_FSD,FENDER OTR,11.83,,7,7,DIE-PREP,39260.907,,224913.68,2.33,1.14,3.47,685047.57
gmna,Make,2024,Actual,P00072496,290,Total,D2Y450700,FTD_DSGN_DIE_FSD,FENDER OTR,11.83,,3,3,DSGN,21926.9,,122330.55,1.89,0.62,2.51,495382.55
gmna,Make,2024,Actual,P00072778,129,Total,D2Y450710,FTD_DSGN_P2_UPDATE_FSD,FENDER OTR,11.83,,4,4,DSGN,10320,,122330.55,1.89,0.62,2.51,495382.55
gmna,Make,2024,Actual,P00072568,719.8,Subassembly,D3N300260,FTD_FENDER_DAS_12-14_FSD,FENDER OTR,11.83,,1,1,DAS,57591.198,,182854.41,1.83,0.93,2.75,543084.45
gmna,Make,2024,Actual,P00072494,540,Total,D3I450560,FTD_FENDER_DIE_PREP_12-14_FSD,FENDER OTR,11.83,,7,7,DIE-PREP,43205.4,,122330.55,1.89,0.62,2.51,495382.55
gmna,Make,2024,Actual,P00068606,10,Iteration,D3D200481,NEW_FTD_OTHER_DD_11-14_FSD,DOOR OTR,3.16,,4,4,DD,835.6,,,,,,
gmna,Make,2024,Actual,P00071774,202.3,Iteration,D3D200421,NEW_FTD_OTHER_DD_5-7_FSD,ROOF REINF,6.04,,2,2,DD,16186.023,,,,,,
gmna,Make,2025,Actual,P00074830,80.8,Total,D2Y450710.1,FTD Design-UPD,ROOF,6.47,7.12,4,4,DSGN,6464,,62201.13,0.8,0.32,1.11,219481.97
gmna,Make,2025,Actual,P00070647,298.5,Patterns,D3I450460,FTD_OTHER_DIE_PREP_9-11_FSD,DASH,8.52,,6,6,DIE-PREP,24942.66,,112756.18,2.14,0.57,2.71,534322.97
gmna,Make,2025,Actual,P00070662,62.8,Process Planning,D3I450460,FTD_OTHER_DIE_PREP_9-11_FSD,DASH,8.52,,1,1,DIE-PREP,5247.568,,107794.91,1.22,0.55,1.77,348517.7
gmna,Make,2025,Actual,P00070657,66.1,Process Planning,D3I450460,FTD_OTHER_DIE_PREP_9-11_FSD,DASH,8.52,,1,1,DIE-PREP,5523.316,,112304.92,1.26,0.57,1.83,360083.35
gmna,Make,2025,Actual,P00070652,88,Process Planning,D3I450460,FTD_OTHER_DIE_PREP_9-11_FSD,DASH,8.52,,1,1,DIE-PREP,7353.28,,150412.64,1.44,0.76,2.21,434926.64
gmna,Make,2025,Actual,P00070647,95.6,Process Planning,D3I450460,FTD_OTHER_DIE_PREP_9-11_FSD,DASH,8.52,,1,1,DIE-PREP,7988.336,,112756.18,2.14,0.57,2.71,534322.97
gmna,Make,2025,Actual,P00070662,283,Patterns,D3I450460,FTD_OTHER_DIE_PREP_9-11_FSD,DASH,8.52,,6,6,DIE-PREP,23647.48,,107794.91,1.22,0.55,1.77,348517.7
gmna,Make,2025,Actual,P00072350,118,Subassembly,D3N300140,FTD_OTHER_DAS_7-9_FSD,DASH,8.52,,1,1,DAS,9860.08,,107794.91,1.22,0.55,1.77,348517.7
gmna,Make,2025,Actual,P00072207,358.9,Subassembly,D3N300140,FTD_OTHER_DAS_7-9_FSD,DASH,8.52,,1,1,DAS,29989.684,,112304.92,1.26,0.57,1.83,360083.35
gmna,Make,2025,Actual,P00070662,389.3,Total,D3I450460,FTD_OTHER_DIE_PREP_9-11_FSD,DASH,8.52,,10,10,DIE-PREP,32529.908,,107794.91,1.22,0.55,1.77,348517.7
gmna,Make,2025,Actual,P00070657,410.6,Total,D3I450460,FTD_OTHER_DIE_PREP_9-11_FSD,DASH,8.52,,10,10,DIE-PREP,34309.736,,112304.92,1.26,0.57,1.83,360083.35
gmna,Make,2025,Actual,P00070652,448.6,Total,D3I450460,FTD_OTHER_DIE_PREP_9-11_FSD,DASH,8.52,,10,10,DIE-PREP,37371.416,,150412.64,1.44,0.76,2.21,434926.64
gmna,Make,2025,Actual,P00070648,462.1,Total,D2Y450260,FTD_OTHER_DSGN_9-11_FSD,DASH,8.52,,6,6,DSGN,34939.381,,112756.18,2.14,0.57,2.71,534322.97
gmna,Make,2025,Actual,P00070658,467,Total,D2Y450260,FTD_OTHER_DSGN_9-11_FSD,DASH,8.52,,6,6,DSGN,35309.87,,112304.92,1.26,0.57,1.83,360083.35
gmna,Make,2025,Actual,P00072204,313.4,Subassembly,D3N300140,FTD_OTHER_DAS_7-9_FSD,DASH,8.52,,1,1,DAS,26187.704,,150412.64,1.44,0.76,2.21,434926.64
gmna,Make,2025,Actual,P00070653,469.5,Total,D2Y450260,FTD_OTHER_DSGN_9-11_FSD,DASH,8.52,,6,6,DSGN,35498.895,,150412.64,1.44,0.76,2.21,434926.64
gmna,Make,2025,Actual,P00070657,279.5,Patterns,D3I450460,FTD_OTHER_DIE_PREP_9-11_FSD,DASH,8.52,,6,6,DIE-PREP,23355.02,,112304.92,1.26,0.57,1.83,360083.35
gmna,Make,2025,Actual,P00070658,467,Design,D2Y450260,FTD_OTHER_DSGN_9-11_FSD,DASH,8.52,,6,6,DSGN,35309.87,,112304.92,1.26,0.57,1.83,360083.35
gmna,Make,2025,Actual,P00070653,469.5,Design,D2Y450260,FTD_OTHER_DSGN_9-11_FSD,DASH,8.52,,6,6,DSGN,35498.895,,150412.64,1.44,0.76,2.21,434926.64
gmna,Make,2025,Actual,P00070663,477,Design,D2Y450260,FTD_OTHER_DSGN_9-11_FSD,DASH,8.52,,6,6,DSGN,36065.97,,107794.91,1.22,0.55,1.77,348517.7
gmna,Make,2025,Actual,P00072350,264.5,Final Machining,D3N300140,FTD_OTHER_DAS_7-9_FSD,DASH,8.52,,1,1,DAS,22039.495,,107794.91,1.22,0.55,1.77,348517.7
gmna,Make,2025,Actual,P00072207,375.9,Final Machining,D3N300140,FTD_OTHER_DAS_7-9_FSD,DASH,8.52,,1,1,DAS,31410.204,,112304.92,1.26,0.57,1.83,360083.35
gmna,Make,2025,Actual,P00072204,420.1,Final Machining,D3N300140,FTD_OTHER_DAS_7-9_FSD,DASH,8.52,,1,1,DAS,35103.556,,150412.64,1.44,0.76,2.21,434926.64
gmna,Make,2025,Actual,P00070652,272.2,Patterns,D3I450460,FTD_OTHER_DIE_PREP_9-11_FSD,DASH,8.52,,6,6,DIE-PREP,22745.032,,150412.64,1.44,0.76,2.21,434926.64
gmna,Make,2025,Actual,P00072202,521.2,Final Machining,D3N300140,FTD_OTHER_DAS_7-9_FSD,DASH,8.52,,1,1,DAS,43551.472,,112756.18,2.14,0.57,2.71,534322.97
gmna,Make,2025,Actual,P00070657,65,Foundry,D3I450460,FTD_OTHER_DIE_PREP_9-11_FSD,DASH,8.52,,3,3,DIE-PREP,5431.4,,112304.92,1.26,0.57,1.83,360083.35
gmna,Make,2025,Actual,P00070652,88.4,Foundry,D3I450460,FTD_OTHER_DIE_PREP_9-11_FSD,DASH,8.52,,3,3,DIE-PREP,7273.104,,150412.64,1.44,0.76,2.21,434926.64
gmna,Make,2025,Actual,P00070647,174.7,Foundry,D3I450460,FTD_OTHER_DIE_PREP_9-11_FSD,DASH,8.52,,3,3,DIE-PREP,14281.272,,112756.18,2.14,0.57,2.71,534322.97
gmna,Make,2025,Actual,P00072202,300.3,Initial Machining,D3N300140,FTD_OTHER_DAS_7-9_FSD,DASH,8.52,,1,1,DAS,25093.068,,112756.18,2.14,0.57,2.71,534322.97
gmna,Make,2025,Actual,P00072350,318.9,Initial Machining,D3N300140,FTD_OTHER_DAS_7-9_FSD,DASH,8.52,,1,1,DAS,26647.284,,107794.91,1.22,0.55,1.77,348517.7
gmna,Make,2025,Actual,P00072204,368.6,Initial Machining,D3N300140,FTD_OTHER_DAS_7-9_FSD,DASH,8.52,,1,1,DAS,30800.216,,150412.64,1.44,0.76,2.21,434926.64
gmna,Make,2025,Actual,P00070648,462.1,Design,D2Y450260,FTD_OTHER_DSGN_9-11_FSD,DASH,8.52,,6,6,DSGN,34939.381,,112756.18,2.14,0.57,2.71,534322.97
gmna,Make,2025,Actual,P00070663,477,Total,D2Y450260,FTD_OTHER_DSGN_9-11_FSD,DASH,8.52,,6,6,DSGN,36065.97,,107794.91,1.22,0.55,1.77,348517.7
gmna,Make,2025,Actual,P00072203,607.9,Total,D3J350340,FTD_OTHER_V2_7-9_FSD,DASH,8.52,,1,1,V2,49632.079,,150412.64,1.44,0.76,2.21,434926.64
gmna,Make,2025,Actual,P00073869,1238.1,V2,D3J350440,FTD_FENDER_V2_10-12_FSD,FENDER OTR,10.46,,1,1,V2,99060.381,,159216.73,1.68,0.81,2.49,491195.39
gmna,Make,2025,Actual,P00073870,1048.2,V2,D3J350440,FTD_FENDER_V2_10-12_FSD,FENDER OTR,10.46,,1,1,V2,83866.482,,181210.26,2.26,0.92,3.18,626146.05
gmna,Make,2025,Actual,P00073872,1516.2,Total,D3J350440,FTD_FENDER_V2_10-12_FSD,FENDER OTR,10.46,,1,1,V2,121311.162,,188727.51,1.6,0.96,2.56,504849.27
gmna,Make,2025,Actual,P00073872,1516.2,V2,D3J350440,FTD_FENDER_V2_10-12_FSD,FENDER OTR,10.46,,1,1,V2,121311.162,,188727.51,1.6,0.96,2.56,504849.27
gmna,Make,2025,Actual,P00073869,1238.1,Total,D3J350440,FTD_FENDER_V2_10-12_FSD,FENDER OTR,10.46,,1,1,V2,99060.381,,159216.73,1.68,0.81,2.49,491195.39
gmna,Make,2025,Actual,P00073870,1048.2,Total,D3J350440,FTD_FENDER_V2_10-12_FSD,FENDER OTR,10.46,,1,1,V2,83866.482,,181210.26,2.26,0.92,3.18,626146.05
gmna,Make,2025,Actual,P00073881,432.1,Total,D3I450540,FTD_FENDER_DIE_PREP_10-12_FSD,FENDER OTR,10.46,,6,6,DIE-PREP,34572.321,,110369.04,1.67,0.56,2.23,440026.87
gmna,Make,2025,Actual,P00073885,377.2,Total,D2Y450700,FTD_DSGN_DIE_FSD,FENDER OTR,10.46,,3,3,DSGN,30176,,110369.04,1.67,0.56,2.23,440026.87
gmna,Make,2025,Actual,P00073888,319.1,Total,D2Y450700,FTD_DSGN_DIE_FSD,FENDER OTR,10.46,,3,3,DSGN,25528,,188727.51,1.6,0.96,2.56,504849.27
gmna,Make,2025,Actual,P00073887,298.8,Total,D2Y450700,FTD_DSGN_DIE_FSD,FENDER OTR,10.46,,3,3,DSGN,23904,,181210.26,2.26,0.92,3.18,626146.05
gmna,Make,2025,Actual,P00073886,256,Total,D2Y450700,FTD_DSGN_DIE_FSD,FENDER OTR,10.46,,3,3,DSGN,20480,,159216.73,1.68,0.81,2.49,491195.39
gmna,Make,2025,Actual,P00073874,1088.4,Total,D3N300240,FTD_FENDER_DAS_10-12_FSD,FENDER OTR,10.46,,4,4,DAS,87082.884,,159216.73,1.68,0.81,2.49,491195.39
gmna,Make,2025,Actual,P00070647,568.8,Total,D3I450460,FTD_OTHER_DIE_PREP_9-11_FSD,DASH,8.52,,10,10,DIE-PREP,47212.268,,112756.18,2.14,0.57,2.71,534322.97
gmna,Make,2025,Actual,P00073420,175.9,Iteration,D3D200541,NEW_FTD_FENDER_DD_10-12_FSD,FENDER OTR,10.46,,2,2,DD,14073.759,,,,,,
gmna,Make,2025,Actual,P00072192,1013.6,Iteration,D3D200421,NEW_FTD_OTHER_DD_5-7_FSD,DASH,8.52,,5,5,DD,81098.136,,,,,,
gmna,Make,2025,Actual,P00072201,1145,Total,D3M350140,FTD_OTHER_V1_7-9_FSD,DASH,8.52,,1,1,V1,93397.1,,112756.18,2.14,0.57,2.71,534322.97
gmna,Make,2025,Actual,P00072350,1239,Total,D3N300140,FTD_OTHER_DAS_7-9_FSD,DASH,8.52,,4,4,DAS,101557.711,,107794.91,1.22,0.55,1.77,348517.7
gmna,Make,2025,Actual,P00072202,1508,Total,D3N300140,FTD_OTHER_DAS_7-9_FSD,DASH,8.52,,4,4,DAS,125308.228,,112756.18,2.14,0.57,2.71,534322.97
gmna,Make,2025,Actual,P00074808,391.2,Subassembly,D3N300120,FTD_OTHER_DAS_5-7_FSD,ROOF,6.47,7.12,1,1,DAS,31299.912,,84809.3,1.56,0.43,1.99,392469.45
gmna,Make,2025,Actual,P00072192,303.6,Iteration,D3D200421,NEW_FTD_OTHER_DD_5-7_FSD,DASH,8.52,,2,2,DD,24291.036,,,,,,
gmna,Make,2025,Actual,P00072203,607.9,V2,D3J350340,FTD_OTHER_V2_7-9_FSD,DASH,8.52,,1,1,V2,49632.079,,150412.64,1.44,0.76,2.21,434926.64
gmna,Make,2025,Actual,P00072192,1094.8,Iteration,D3D200421,NEW_FTD_OTHER_DD_5-7_FSD,DASH,8.52,,2,2,DD,88070.648,,,,,,
gmna,Make,2025,Actual,P00072192,2381.7,Iteration,D3D200421,NEW_FTD_OTHER_DD_5-7_FSD,DASH,8.52,,3,3,DD,190559.817,,,,,,
gmna,Make,2025,Actual,P00072192,422.9,Iteration,D3D200421,NEW_FTD_OTHER_DD_5-7_FSD,DASH,8.52,,2,2,DD,33836.229,,,,,,
gmna,Make,2025,Actual,P00072201,1145,V1,D3M350140,FTD_OTHER_V1_7-9_FSD,DASH,8.52,,1,1,V1,93397.1,,112756.18,2.14,0.57,2.71,534322.97
gmna,Make,2025,Actual,P00072202,621.9,Assembly,D3N300140,FTD_OTHER_DAS_7-9_FSD,DASH,8.52,,1,1,DAS,51265.712,,112756.18,2.14,0.57,2.71,534322.97
gmna,Make,2025,Actual,P00072204,544.6,Assembly,D3N300140,FTD_OTHER_DAS_7-9_FSD,DASH,8.52,,1,1,DAS,43624.96,,150412.64,1.44,0.76,2.21,434926.64
gmna,Make,2025,Actual,P00072350,537.6,Assembly,D3N300140,FTD_OTHER_DAS_7-9_FSD,DASH,8.52,,1,1,DAS,43010.852,,107794.91,1.22,0.55,1.77,348517.7
gmna,Make,2025,Actual,P00074817,336,Design,D2Y450700,FTD_DSGN_DIE_FSD,ROOF,6.47,7.12,3,3,DSGN,26880,,121373.11,1.4,0.62,2.02,398191.2
gmna,Make,2025,Actual,P00074828,270,Design,D2Y450700,FTD_DSGN_DIE_FSD,ROOF,6.47,7.12,3,3,DSGN,21600,,62201.13,0.8,0.32,1.11,219481.97
gmna,Make,2025,Actual,P00074811,255,Design,D2Y450700,FTD_DSGN_DIE_FSD,ROOF,6.47,7.12,3,3,DSGN,20400,,84809.3,1.56,0.43,1.99,392469.45
gmna,Make,2025,Actual,P00074830,80.8,Design,D2Y450710.1,FTD Design-UPD,ROOF,6.47,7.12,4,4,DSGN,6464,,62201.13,0.8,0.32,1.11,219481.97
gmna,Make,2025,Actual,P00074823,349.5,Design,D2Y450700,FTD_DSGN_DIE_FSD,ROOF,6.47,7.12,3,3,DSGN,27960,,95455.1,0.86,0.48,1.35,265649.71
gmna,Make,2025,Actual,P00074820,563.5,Assembly,D3N300120,FTD_OTHER_DAS_5-7_FSD,ROOF,6.47,7.12,1,1,DAS,45085.635,,95455.1,0.86,0.48,1.35,265649.71
gmna,Make,2025,Actual,P00074814,536,Assembly,D3N300120,FTD_OTHER_DAS_5-7_FSD,ROOF,6.47,7.12,1,1,DAS,42885.36,,121373.11,1.4,0.62,2.02,398191.2
gmna,Make,2025,Actual,P00074826,344.8,Assembly,D3N300120,FTD_OTHER_DAS_5-7_FSD,ROOF,6.47,7.12,1,1,DAS,27587.448,,62201.13,0.8,0.32,1.11,219481.97
gmna,Make,2025,Actual,P00073873,823.5,Assembly,D3N300240,FTD_FENDER_DAS_10-12_FSD,FENDER OTR,10.46,,1,1,DAS,65888.235,,110369.04,1.67,0.56,2.23,440026.87
gmna,Make,2025,Actual,P00073874,370.5,Assembly,D3N300240,FTD_FENDER_DAS_10-12_FSD,FENDER OTR,10.46,,1,1,DAS,29643.705,,159216.73,1.68,0.81,2.49,491195.39
gmna,Make,2025,Actual,P00074808,596.2,Assembly,D3N300120,FTD_OTHER_DAS_5-7_FSD,ROOF,6.47,7.12,1,1,DAS,47701.962,,84809.3,1.56,0.43,1.99,392469.45
gmna,Make,2025,Actual,P00074824,82,Total,D2Y450710.1,FTD Design-UPD,ROOF,6.47,7.12,4,4,DSGN,6560,,95455.1,0.86,0.48,1.35,265649.71
gmna,Make,2025,Actual,P00074826,159.1,Final Machining,D3N300120,FTD_OTHER_DAS_5-7_FSD,ROOF,6.47,7.12,1,1,DAS,12729.591,,62201.13,0.8,0.32,1.11,219481.97
gmna,Make,2025,Actual,P00074814,245.8,Final Machining,D3N300120,FTD_OTHER_DAS_5-7_FSD,ROOF,6.47,7.12,1,1,DAS,19666.458,,121373.11,1.4,0.62,2.02,398191.2
gmna,Make,2025,Actual,P00074816,24.4,Process Planning,D3I450420,FTD_OTHER_DIE_PREP_5-7_FSD,ROOF,6.47,7.12,1,1,DIE-PREP,1952.244,,121373.11,1.4,0.62,2.02,398191.2
gmna,Make,2025,Actual,P00074831,20,Process Planning,D3I450420,FTD_OTHER_DIE_PREP_5-7_FSD,ROOF,6.47,7.12,1,1,DIE-PREP,1600.2,,62201.13,0.8,0.32,1.11,219481.97
gmna,Make,2025,Actual,P00074810,19,Process Planning,D3I450420,FTD_OTHER_DIE_PREP_5-7_FSD,ROOF,6.47,7.12,1,1,DIE-PREP,1520.19,,84809.3,1.56,0.43,1.99,392469.45
gmna,Make,2025,Actual,P00074822,18,Process Planning,D3I450420,FTD_OTHER_DIE_PREP_5-7_FSD,ROOF,6.47,7.12,1,1,DIE-PREP,1440.18,,95455.1,0.86,0.48,1.35,265649.71
gmna,Make,2025,Actual,P00074822,189.7,Patterns,D3I450420,FTD_OTHER_DIE_PREP_5-7_FSD,ROOF,6.47,7.12,5,5,DIE-PREP,15177.897,,95455.1,0.86,0.48,1.35,265649.71
gmna,Make,2025,Actual,P00074808,183.4,Final Machining,D3N300120,FTD_OTHER_DAS_5-7_FSD,ROOF,6.47,7.12,1,1,DAS,14673.834,,84809.3,1.56,0.43,1.99,392469.45
gmna,Make,2025,Actual,P00074831,189.3,Patterns,D3I450420,FTD_OTHER_DIE_PREP_5-7_FSD,ROOF,6.47,7.12,5,5,DIE-PREP,15145.893,,62201.13,0.8,0.32,1.11,219481.97
gmna,Make,2025,Actual,P00074816,182.4,Patterns,D3I450420,FTD_OTHER_DIE_PREP_5-7_FSD,ROOF,6.47,7.12,5,5,DIE-PREP,14593.824,,121373.11,1.4,0.62,2.02,398191.2
gmna,Make,2025,Actual,P00074814,580.7,Initial Machining,D3N300120,FTD_OTHER_DAS_5-7_FSD,ROOF,6.47,7.12,1,1,DAS,46461.807,,121373.11,1.4,0.62,2.02,398191.2
gmna,Make,2025,Actual,P00074820,262.5,Final Machining,D3N300120,FTD_OTHER_DAS_5-7_FSD,ROOF,6.47,7.12,1,1,DAS,21002.625,,95455.1,0.86,0.48,1.35,265649.71
gmna,Make,2025,Actual,P00074810,187.4,Patterns,D3I450420,FTD_OTHER_DIE_PREP_5-7_FSD,ROOF,6.47,7.12,5,5,DIE-PREP,14993.874,,84809.3,1.56,0.43,1.99,392469.45
gmna,Make,2025,Actual,P00074659,223.1,Assembly,D3N300160,FTD_OTHER_DAS_9-11_FSD,ROOF,6.28,11.82,1,1,DAS,17850.231,,76333.54,0.8,0.39,1.18,233182.03
gmna,Make,2025,Actual,P00074653,328.5,Assembly,D3N300160,FTD_OTHER_DAS_9-11_FSD,ROOF,6.28,11.82,1,1,DAS,26283.285,,60841.86,0.79,0.31,1.1,216940.87
gmna,Make,2025,Actual,P00074643,285.9,Patterns,D3I450460,FTD_OTHER_DIE_PREP_9-11_FSD,ROOF,6.28,11.82,4,4,DIE-PREP,22874.859,,78468.65,1.16,0.4,1.56,306930.86
gmna,Make,2025,Actual,P00074649,29,Process Planning,D3I450460,FTD_OTHER_DIE_PREP_9-11_FSD,ROOF,6.28,11.82,1,1,DIE-PREP,2320.29,,71247.49,0.88,0.36,1.24,244300.76
gmna,Make,2025,Actual,P00073420,2186.5,V6,D3D200541,NEW_FTD_FENDER_DD_10-12_FSD,FENDER OTR,10.46,,3,3,DD,174941.865,,,,,,
gmna,Make,2025,Actual,P00073420,1031.1,Iteration,D3D200541,NEW_FTD_FENDER_DD_10-12_FSD,FENDER OTR,10.46,,2,2,DD,82498.311,,,,,,
gmna,Make,2025,Actual,P00073420,274,Iteration,D3D200541,NEW_FTD_FENDER_DD_10-12_FSD,FENDER OTR,10.46,,4,4,DD,21922.74,,,,,,
gmna,Make,2025,Actual,P00073420,873.7,Iteration,D3D200541,NEW_FTD_FENDER_DD_10-12_FSD,FENDER OTR,10.46,,2,2,DD,69904.737,,,,,,
gmna,Make,2025,Actual,P00073420,6836.5,Iteration,D3D200541,NEW_FTD_FENDER_DD_10-12_FSD,FENDER OTR,10.46,,3,3,DD,546988.365,,,,,,
gmna,Make,2025,Actual,P00072207,459.5,Assembly,D3N300140,FTD_OTHER_DAS_7-9_FSD,DASH,8.52,,1,1,DAS,36760.722,,112304.92,1.26,0.57,1.83,360083.35
gmna,Make,2025,Actual,P00074688,32,Process Planning,D3I450460,FTD_OTHER_DIE_PREP_9-11_FSD,ROOF,6.28,11.82,1,1,DIE-PREP,2560.32,,100693.23,0.69,0.51,1.2,235831.19
gmna,Make,2025,Actual,P00074659,319.5,Initial Machining,D3N300160,FTD_OTHER_DAS_9-11_FSD,ROOF,6.28,11.82,1,1,DAS,25563.195,,76333.54,0.8,0.39,1.18,233182.03
gmna,Make,2025,Actual,P00074641,340.1,Final Machining,D3N300160,FTD_OTHER_DAS_9-11_FSD,ROOF,6.28,11.82,1,1,DAS,27211.401,,78468.65,1.16,0.4,1.56,306930.86
gmna,Make,2025,Actual,P00074659,255.3,Final Machining,D3N300160,FTD_OTHER_DAS_9-11_FSD,ROOF,6.28,11.82,1,1,DAS,20426.553,,76333.54,0.8,0.39,1.18,233182.03
gmna,Make,2025,Actual,P00074647,545.8,Assembly,D3N300160,FTD_OTHER_DAS_9-11_FSD,ROOF,6.28,11.82,1,1,DAS,43669.458,,71247.49,0.88,0.36,1.24,244300.76
gmna,Make,2025,Actual,P00074657,78,Design,D2Y450710.1,FTD Design-UPD,ROOF,6.28,11.82,4,4,DSGN,6240,,60841.86,0.79,0.31,1.1,216940.87
gmna,Make,2025,Actual,P00074644,390.5,Design,D2Y450700,FTD_DSGN_DIE_FSD,ROOF,6.28,11.82,3,3,DSGN,31240,,78468.65,1.16,0.4,1.56,306930.86
gmna,Make,2025,Actual,P00074653,154,Final Machining,D3N300160,FTD_OTHER_DAS_9-11_FSD,ROOF,6.28,11.82,1,1,DAS,12321.54,,60841.86,0.79,0.31,1.1,216940.87
gmna,Make,2025,Actual,P00074647,177.5,Final Machining,D3N300160,FTD_OTHER_DAS_9-11_FSD,ROOF,6.28,11.82,1,1,DAS,14201.775,,71247.49,0.88,0.36,1.24,244300.76
gmna,Make,2025,Actual,P00074686,187.3,Final Machining,D3N300160,FTD_OTHER_DAS_9-11_FSD,ROOF,6.28,11.82,1,1,DAS,14985.873,,100693.23,0.69,0.51,1.2,235831.19
gmna,Make,2025,Actual,P00073884,137,Total,D3I450540,FTD_FENDER_DIE_PREP_10-12_FSD,FENDER OTR,10.46,,6,6,DIE-PREP,10961.37,,188727.51,1.6,0.96,2.56,504849.27
gmna,Make,2025,Actual,P00072969,373.5,Design,D2Y450700,FTD_DSGN_DIE_FSD,FENDER OTR,11.11,,3,3,DSGN,29880,,158181.9,1.71,0.8,2.51,495867.22
gmna,Make,2025,Actual,P00072963,373.7,Design,D2Y450700,FTD_DSGN_DIE_FSD,FENDER OTR,11.11,,3,3,DSGN,29896,,123428.14,1.76,0.63,2.38,470114.54
gmna,Make,2025,Actual,P00072981,385.4,Design,D2Y450700,FTD_DSGN_DIE_FSD,FENDER OTR,11.11,,3,3,DSGN,30832,,205315.85,2.45,1.04,3.49,688716.76
gmna,Make,2025,Actual,P00072975,391.5,Design,D2Y450700,FTD_DSGN_DIE_FSD,FENDER OTR,11.11,,3,3,DSGN,31320,,190289.73,1.76,0.96,2.73,537974.88
gmna,Make,2025,Actual,P00072960,539.7,Final Machining,D3N300260,FTD_FENDER_DAS_12-14_FSD,FENDER OTR,11.11,,1,1,DAS,43181.397,,123428.14,1.76,0.63,2.38,470114.54
gmna,Make,2025,Actual,P00072960,682.1,Initial Machining,D3N300260,FTD_FENDER_DAS_12-14_FSD,FENDER OTR,11.11,,1,1,DAS,54574.821,,123428.14,1.76,0.63,2.38,470114.54
gmna,Make,2025,Actual,P00072983,31.5,Process Planning,D3I450560,FTD_FENDER_DIE_PREP_12-14_FSD,FENDER OTR,11.11,,1,1,DIE-PREP,2520.315,,205315.85,2.45,1.04,3.49,688716.76
gmna,Make,2025,Actual,P00072962,32,Process Planning,D3I450560,FTD_FENDER_DIE_PREP_12-14_FSD,FENDER OTR,11.11,,1,1,DIE-PREP,2560.32,,123428.14,1.76,0.63,2.38,470114.54
gmna,Make,2025,Actual,P00072960,608.1,Subassembly,D3N300260,FTD_FENDER_DAS_12-14_FSD,FENDER OTR,11.11,,1,1,DAS,48654.081,,123428.14,1.76,0.63,2.38,470114.54
gmna,Make,2025,Actual,P00072963,373.7,Total,D2Y450700,FTD_DSGN_DIE_FSD,FENDER OTR,11.11,,3,3,DSGN,29896,,123428.14,1.76,0.63,2.38,470114.54
gmna,Make,2025,Actual,P00072981,385.4,Total,D2Y450700,FTD_DSGN_DIE_FSD,FENDER OTR,11.11,,3,3,DSGN,30832,,205315.85,2.45,1.04,3.49,688716.76
gmna,Make,2025,Actual,P00072975,391.5,Total,D2Y450700,FTD_DSGN_DIE_FSD,FENDER OTR,11.11,,3,3,DSGN,31320,,190289.73,1.76,0.96,2.73,537974.88
gmna,Make,2025,Actual,P00072977,1170.4,Total,D3J350460,FTD_FENDER_V2_12-14_FSD,FENDER OTR,11.11,,1,1,V2,93643.704,,205315.85,2.45,1.04,3.49,688716.76
gmna,Make,2025,Actual,P00072971,1246.9,Total,D3J350460,FTD_FENDER_V2_12-14_FSD,FENDER OTR,11.11,,1,1,V2,99764.469,,190289.73,1.76,0.96,2.73,537974.88
gmna,Make,2025,Actual,P00072965,1363.3,Total,D3J350460,FTD_FENDER_V2_12-14_FSD,FENDER OTR,11.11,,1,1,V2,109077.633,,158181.9,1.71,0.8,2.51,495867.22
gmna,Make,2025,Actual,P00072959,1543.4,Total,D3M350260,FTD_FENDER_V1_12-14_FSD,FENDER OTR,11.11,,1,1,V1,123487.434,,123428.14,1.76,0.63,2.38,470114.54
gmna,Make,2025,Actual,P00072959,1543.4,V1,D3M350260,FTD_FENDER_V1_12-14_FSD,FENDER OTR,11.11,,1,1,V1,123487.434,,123428.14,1.76,0.63,2.38,470114.54
gmna,Make,2025,Actual,P00072977,1170.4,V2,D3J350460,FTD_FENDER_V2_12-14_FSD,FENDER OTR,11.11,,1,1,V2,93643.704,,205315.85,2.45,1.04,3.49,688716.76
gmna,Make,2025,Actual,P00072971,1246.9,V2,D3J350460,FTD_FENDER_V2_12-14_FSD,FENDER OTR,11.11,,1,1,V2,99764.469,,190289.73,1.76,0.96,2.73,537974.88
gmna,Make,2025,Actual,P00072965,1363.3,V2,D3J350460,FTD_FENDER_V2_12-14_FSD,FENDER OTR,11.11,,1,1,V2,109077.633,,158181.9,1.71,0.8,2.51,495867.22
gmna,Make,2025,Actual,P00073411,434.1,Iteration,D3D200590,NEW_FTD_FENDER_DD_12-14_FSD,FENDER OTR,11.11,,2,2,REPLACED,34732.341,,,,,,
gmna,Make,2025,Actual,P00073411,2304.6,Iteration,D3D200590,NEW_FTD_FENDER_DD_12-14_FSD,FENDER OTR,11.11,,3,3,REPLACED,184391.046,,,,,,
gmna,Make,2025,Actual,P00072969,373.5,Total,D2Y450700,FTD_DSGN_DIE_FSD,FENDER OTR,11.11,,3,3,DSGN,29880,,158181.9,1.71,0.8,2.51,495867.22
gmna,Make,2025,Actual,P00074810,206.4,Total,D3I450420,FTD_OTHER_DIE_PREP_5-7_FSD,ROOF,6.47,7.12,6,6,DIE-PREP,16514.064,,84809.3,1.56,0.43,1.99,392469.45
gmna,Make,2025,Actual,P00074816,206.8,Total,D3I450420,FTD_OTHER_DIE_PREP_5-7_FSD,ROOF,6.47,7.12,6,6,DIE-PREP,16546.068,,121373.11,1.4,0.62,2.02,398191.2
gmna,Make,2025,Actual,P00074822,207.7,Total,D3I450420,FTD_OTHER_DIE_PREP_5-7_FSD,ROOF,6.47,7.12,6,6,DIE-PREP,16618.077,,95455.1,0.86,0.48,1.35,265649.71
gmna,Make,2025,Actual,P00074831,209.3,Total,D3I450420,FTD_OTHER_DIE_PREP_5-7_FSD,ROOF,6.47,7.12,6,6,DIE-PREP,16746.093,,62201.13,0.8,0.32,1.11,219481.97
gmna,Make,2025,Actual,P00074811,255,Total,D2Y450700,FTD_DSGN_DIE_FSD,ROOF,6.47,7.12,3,3,DSGN,20400,,84809.3,1.56,0.43,1.99,392469.45
gmna,Make,2025,Actual,P00074828,270,Total,D2Y450700,FTD_DSGN_DIE_FSD,ROOF,6.47,7.12,3,3,DSGN,21600,,62201.13,0.8,0.32,1.11,219481.97
gmna,Make,2025,Actual,P00074817,336,Total,D2Y450700,FTD_DSGN_DIE_FSD,ROOF,6.47,7.12,3,3,DSGN,26880,,121373.11,1.4,0.62,2.02,398191.2
gmna,Make,2025,Actual,P00074823,349.5,Total,D2Y450700,FTD_DSGN_DIE_FSD,ROOF,6.47,7.12,3,3,DSGN,27960,,95455.1,0.86,0.48,1.35,265649.71
gmna,Make,2025,Actual,P00074819,572.5,Total,D3J350320,FTD_OTHER_V2_5-7_FSD,ROOF,6.47,7.12,1,1,V2,45805.725,,95455.1,0.86,0.48,1.35,265649.71
gmna,Make,2025,Actual,P00074813,1242.9,Total,D3J350320,FTD_OTHER_V2_5-7_FSD,ROOF,6.47,7.12,1,1,V2,99444.429,,121373.11,1.4,0.62,2.02,398191.2
gmna,Make,2025,Actual,P00072960,828,Assembly,D3N300260,FTD_FENDER_DAS_12-14_FSD,FENDER OTR,11.11,,1,1,DAS,66248.28,,123428.14,1.76,0.63,2.38,470114.54
gmna,Make,2025,Actual,P00074920,710.3,V6,D3D200421,NEW_FTD_OTHER_DD_5-7_FSD,ROOF,6.47,7.12,3,3,DD,56831.103,,,,,,
gmna,Make,2025,Actual,P00074920,597.5,Iteration,D3D200421,NEW_FTD_OTHER_DD_5-7_FSD,ROOF,6.47,7.12,2,2,DD,47805.975,,,,,,
gmna,Make,2025,Actual,P00073411,519.6,Iteration,D3D200590,NEW_FTD_FENDER_DD_12-14_FSD,FENDER OTR,11.11,,2,2,REPLACED,41573.196,,,,,,
gmna,Make,2025,Actual,P00074920,1823.6,Iteration,D3D200421,NEW_FTD_OTHER_DD_5-7_FSD,ROOF,6.47,7.12,5,5,DD,145906.236,,,,,,
gmna,Make,2025,Actual,P00074920,5736.3,Iteration,D3D200421,NEW_FTD_OTHER_DD_5-7_FSD,ROOF,6.47,7.12,3,3,DD,458961.363,,,,,,
gmna,Make,2025,Actual,P00074920,41,Iteration,D3D200421,NEW_FTD_OTHER_DD_5-7_FSD,ROOF,6.47,7.12,2,2,DD,3280.41,,,,,,
gmna,Make,2025,Actual,P00074813,1242.9,V2,D3J350320,FTD_OTHER_V2_5-7_FSD,ROOF,6.47,7.12,1,1,V2,99444.429,,121373.11,1.4,0.62,2.02,398191.2
gmna,Make,2025,Actual,P00074819,572.5,V2,D3J350320,FTD_OTHER_V2_5-7_FSD,ROOF,6.47,7.12,1,1,V2,45805.725,,95455.1,0.86,0.48,1.35,265649.71
gmna,Make,2025,Actual,P00074807,1797.9,V1,D3M350120,FTD_OTHER_V1_5-7_FSD,ROOF,6.47,7.12,1,1,V1,143849.979,,84809.3,1.56,0.43,1.99,392469.45
gmna,Make,2025,Actual,P00074920,641.3,Iteration,D3D200421,NEW_FTD_OTHER_DD_5-7_FSD,ROOF,6.47,7.12,2,2,DD,51310.413,,,,,,
gmna,Make,2025,Actual,P00074698,1206.6,V6,D3D200461,NEW_FTD_OTHER_DD_9-11_FSD,ROOF,6.28,11.82,3,3,DD,96540.066,,,,,,
gmna,Make,2025,Actual,P00073884,110,Process Planning,D3I450540,FTD_FENDER_DIE_PREP_10-12_FSD,FENDER OTR,10.46,,1,1,DIE-PREP,8801.1,,188727.51,1.6,0.96,2.56,504849.27
gmna,Make,2025,Actual,P00073874,423.9,Subassembly,D3N300240,FTD_FENDER_DAS_10-12_FSD,FENDER OTR,10.46,,1,1,DAS,33916.239,,159216.73,1.68,0.81,2.49,491195.39
gmna,Make,2025,Actual,P00073883,125.4,Process Planning,D3I450540,FTD_FENDER_DIE_PREP_10-12_FSD,FENDER OTR,10.46,,1,1,DIE-PREP,10033.254,,181210.26,2.26,0.92,3.18,626146.05
gmna,Make,2025,Actual,P00073882,38,Process Planning,D3I450540,FTD_FENDER_DIE_PREP_10-12_FSD,FENDER OTR,10.46,,1,1,DIE-PREP,3040.38,,159216.73,1.68,0.81,2.49,491195.39
gmna,Make,2025,Actual,P00073881,31.4,Process Planning,D3I450540,FTD_FENDER_DIE_PREP_10-12_FSD,FENDER OTR,10.46,,1,1,DIE-PREP,2512.314,,110369.04,1.67,0.56,2.23,440026.87
gmna,Make,2025,Actual,P00073881,400.7,Patterns,D3I450540,FTD_FENDER_DIE_PREP_10-12_FSD,FENDER OTR,10.46,,5,5,DIE-PREP,32060.007,,110369.04,1.67,0.56,2.23,440026.87
gmna,Make,2025,Actual,P00073873,439.8,Initial Machining,D3N300240,FTD_FENDER_DAS_10-12_FSD,FENDER OTR,10.46,,1,1,DAS,35188.398,,110369.04,1.67,0.56,2.23,440026.87
gmna,Make,2025,Actual,P00073874,203.9,Initial Machining,D3N300240,FTD_FENDER_DAS_10-12_FSD,FENDER OTR,10.46,,1,1,DAS,16314.039,,159216.73,1.68,0.81,2.49,491195.39
gmna,Make,2025,Actual,P00073885,377.2,Design,D2Y450700,FTD_DSGN_DIE_FSD,FENDER OTR,10.46,,3,3,DSGN,30176,,110369.04,1.67,0.56,2.23,440026.87
gmna,Make,2025,Actual,P00073888,319.1,Design,D2Y450700,FTD_DSGN_DIE_FSD,FENDER OTR,10.46,,3,3,DSGN,25528,,188727.51,1.6,0.96,2.56,504849.27
gmna,Make,2025,Actual,P00073887,298.8,Design,D2Y450700,FTD_DSGN_DIE_FSD,FENDER OTR,10.46,,3,3,DSGN,23904,,181210.26,2.26,0.92,3.18,626146.05
gmna,Make,2025,Actual,P00073886,256,Design,D2Y450700,FTD_DSGN_DIE_FSD,FENDER OTR,10.46,,3,3,DSGN,20480,,159216.73,1.68,0.81,2.49,491195.39
gmna,Make,2025,Actual,P00074661,33.9,Process Planning,D3I450460,FTD_OTHER_DIE_PREP_9-11_FSD,ROOF,6.28,11.82,1,1,DIE-PREP,2712.339,,76333.54,0.8,0.39,1.18,233182.03
gmna,Make,2025,Actual,P00074655,35,Process Planning,D3I450460,FTD_OTHER_DIE_PREP_9-11_FSD,ROOF,6.28,11.82,1,1,DIE-PREP,2800.35,,60841.86,0.79,0.31,1.1,216940.87
gmna,Make,2025,Actual,P00074643,55.8,Process Planning,D3I450460,FTD_OTHER_DIE_PREP_9-11_FSD,ROOF,6.28,11.82,1,1,DIE-PREP,4464.558,,78468.65,1.16,0.4,1.56,306930.86
gmna,Make,2025,Actual,P00074647,275.7,Subassembly,D3N300160,FTD_OTHER_DAS_9-11_FSD,ROOF,6.28,11.82,1,1,DAS,22058.757,,71247.49,0.88,0.36,1.24,244300.76
gmna,Make,2025,Actual,P00074698,607.5,Iteration,D3D200461,NEW_FTD_OTHER_DD_9-11_FSD,ROOF,6.28,11.82,2,2,DD,48606.075,,,,,,
gmna,Make,2025,Actual,P00074663,64,Total,D2Y450710.1,FTD Design-UPD,ROOF,6.28,11.82,4,4,DSGN,5120,,76333.54,0.8,0.39,1.18,233182.03
gmna,Make,2025,Actual,P00074640,1055.3,V1,D3M350160,FTD_OTHER_V1_9-11_FSD,ROOF,6.28,11.82,1,1,V1,84434.553,,78468.65,1.16,0.4,1.56,306930.86
gmna,Make,2025,Actual,P00074658,520.9,V2,D3J350360,FTD_OTHER_V2_9-11_FSD,ROOF,6.28,11.82,1,1,V2,41677.209,,76333.54,0.8,0.39,1.18,233182.03
gmna,Make,2025,Actual,P00074698,174,Iteration,D3D200461,NEW_FTD_OTHER_DD_9-11_FSD,ROOF,6.28,11.82,2,2,DD,13921.74,,,,,,
gmna,Make,2025,Actual,P00074698,581.2,Iteration,D3D200461,NEW_FTD_OTHER_DD_9-11_FSD,ROOF,6.28,11.82,3,3,DD,46501.812,,,,,,
gmna,Make,2025,Actual,P00074698,48,Iteration,D3D200461,NEW_FTD_OTHER_DD_9-11_FSD,ROOF,6.28,11.82,2,2,DD,3840.48,,,,,,
gmna,Make,2025,Actual,P00074698,8810,Iteration,D3D200461,NEW_FTD_OTHER_DD_9-11_FSD,ROOF,6.28,11.82,5,5,DD,704888.1,,,,,,
gmna,Make,2025,Actual,P00074640,1055.3,Total,D3M350160,FTD_OTHER_V1_9-11_FSD,ROOF,6.28,11.82,1,1,V1,84434.553,,78468.65,1.16,0.4,1.56,306930.86
gmna,Make,2025,Actual,P00074651,78,Total,D2Y450710.1,FTD Design-UPD,ROOF,6.28,11.82,4,4,DSGN,6240,,71247.49,0.88,0.36,1.24,244300.76
gmna,Make,2025,Actual,P00074657,78,Total,D2Y450710.1,FTD Design-UPD,ROOF,6.28,11.82,4,4,DSGN,6240,,60841.86,0.79,0.31,1.1,216940.87
gmna,Make,2025,Actual,P00074645,80,Total,D2Y450710.1,FTD Design-UPD,ROOF,6.28,11.82,4,4,DSGN,6400,,78468.65,1.16,0.4,1.56,306930.86
gmna,Make,2025,Actual,P00074688,314.8,Total,D3I450460,FTD_OTHER_DIE_PREP_9-11_FSD,ROOF,6.28,11.82,5,5,DIE-PREP,25187.148,,100693.23,0.69,0.51,1.2,235831.19
gmna,Make,2025,Actual,P00074661,325.7,Total,D3I450460,FTD_OTHER_DIE_PREP_9-11_FSD,ROOF,6.28,11.82,5,5,DIE-PREP,26059.257,,76333.54,0.8,0.39,1.18,233182.03
gmna,Make,2025,Actual,P00074690,79,Total,D2Y450710.1,FTD Design-UPD,ROOF,6.28,11.82,4,4,DSGN,6320,,100693.23,0.69,0.51,1.2,235831.19
gmna,Make,2025,Actual,P00074644,390.5,Total,D2Y450700,FTD_DSGN_DIE_FSD,ROOF,6.28,11.82,3,3,DSGN,31240,,78468.65,1.16,0.4,1.56,306930.86
gmna,Make,2025,Actual,P00074689,416.9,Total,D2Y450700,FTD_DSGN_DIE_FSD,ROOF,6.28,11.82,3,3,DSGN,33352,,100693.23,0.69,0.51,1.2,235831.19
gmna,Make,2025,Actual,P00074650,475.5,Total,D2Y450700,FTD_DSGN_DIE_FSD,ROOF,6.28,11.82,3,3,DSGN,38040,,71247.49,0.88,0.36,1.24,244300.76
gmna,Make,2025,Actual,P00074662,490.8,Total,D2Y450700,FTD_DSGN_DIE_FSD,ROOF,6.28,11.82,3,3,DSGN,39264,,76333.54,0.8,0.39,1.18,233182.03
gmna,Make,2025,Actual,P00074658,520.9,Total,D3J350360,FTD_OTHER_V2_9-11_FSD,ROOF,6.28,11.82,1,1,V2,41677.209,,76333.54,0.8,0.39,1.18,233182.03
gmna,Make,2025,Actual,P00074656,540.5,Total,D2Y450700,FTD_DSGN_DIE_FSD,ROOF,6.28,11.82,3,3,DSGN,43240,,60841.86,0.79,0.31,1.1,216940.87
gmna,Make,2025,Actual,P00074643,341.7,Total,D3I450460,FTD_OTHER_DIE_PREP_9-11_FSD,ROOF,6.28,11.82,5,5,DIE-PREP,27339.417,,78468.65,1.16,0.4,1.56,306930.86
gmna,Make,2026,Actual,P00073608,191.5,Design,D2Y450700,FTD_DSGN_DIE_FSD,FENDER OTR,9.23,,3,3,DSGN,15320,,89456.86,1.21,0.45,1.66,327922.85
gmna,Make,2026,Actual,P00076865,331.9,Initial Machining,D3N300220,FTD_FENDER_DAS_8-10_FSD,FENDER OTR,9.23,,1,1,DAS,26555.319,,140797.51,1.34,0.71,2.06,405414.38
gmna,Make,2026,Actual,P00073605,350.4,Final Machining,D3N300220,FTD_FENDER_DAS_8-10_FSD,FENDER OTR,9.23,,1,1,DAS,28035.504,,89456.86,1.21,0.45,1.66,327922.85
gmna,Make,2026,Actual,P00073599,277.6,Final Machining,D3N300220,FTD_FENDER_DAS_8-10_FSD,FENDER OTR,9.23,,1,1,DAS,22210.776,,116981.4,1.45,0.59,2.04,403173.92
gmna,Make,2026,Actual,P00076864,212.7,Final Machining,D3N300220,FTD_FENDER_DAS_8-10_FSD,FENDER OTR,9.23,,1,1,DAS,17018.127,,133771.01,1.21,0.68,1.88,371527.43
gmna,Make,2026,Actual,P00073628,199.5,Design,D2Y450700,FTD_DSGN_DIE_FSD,FENDER OTR,9.23,,3,3,DSGN,15960,,140797.51,1.34,0.71,2.06,405414.38
gmna,Make,2026,Actual,P00073614,182.5,Design,D2Y450700,FTD_DSGN_DIE_FSD,FENDER OTR,9.23,,3,3,DSGN,14600,,95333.71,1.11,0.48,1.59,313292.95
gmna,Make,2026,Actual,P00073622,173.5,Design,D2Y450700,FTD_DSGN_DIE_FSD,FENDER OTR,9.23,,3,3,DSGN,13880,,133771.01,1.21,0.68,1.88,371527.43
gmna,Make,2026,Actual,P00073599,721.5,Assembly,D3N300220,FTD_FENDER_DAS_8-10_FSD,FENDER OTR,9.23,,1,1,DAS,57727.215,,116981.4,1.45,0.59,2.04,403173.92
gmna,Make,2026,Actual,P00073605,609.2,Assembly,D3N300220,FTD_FENDER_DAS_8-10_FSD,FENDER OTR,9.23,,1,1,DAS,48742.092,,89456.86,1.21,0.45,1.66,327922.85
gmna,Make,2026,Actual,P00073602,182.4,Design,D2Y450700,FTD_DSGN_DIE_FSD,FENDER OTR,9.23,,3,3,DSGN,14592,,116981.4,1.45,0.59,2.04,403173.92
gmna,Make,2026,Actual,P00076864,372.5,Initial Machining,D3N300220,FTD_FENDER_DAS_8-10_FSD,FENDER OTR,9.23,,1,1,DAS,29803.725,,133771.01,1.21,0.68,1.88,371527.43
gmna,Make,2026,Actual,P00073599,544.7,Initial Machining,D3N300220,FTD_FENDER_DAS_8-10_FSD,FENDER OTR,9.23,,1,1,DAS,43581.447,,116981.4,1.45,0.59,2.04,403173.92
gmna,Make,2026,Actual,P00073628,199.5,Total,D2Y450700,FTD_DSGN_DIE_FSD,FENDER OTR,9.23,,3,3,DSGN,15960,,140797.51,1.34,0.71,2.06,405414.38
gmna,Make,2026,Actual,P00073613,201.3,Total,D3I450520,FTD_FENDER_DIE_PREP_8-10_FSD,FENDER OTR,9.23,,6,6,DIE-PREP,16106.013,,95333.71,1.11,0.48,1.59,313292.95
gmna,Make,2026,Actual,P00073601,284.8,Total,D3I450520,FTD_FENDER_DIE_PREP_8-10_FSD,FENDER OTR,9.23,,6,6,DIE-PREP,22786.848,,116981.4,1.45,0.59,2.04,403173.92
gmna,Make,2026,Actual,P00073624,750.2,Total,D3J350420,FTD_FENDER_V2_8-10_FSD,FENDER OTR,9.23,,1,1,V2,60023.502,,140797.51,1.34,0.71,2.06,405414.38
gmna,Make,2026,Actual,P00076865,1028.5,Total,D3N300220,FTD_FENDER_DAS_8-10_FSD,FENDER OTR,9.23,,4,4,DAS,82290.285,,140797.51,1.34,0.71,2.06,405414.38
gmna,Make,2026,Actual,P00073618,1065.2,Total,D3J350420,FTD_FENDER_V2_8-10_FSD,FENDER OTR,9.23,,1,1,V2,85226.652,,133771.01,1.21,0.68,1.88,371527.43
gmna,Make,2026,Actual,P00073598,1277.7,Total,D3M350220,FTD_FENDER_V1_8-10_FSD,FENDER OTR,9.23,,1,1,V1,102228.777,,116981.4,1.45,0.59,2.04,403173.92
gmna,Make,2026,Actual,P00073419,4644.9,Iteration,D3D200521,NEW_FTD_FENDER_DD_8-10_FSD,FENDER OTR,9.23,,5,5,DD,371638.449,,,,,,
gmna,Make,2026,Actual,P00073598,1277.7,V1,D3M350220,FTD_FENDER_V1_8-10_FSD,FENDER OTR,9.23,,1,1,V1,102228.777,,116981.4,1.45,0.59,2.04,403173.92
gmna,Make,2026,Actual,P00073624,750.2,V2,D3J350420,FTD_FENDER_V2_8-10_FSD,FENDER OTR,9.23,,1,1,V2,60023.502,,140797.51,1.34,0.71,2.06,405414.38
gmna,Make,2026,Actual,P00073618,1065.2,V2,D3J350420,FTD_FENDER_V2_8-10_FSD,FENDER OTR,9.23,,1,1,V2,85226.652,,133771.01,1.21,0.68,1.88,371527.43
gmna,Make,2026,Actual,P00073419,1288.9,Iteration,D3D200521,NEW_FTD_FENDER_DD_8-10_FSD,FENDER OTR,9.23,,2,2,DD,103124.889,,,,,,
gmna,Make,2026,Actual,P00073419,4895.6,Iteration,D3D200521,NEW_FTD_FENDER_DD_8-10_FSD,FENDER OTR,9.23,,3,3,DD,391696.956,,,,,,
gmna,Make,2026,Actual,P00073419,302.9,Iteration,D3D200521,NEW_FTD_FENDER_DD_8-10_FSD,FENDER OTR,9.23,,2,2,DD,24235.029,,,,,,
gmna,Make,2026,Actual,P00073608,191.5,Total,D2Y450700,FTD_DSGN_DIE_FSD,FENDER OTR,9.23,,3,3,DSGN,15320,,89456.86,1.21,0.45,1.66,327922.85
gmna,Make,2026,Actual,P00073614,182.5,Total,D2Y450700,FTD_DSGN_DIE_FSD,FENDER OTR,9.23,,3,3,DSGN,14600,,95333.71,1.11,0.48,1.59,313292.95
gmna,Make,2026,Actual,P00073602,182.4,Total,D2Y450700,FTD_DSGN_DIE_FSD,FENDER OTR,9.23,,3,3,DSGN,14592,,116981.4,1.45,0.59,2.04,403173.92
gmna,Make,2026,Actual,P00073622,173.5,Total,D2Y450700,FTD_DSGN_DIE_FSD,FENDER OTR,9.23,,3,3,DSGN,13880,,133771.01,1.21,0.68,1.88,371527.43
gmna,Make,2026,Actual,P00073419,726.1,V6,D3D200521,NEW_FTD_FENDER_DD_8-10_FSD,FENDER OTR,9.23,,3,3,DD,58095.261,,,,,,
gmna,Make,2026,Actual,P00073419,569,Iteration,D3D200521,NEW_FTD_FENDER_DD_8-10_FSD,FENDER OTR,9.23,,2,2,DD,45525.69,,,,,,
gmna,Make,2026,Actual,P00073601,252.8,Patterns,D3I450520,FTD_FENDER_DIE_PREP_8-10_FSD,FENDER OTR,9.23,,5,5,DIE-PREP,20226.528,,116981.4,1.45,0.59,2.04,403173.92
gmna,Make,2026,Actual,P00073607,18,Process Planning,D3I450520,FTD_FENDER_DIE_PREP_8-10_FSD,FENDER OTR,9.23,,1,1,DIE-PREP,1440.18,,89456.86,1.21,0.45,1.66,327922.85
gmna,Make,2026,Actual,P00076246,18,Process Planning,D3I450520,FTD_FENDER_DIE_PREP_8-10_FSD,FENDER OTR,9.23,,1,1,REPLACED,1440.18,,140797.51,1.34,0.71,2.06,405414.38
gmna,Make,2026,Actual,P00076245,22,Process Planning,D3I450520,FTD_FENDER_DIE_PREP_8-10_FSD,FENDER OTR,9.23,,1,1,REPLACED,1760.22,,133771.01,1.21,0.68,1.88,371527.43
gmna,Make,2026,Actual,P00073601,32,Process Planning,D3I450520,FTD_FENDER_DIE_PREP_8-10_FSD,FENDER OTR,9.23,,1,1,DIE-PREP,2560.32,,116981.4,1.45,0.59,2.04,403173.92
gmna,Make,2026,Actual,P00073611,382.8,Initial Machining,D3N300220,FTD_FENDER_DAS_8-10_FSD,FENDER OTR,9.23,,1,1,DAS,30627.828,,95333.71,1.11,0.48,1.59,313292.95
gmna,Make,2026,Actual,P00076864,346,Subassembly,D3N300220,FTD_FENDER_DAS_8-10_FSD,FENDER OTR,9.23,,1,1,DAS,27683.46,,133771.01,1.21,0.68,1.88,371527.43
gmna,Make,2026,Actual,P00073599,347.6,Subassembly,D3N300220,FTD_FENDER_DAS_8-10_FSD,FENDER OTR,9.23,,1,1,DAS,27811.476,,116981.4,1.45,0.59,2.04,403173.92
gmna,Make,2026,Actual,P00076245,151.8,Total,D3I450520,FTD_FENDER_DIE_PREP_8-10_FSD,FENDER OTR,9.23,,6,6,REPLACED,12145.518,,133771.01,1.21,0.68,1.88,371527.43
gmna,Make,2026,Actual,P00076246,154.3,Total,D3I450520,FTD_FENDER_DIE_PREP_8-10_FSD,FENDER OTR,9.23,,6,6,REPLACED,12345.543,,140797.51,1.34,0.71,2.06,405414.38
gmna,Make,2026,Actual,P00076865,200.5,Subassembly,D3N300220,FTD_FENDER_DAS_8-10_FSD,FENDER OTR,9.23,,1,1,DAS,16042.005,,140797.51,1.34,0.71,2.06,405414.38
gmna,Make,2026,Actual,P00073611,478.2,Assembly,D3N300220,FTD_FENDER_DAS_8-10_FSD,FENDER OTR,9.23,,1,1,DAS,38260.782,,95333.71,1.11,0.48,1.59,313292.95
gmna,Make,2026,Actual,P00075586,408.1,V6,D3D200421,NEW_FTD_OTHER_DD_5-7_FSD,ROOF,6.17,7.12,3,3,DD,32652.081,,,,,,
gmna,Make,2026,Actual,P00075574,315.8,Initial Machining,D3N300140,FTD_OTHER_DAS_7-9_FSD,ROOF,6.17,7.12,1,1,DAS,25267.158,,92163.53,0.83,0.47,1.3,256764.92
gmna,Make,2026,Actual,P00075562,313.9,Initial Machining,D3N300140,FTD_OTHER_DAS_7-9_FSD,ROOF,6.17,7.12,1,1,DAS,25115.139,,85146.11,1.56,0.43,1.99,392748.95
gmna,Make,2026,Actual,P00075580,307,Initial Machining,D3N300140,FTD_OTHER_DAS_7-9_FSD,ROOF,6.17,7.12,1,1,DAS,24563.07,,62803.57,0.81,0.32,1.13,223504.18
gmna,Make,2026,Actual,P00075582,73.3,Foundry,D3I450440,FTD_OTHER_DIE_PREP_7-9_FSD,ROOF,6.17,7.12,3,3,DIE-PREP,5864.733,,62803.57,0.81,0.32,1.13,223504.18
gmna,Make,2026,Actual,P00075568,221.5,Final Machining,D3N300140,FTD_OTHER_DAS_7-9_FSD,ROOF,6.17,7.12,1,1,DAS,17722.215,,125780.45,1.11,0.64,1.75,344825.87
gmna,Make,2026,Actual,P00075562,185.1,Final Machining,D3N300140,FTD_OTHER_DAS_7-9_FSD,ROOF,6.17,7.12,1,1,DAS,14809.851,,85146.11,1.56,0.43,1.99,392748.95
gmna,Make,2026,Actual,P00075574,181,Final Machining,D3N300140,FTD_OTHER_DAS_7-9_FSD,ROOF,6.17,7.12,1,1,DAS,14481.81,,92163.53,0.83,0.47,1.3,256764.92
gmna,Make,2026,Actual,P00075580,162.6,Final Machining,D3N300140,FTD_OTHER_DAS_7-9_FSD,ROOF,6.17,7.12,1,1,DAS,13009.626,,62803.57,0.81,0.32,1.13,223504.18
gmna,Make,2026,Actual,P00075568,394.1,Initial Machining,D3N300140,FTD_OTHER_DAS_7-9_FSD,ROOF,6.17,7.12,1,1,DAS,31531.941,,125780.45,1.11,0.64,1.75,344825.87
gmna,Make,2026,Actual,P00075577,312.9,Design,D2Y450700,FTD_DSGN_DIE_FSD,ROOF,6.17,7.12,3,3,DSGN,25032,,92163.53,0.83,0.47,1.3,256764.92
gmna,Make,2026,Actual,P00075571,299,Design,D2Y450700,FTD_DSGN_DIE_FSD,ROOF,6.17,7.12,3,3,DSGN,23920,,125780.45,1.11,0.64,1.75,344825.87
gmna,Make,2026,Actual,P00075565,297.4,Design,D2Y450700,FTD_DSGN_DIE_FSD,ROOF,6.17,7.12,3,3,DSGN,23792,,85146.11,1.56,0.43,1.99,392748.95
gmna,Make,2026,Actual,P00075583,303,Design,D2Y450700,FTD_DSGN_DIE_FSD,ROOF,6.17,7.12,3,3,DSGN,24240,,62803.57,0.81,0.32,1.13,223504.18
gmna,Make,2026,Actual,P00075568,716.1,Assembly,D3N300140,FTD_OTHER_DAS_7-9_FSD,ROOF,6.17,7.12,1,1,DAS,57295.161,,125780.45,1.11,0.64,1.75,344825.87
gmna,Make,2026,Actual,P00075564,191.5,Patterns,D3I450440,FTD_OTHER_DIE_PREP_7-9_FSD,ROOF,6.17,7.12,5,5,DIE-PREP,15321.915,,85146.11,1.56,0.43,1.99,392748.95
gmna,Make,2026,Actual,P00075582,198.2,Patterns,D3I450440,FTD_OTHER_DIE_PREP_7-9_FSD,ROOF,6.17,7.12,5,5,DIE-PREP,15857.982,,62803.57,0.81,0.32,1.13,223504.18
gmna,Make,2026,Actual,P00073571,400.7,Assembly,D3N300220,FTD_FENDER_DAS_8-10_FSD,FENDER OTR,9.34,,1,1,DAS,32060.007,,91357.87,1.23,0.46,1.7,334777.03
gmna,Make,2026,Actual,P00076863,306,Assembly,D3N300220,FTD_FENDER_DAS_8-10_FSD,FENDER OTR,9.34,,1,1,DAS,24483.06,,139428.07,1.34,0.71,2.05,403864.69
gmna,Make,2026,Actual,P00075565,297.4,Total,D2Y450700,FTD_DSGN_DIE_FSD,ROOF,6.17,7.12,3,3,DSGN,23792,,85146.11,1.56,0.43,1.99,392748.95
gmna,Make,2026,Actual,P00075576,135.3,Total,D3I450440,FTD_OTHER_DIE_PREP_7-9_FSD,ROOF,6.17,7.12,1,1,DIE-PREP,10825.353,,92163.53,0.83,0.47,1.3,256764.92
gmna,Make,2026,Actual,P00075578,80,Total,D2Y450710.1,FTD Design-UPD,ROOF,6.17,7.12,4,4,DSGN,6400,,92163.53,0.83,0.47,1.3,256764.92
gmna,Make,2026,Actual,P00075584,69.2,Total,D2Y450710.1,FTD Design-UPD,ROOF,6.17,7.12,4,4,DSGN,5536,,62803.57,0.81,0.32,1.13,223504.18
gmna,Make,2026,Actual,P00075570,196.5,Patterns,D3I450440,FTD_OTHER_DIE_PREP_7-9_FSD,ROOF,6.17,7.12,5,5,DIE-PREP,15721.965,,125780.45,1.11,0.64,1.75,344825.87
gmna,Make,2026,Actual,P00075568,270.8,Subassembly,D3N300140,FTD_OTHER_DAS_7-9_FSD,ROOF,6.17,7.12,1,1,DAS,21666.708,,125780.45,1.11,0.64,1.75,344825.87
gmna,Make,2026,Actual,P00075574,200.5,Subassembly,D3N300140,FTD_OTHER_DAS_7-9_FSD,ROOF,6.17,7.12,1,1,DAS,16042.005,,92163.53,0.83,0.47,1.3,256764.92
gmna,Make,2026,Actual,P00075580,127.6,Subassembly,D3N300140,FTD_OTHER_DAS_7-9_FSD,ROOF,6.17,7.12,1,1,DAS,10209.276,,62803.57,0.81,0.32,1.13,223504.18
gmna,Make,2026,Actual,P00073565,429.3,Assembly,D3N300220,FTD_FENDER_DAS_8-10_FSD,FENDER OTR,9.34,,1,1,DAS,34348.293,,119241.75,1.44,0.6,2.05,404109.52
gmna,Make,2026,Actual,P00075562,605.2,Assembly,D3N300140,FTD_OTHER_DAS_7-9_FSD,ROOF,6.17,7.12,1,1,DAS,48422.052,,85146.11,1.56,0.43,1.99,392748.95
gmna,Make,2026,Actual,P00075898,3819.7,Iteration,D3D200461,NEW_FTD_OTHER_DD_9-11_FSD,ROOF,6.67,7.73,3,3,DD,305614.197,,,,,,
gmna,Make,2026,Actual,P00076193,87.9,Total,D2Y450710.1,FTD Design-UPD,ROOF,6.67,7.73,4,4,DSGN,7032,,81737.36,1.34,0.41,1.76,346623.33
gmna,Make,2026,Actual,P00076228,80,Total,D2Y450710.1,FTD Design-UPD,ROOF,6.67,7.73,4,4,DSGN,6400,,133593.07,0.61,0.68,1.29,254340.83
gmna,Make,2026,Actual,P00076212,80,Total,D2Y450710.1,FTD Design-UPD,ROOF,6.67,7.73,4,4,DSGN,6400,,74000.35,0.78,0.38,1.15,227629.35
gmna,Make,2026,Actual,P00076206,201.1,Subassembly,D3N300160,FTD_OTHER_DAS_9-11_FSD,ROOF,6.67,7.73,1,1,DAS,16090.011,,74000.35,0.78,0.38,1.15,227629.35
gmna,Make,2026,Actual,P00076222,170.2,Subassembly,D3N300160,FTD_OTHER_DAS_9-11_FSD,ROOF,6.67,7.73,1,1,DAS,13617.702,,133593.07,0.61,0.68,1.29,254340.83
gmna,Make,2026,Actual,P00076209,113.9,Total,D3I450460,FTD_OTHER_DIE_PREP_9-11_FSD,ROOF,6.67,7.73,1,1,DIE-PREP,9113.139,,74000.35,0.78,0.38,1.15,227629.35
gmna,Make,2026,Actual,P00076201,298.5,Patterns,D3I450460,FTD_OTHER_DIE_PREP_9-11_FSD,ROOF,6.67,7.73,4,4,DIE-PREP,23882.985,,141785.36,1.75,0.72,2.47,486443.05
gmna,Make,2026,Actual,P00076191,285,Patterns,D3I450460,FTD_OTHER_DIE_PREP_9-11_FSD,ROOF,6.67,7.73,4,4,DIE-PREP,22802.85,,81737.36,1.34,0.41,1.76,346623.33
gmna,Make,2026,Actual,P00076201,125.9,Process Planning,D3I450460,FTD_OTHER_DIE_PREP_9-11_FSD,ROOF,6.67,7.73,1,1,DIE-PREP,10073.259,,141785.36,1.75,0.72,2.47,486443.05
gmna,Make,2026,Actual,P00075898,1375.7,V6,D3D200461,NEW_FTD_OTHER_DD_9-11_FSD,ROOF,6.67,7.73,3,3,DD,110069.757,,,,,,
gmna,Make,2026,Actual,P00076221,337.9,Total,D3J350360,FTD_OTHER_V2_9-11_FSD,ROOF,6.67,7.73,1,1,V2,27035.379,,133593.07,0.61,0.68,1.29,254340.83
gmna,Make,2026,Actual,P00076196,400.6,Total,D2Y450700,FTD_DSGN_DIE_FSD,ROOF,6.67,7.73,3,3,DSGN,32048,,81737.36,1.34,0.41,1.76,346623.33
gmna,Make,2026,Actual,P00075898,854.8,Iteration,D3D200461,NEW_FTD_OTHER_DD_9-11_FSD,ROOF,6.67,7.73,2,2,DD,68392.548,,,,,,
gmna,Make,2026,Actual,P00075898,4567.3,Iteration,D3D200461,NEW_FTD_OTHER_DD_9-11_FSD,ROOF,6.67,7.73,3,3,DD,365429.673,,,,,,
gmna,Make,2026,Actual,P00076221,337.9,V2,D3J350360,FTD_OTHER_V2_9-11_FSD,ROOF,6.67,7.73,1,1,V2,27035.379,,133593.07,0.61,0.68,1.29,254340.83
gmna,Make,2026,Actual,P00076055,1509.1,V1,D3M350160,FTD_OTHER_V1_9-11_FSD,ROOF,6.67,7.73,1,1,V1,120743.091,,81737.36,1.34,0.41,1.76,346623.33
gmna,Make,2026,Actual,P00076227,392,Total,D2Y450700,FTD_DSGN_DIE_FSD,ROOF,6.67,7.73,3,3,DSGN,31360,,133593.07,0.61,0.68,1.29,254340.83
gmna,Make,2026,Actual,P00076056,757.5,Total,D3N300160,FTD_OTHER_DAS_9-11_FSD,ROOF,6.67,7.73,4,4,DAS,60607.575,,81737.36,1.34,0.41,1.76,346623.33
gmna,Make,2026,Actual,P00076206,561.1,Total,D3N300160,FTD_OTHER_DAS_9-11_FSD,ROOF,6.67,7.73,4,4,DAS,44893.611,,74000.35,0.78,0.38,1.15,227629.35
gmna,Make,2026,Actual,P00076191,476.5,Total,D3I450460,FTD_OTHER_DIE_PREP_9-11_FSD,ROOF,6.67,7.73,5,5,DIE-PREP,38124.765,,81737.36,1.34,0.41,1.76,346623.33
gmna,Make,2026,Actual,P00076211,440,Total,D2Y450700,FTD_DSGN_DIE_FSD,ROOF,6.67,7.73,3,3,DSGN,35200,,74000.35,0.78,0.38,1.15,227629.35
gmna,Make,2026,Actual,P00076225,426.6,Total,D3I450460,FTD_OTHER_DIE_PREP_9-11_FSD,ROOF,6.67,7.73,5,5,DIE-PREP,34132.266,,133593.07,0.61,0.68,1.29,254340.83
gmna,Make,2026,Actual,P00076201,424.4,Total,D3I450460,FTD_OTHER_DIE_PREP_9-11_FSD,ROOF,6.67,7.73,5,5,DIE-PREP,33956.244,,141785.36,1.75,0.72,2.47,486443.05
gmna,Make,2026,Actual,P00076203,413.5,Total,D2Y450700,FTD_DSGN_DIE_FSD,ROOF,6.67,7.73,3,3,DSGN,33080,,141785.36,1.75,0.72,2.47,486443.05
gmna,Make,2026,Actual,P00073577,566.8,Assembly,D3N300220,FTD_FENDER_DAS_8-10_FSD,FENDER OTR,9.34,,1,1,DAS,45349.668,,95811.94,1.11,0.49,1.59,314051.77
gmna,Make,2026,Actual,P00076862,793.4,Assembly,D3N300220,FTD_FENDER_DAS_8-10_FSD,FENDER OTR,9.34,,1,1,DAS,63479.934,,133795.69,1.27,0.68,1.95,383585.6
gmna,Make,2026,Actual,P00073418,4279.5,Iteration,D3D200521,NEW_FTD_FENDER_DD_8-10_FSD,FENDER OTR,9.34,,5,5,DD,342402.795,,,,,,
gmna,Make,2026,Actual,P00073418,880.2,Iteration,D3D200521,NEW_FTD_FENDER_DD_8-10_FSD,FENDER OTR,9.34,,2,2,DD,70424.802,,,,,,
gmna,Make,2026,Actual,P00073418,2087.4,Iteration,D3D200521,NEW_FTD_FENDER_DD_8-10_FSD,FENDER OTR,9.34,,3,3,DD,167012.874,,,,,,
gmna,Make,2026,Actual,P00073418,420.7,Iteration,D3D200521,NEW_FTD_FENDER_DD_8-10_FSD,FENDER OTR,9.34,,2,2,DD,33660.207,,,,,,
gmna,Make,2026,Actual,P00073588,1015.5,V2,D3J350420,FTD_FENDER_V2_8-10_FSD,FENDER OTR,9.34,,1,1,V2,81250.155,,139428.07,1.34,0.71,2.05,403864.69
gmna,Make,2026,Actual,P00073418,1750,Iteration,D3D200521,NEW_FTD_FENDER_DD_8-10_FSD,FENDER OTR,9.34,,2,2,DD,140017.5,,,,,,
gmna,Make,2026,Actual,P00073582,1373.4,Total,D3J350420,FTD_FENDER_V2_8-10_FSD,FENDER OTR,9.34,,1,1,V2,109885.734,,133795.69,1.27,0.68,1.95,383585.6
gmna,Make,2026,Actual,P00076863,1283.9,Total,D3N300220,FTD_FENDER_DAS_8-10_FSD,FENDER OTR,9.34,,4,4,DAS,102724.839,,139428.07,1.34,0.71,2.05,403864.69
gmna,Make,2026,Actual,P00073588,1015.5,Total,D3J350420,FTD_FENDER_V2_8-10_FSD,FENDER OTR,9.34,,1,1,V2,81250.155,,139428.07,1.34,0.71,2.05,403864.69
gmna,Make,2026,Actual,P00073418,1240.9,V6,D3D200521,NEW_FTD_FENDER_DD_8-10_FSD,FENDER OTR,9.34,,3,3,DD,99284.409,,,,,,
gmna,Make,2026,Actual,P00075583,303,Total,D2Y450700,FTD_DSGN_DIE_FSD,ROOF,6.17,7.12,3,3,DSGN,24240,,62803.57,0.81,0.32,1.13,223504.18
gmna,Make,2026,Actual,P00075586,262,Iteration,D3D200421,NEW_FTD_OTHER_DD_5-7_FSD,ROOF,6.17,7.12,2,2,DD,20962.62,,,,,,
gmna,Make,2026,Actual,P00075586,579.4,Iteration,D3D200421,NEW_FTD_OTHER_DD_5-7_FSD,ROOF,6.17,7.12,3,3,DD,46357.794,,,,,,
gmna,Make,2026,Actual,P00075586,467.9,Iteration,D3D200421,NEW_FTD_OTHER_DD_5-7_FSD,ROOF,6.17,7.12,2,2,DD,37436.679,,,,,,
gmna,Make,2026,Actual,P00075586,2888.8,Iteration,D3D200421,NEW_FTD_OTHER_DD_5-7_FSD,ROOF,6.17,7.12,3,3,DD,231132.888,,,,,,
gmna,Make,2026,Actual,P00075571,299,Total,D2Y450700,FTD_DSGN_DIE_FSD,ROOF,6.17,7.12,3,3,DSGN,23920,,125780.45,1.11,0.64,1.75,344825.87
gmna,Make,2026,Actual,P00075562,1168.2,Total,D3N300140,FTD_OTHER_DAS_7-9_FSD,ROOF,6.17,7.12,4,4,DAS,93467.682,,85146.11,1.56,0.43,1.99,392748.95
gmna,Make,2026,Actual,P00075573,866.6,Total,D3J350340,FTD_OTHER_V2_7-9_FSD,ROOF,6.17,7.12,1,1,V2,69336.666,,92163.53,0.83,0.47,1.3,256764.92
gmna,Make,2026,Actual,P00075564,383.7,Total,D3I450440,FTD_OTHER_DIE_PREP_7-9_FSD,ROOF,6.17,7.12,6,6,DIE-PREP,30699.837,,85146.11,1.56,0.43,1.99,392748.95
gmna,Make,2026,Actual,P00075582,381,Total,D3I450440,FTD_OTHER_DIE_PREP_7-9_FSD,ROOF,6.17,7.12,9,9,DIE-PREP,30483.81,,62803.57,0.81,0.32,1.13,223504.18
gmna,Make,2026,Actual,P00075570,341.1,Total,D3I450440,FTD_OTHER_DIE_PREP_7-9_FSD,ROOF,6.17,7.12,6,6,DIE-PREP,27291.411,,125780.45,1.11,0.64,1.75,344825.87
gmna,Make,2026,Actual,P00075577,312.9,Total,D2Y450700,FTD_DSGN_DIE_FSD,ROOF,6.17,7.12,3,3,DSGN,25032,,92163.53,0.83,0.47,1.3,256764.92
gmna,Make,2026,Actual,P00073567,329.9,Total,D3I450520,FTD_FENDER_DIE_PREP_8-10_FSD,FENDER OTR,9.34,,6,6,DIE-PREP,26395.299,,119241.75,1.44,0.6,2.05,404109.52
gmna,Make,2026,Actual,P00073592,201.5,Total,D2Y450700,FTD_DSGN_DIE_FSD,FENDER OTR,9.34,,3,3,DSGN,16120,,139428.07,1.34,0.71,2.05,403864.69
gmna,Make,2026,Actual,P00073580,199.5,Total,D2Y450700,FTD_DSGN_DIE_FSD,FENDER OTR,9.34,,3,3,DSGN,15960,,95811.94,1.11,0.49,1.59,314051.77
gmna,Make,2026,Actual,P00073565,621.5,Initial Machining,D3N300220,FTD_FENDER_DAS_8-10_FSD,FENDER OTR,9.34,,1,1,DAS,49726.215,,119241.75,1.44,0.6,2.05,404109.52
gmna,Make,2026,Actual,P00076862,365.4,Initial Machining,D3N300220,FTD_FENDER_DAS_8-10_FSD,FENDER OTR,9.34,,1,1,DAS,29235.654,,133795.69,1.27,0.68,1.95,383585.6
gmna,Make,2026,Actual,P00076863,336.9,Initial Machining,D3N300220,FTD_FENDER_DAS_8-10_FSD,FENDER OTR,9.34,,1,1,DAS,26955.369,,139428.07,1.34,0.71,2.05,403864.69
gmna,Make,2026,Actual,P00076862,458.2,Final Machining,D3N300220,FTD_FENDER_DAS_8-10_FSD,FENDER OTR,9.34,,1,1,DAS,36660.582,,133795.69,1.27,0.68,1.95,383585.6
gmna,Make,2026,Actual,P00073565,387.3,Final Machining,D3N300220,FTD_FENDER_DAS_8-10_FSD,FENDER OTR,9.34,,1,1,DAS,30987.873,,119241.75,1.44,0.6,2.05,404109.52
gmna,Make,2026,Actual,P00076863,271.2,Final Machining,D3N300220,FTD_FENDER_DAS_8-10_FSD,FENDER OTR,9.34,,1,1,DAS,21698.712,,139428.07,1.34,0.71,2.05,403864.69
gmna,Make,2026,Actual,P00073571,264,Final Machining,D3N300220,FTD_FENDER_DAS_8-10_FSD,FENDER OTR,9.34,,1,1,DAS,21122.64,,91357.87,1.23,0.46,1.7,334777.03
gmna,Make,2026,Actual,P00073592,201.5,Design,D2Y450700,FTD_DSGN_DIE_FSD,FENDER OTR,9.34,,3,3,DSGN,16120,,139428.07,1.34,0.71,2.05,403864.69
gmna,Make,2026,Actual,P00073580,199.5,Design,D2Y450700,FTD_DSGN_DIE_FSD,FENDER OTR,9.34,,3,3,DSGN,15960,,95811.94,1.11,0.49,1.59,314051.77
gmna,Make,2026,Actual,P00073586,184,Design,D2Y450700,FTD_DSGN_DIE_FSD,FENDER OTR,9.34,,3,3,DSGN,14720,,133795.69,1.27,0.68,1.95,383585.6
gmna,Make,2026,Actual,P00073568,175.8,Design,D2Y450700,FTD_DSGN_DIE_FSD,FENDER OTR,9.34,,3,3,DSGN,14064,,119241.75,1.44,0.6,2.05,404109.52
gmna,Make,2026,Actual,P00073574,175,Design,D2Y450700,FTD_DSGN_DIE_FSD,FENDER OTR,9.34,,3,3,DSGN,14000,,91357.87,1.23,0.46,1.7,334777.03
gmna,Make,2026,Actual,P00073577,219.4,Final Machining,D3N300220,FTD_FENDER_DAS_8-10_FSD,FENDER OTR,9.34,,1,1,DAS,17554.194,,95811.94,1.11,0.49,1.59,314051.77
gmna,Make,2026,Actual,P00073567,273.9,Patterns,D3I450520,FTD_FENDER_DIE_PREP_8-10_FSD,FENDER OTR,9.34,,5,5,DIE-PREP,21914.739,,119241.75,1.44,0.6,2.05,404109.52
gmna,Make,2026,Actual,P00073579,16,Process Planning,D3I450520,FTD_FENDER_DIE_PREP_8-10_FSD,FENDER OTR,9.34,,1,1,DIE-PREP,1280.16,,95811.94,1.11,0.49,1.59,314051.77
gmna,Make,2026,Actual,P00073586,184,Total,D2Y450700,FTD_DSGN_DIE_FSD,FENDER OTR,9.34,,3,3,DSGN,14720,,133795.69,1.27,0.68,1.95,383585.6
gmna,Make,2026,Actual,P00073568,175.8,Total,D2Y450700,FTD_DSGN_DIE_FSD,FENDER OTR,9.34,,3,3,DSGN,14064,,119241.75,1.44,0.6,2.05,404109.52
gmna,Make,2026,Actual,P00073574,175,Total,D2Y450700,FTD_DSGN_DIE_FSD,FENDER OTR,9.34,,3,3,DSGN,14000,,91357.87,1.23,0.46,1.7,334777.03
gmna,Make,2026,Actual,P00076243,152.4,Total,D3I450520,FTD_FENDER_DIE_PREP_8-10_FSD,FENDER OTR,9.34,,6,6,REPLACED,12193.524,,133795.69,1.27,0.68,1.95,383585.6
gmna,Make,2026,Actual,P00076244,149.4,Total,D3I450520,FTD_FENDER_DIE_PREP_8-10_FSD,FENDER OTR,9.34,,6,6,REPLACED,11953.494,,139428.07,1.34,0.71,2.05,403864.69
gmna,Make,2026,Actual,P00073569,97,Total,D2Y450710.1,FTD Design-UPD,FENDER OTR,9.34,,4,4,DSGN,7760,,119241.75,1.44,0.6,2.05,404109.52
gmna,Make,2026,Actual,P00073565,483.7,Subassembly,D3N300220,FTD_FENDER_DAS_8-10_FSD,FENDER OTR,9.34,,1,1,DAS,38700.837,,119241.75,1.44,0.6,2.05,404109.52
gmna,Make,2026,Actual,P00076863,369.8,Subassembly,D3N300220,FTD_FENDER_DAS_8-10_FSD,FENDER OTR,9.34,,1,1,DAS,29587.698,,139428.07,1.34,0.71,2.05,403864.69
gmna,Make,2026,Actual,P00076862,254,Subassembly,D3N300220,FTD_FENDER_DAS_8-10_FSD,FENDER OTR,9.34,,1,1,DAS,20322.54,,133795.69,1.27,0.68,1.95,383585.6
gmna,Make,2026,Actual,P00073567,56,Process Planning,D3I450520,FTD_FENDER_DIE_PREP_8-10_FSD,FENDER OTR,9.34,,1,1,DIE-PREP,4480.56,,119241.75,1.44,0.6,2.05,404109.52
gmna,Make,2026,Actual,P00073573,45,Process Planning,D3I450520,FTD_FENDER_DIE_PREP_8-10_FSD,FENDER OTR,9.34,,1,1,DIE-PREP,3600.45,,91357.87,1.23,0.46,1.7,334777.03
gmna,Make,2026,Actual,P00076243,21,Process Planning,D3I450520,FTD_FENDER_DIE_PREP_8-10_FSD,FENDER OTR,9.34,,1,1,REPLACED,1680.21,,133795.69,1.27,0.68,1.95,383585.6
gmna,Make,2026,Actual,P00076244,18.5,Process Planning,D3I450520,FTD_FENDER_DIE_PREP_8-10_FSD,FENDER OTR,9.34,,1,1,REPLACED,1480.185,,139428.07,1.34,0.71,2.05,403864.69
gmna,Make,2026,Actual,P00076865,406.6,Assembly,D3N300220,FTD_FENDER_DAS_8-10_FSD,FENDER OTR,9.23,,1,1,DAS,32532.066,,140797.51,1.34,0.71,2.06,405414.38
gmna,Make,2026,Actual,P00076196,400.6,Design,D2Y450700,FTD_DSGN_DIE_FSD,ROOF,6.67,7.73,3,3,DSGN,32048,,81737.36,1.34,0.41,1.76,346623.33
gmna,Make,2026,Actual,P00072829,314,Design,D2Y450700,FTD_DSGN_DIE_FSD,DASH,9.49,,3,3,DSGN,23785.44,,105800.57,1.17,0.54,1.71,337091.86
gmna,Make,2026,Actual,P00072823,425.5,Design,D2Y450700,FTD_DSGN_DIE_FSD,DASH,9.49,,3,3,DSGN,32540.815,,190412.47,1.23,0.97,2.19,432575.86
gmna,Make,2026,Actual,P00072817,447.2,Design,D2Y450700,FTD_DSGN_DIE_FSD,DASH,9.49,,3,3,DSGN,34444.952,,173094.93,1.5,0.88,2.38,469566.32
gmna,Make,2026,Actual,P00072826,253,Final Machining,D3N300140,FTD_OTHER_DAS_7-9_FSD,DASH,9.49,,1,1,DAS,20242.53,,105800.57,1.17,0.54,1.71,337091.86
gmna,Make,2026,Actual,P00072820,499.4,Final Machining,D3N300140,FTD_OTHER_DAS_7-9_FSD,DASH,9.49,,1,1,DAS,39956.994,,190412.47,1.23,0.97,2.19,432575.86
gmna,Make,2026,Actual,P00072807,526.5,Initial Machining,D3N300140,FTD_OTHER_DAS_7-9_FSD,DASH,9.49,,1,1,DAS,42125.265,,155378.56,2.42,0.79,3.21,633217.14
gmna,Make,2026,Actual,P00072828,257.1,Patterns,D3I450440,FTD_OTHER_DIE_PREP_7-9_FSD,DASH,9.49,,5,5,DIE-PREP,20570.571,,105800.57,1.17,0.54,1.71,337091.86
gmna,Make,2026,Actual,P00072810,287.5,Design,D2Y450700,FTD_DSGN_DIE_FSD,DASH,9.49,,3,3,DSGN,21737.875,,155378.56,2.42,0.79,3.21,633217.14
gmna,Make,2026,Actual,P00072828,45,Process Planning,D3I450440,FTD_OTHER_DIE_PREP_7-9_FSD,DASH,9.49,,1,1,DIE-PREP,3600.45,,105800.57,1.17,0.54,1.71,337091.86
gmna,Make,2026,Actual,P00072824,180.9,Design,D2Y450710,FTD_DSGN_P2_UPDATE_FSD,DASH,9.49,,4,4,DSGN,14472,,190412.47,1.23,0.97,2.19,432575.86
gmna,Make,2026,Actual,P00077318,9072.8,Iteration,D3D200481,NEW_FTD_OTHER_DD_11-14_FSD,LIFTGATE OTR,23.03,20,4,4,DD,725914.728,,,,,,
gmna,Make,2026,Actual,P00077318,1643.3,Iteration,D3D200481,NEW_FTD_OTHER_DD_11-14_FSD,LIFTGATE OTR,23.03,20,2,2,DD,131480.433,,,,,,
gmna,Make,2026,Actual,P00077318,9461.2,Iteration,D3D200481,NEW_FTD_OTHER_DD_11-14_FSD,LIFTGATE OTR,23.03,20,4,4,DD,756990.612,,,,,,
gmna,Make,2026,Actual,P00077318,668.2,Iteration,D3D200481,NEW_FTD_OTHER_DD_11-14_FSD,LIFTGATE OTR,23.03,20,2,2,DD,53462.682,,,,,,
gmna,Make,2026,Actual,P00077159,2242.4,V6,D3D200481,NEW_FTD_OTHER_DD_11-14_FSD,HOOD OTR,16.93,,3,3,DD,179414.424,,,,,,
gmna,Make,2026,Actual,P00077159,2046.2,Iteration,D3D200481,NEW_FTD_OTHER_DD_11-14_FSD,HOOD OTR,16.93,,2,2,DD,163716.462,,,,,,
gmna,Make,2026,Actual,P00077159,5621.4,Iteration,D3D200481,NEW_FTD_OTHER_DD_11-14_FSD,HOOD OTR,16.93,,4,4,DD,449768.214,,,,,,
gmna,Make,2026,Actual,P00076203,413.5,Design,D2Y450700,FTD_DSGN_DIE_FSD,ROOF,6.67,7.73,3,3,DSGN,33080,,141785.36,1.75,0.72,2.47,486443.05
gmna,Make,2026,Actual,P00077159,17904.5,Iteration,D3D200481,NEW_FTD_OTHER_DD_11-14_FSD,HOOD OTR,16.93,,4,4,DD,1432539.045,,,,,,
gmna,Make,2026,Actual,P00072826,375.4,Assembly,D3N300140,FTD_OTHER_DAS_7-9_FSD,DASH,9.49,,1,1,DAS,30035.754,,105800.57,1.17,0.54,1.71,337091.86
gmna,Make,2026,Actual,P00072820,899.9,Assembly,D3N300140,FTD_OTHER_DAS_7-9_FSD,DASH,9.49,,1,1,DAS,72000.999,,190412.47,1.23,0.97,2.19,432575.86
gmna,Make,2026,Actual,P00072814,1010.3,Assembly,D3N300140,FTD_OTHER_DAS_7-9_FSD,DASH,9.49,,1,1,DAS,80834.103,,173094.93,1.5,0.88,2.38,469566.32
gmna,Make,2026,Actual,P00072807,1223.3,Assembly,D3N300140,FTD_OTHER_DAS_7-9_FSD,DASH,9.49,,1,1,DAS,97876.233,,155378.56,2.42,0.79,3.21,633217.14
gmna,Make,2026,Actual,P00072818,174,Design,D2Y450710,FTD_DSGN_P2_UPDATE_FSD,DASH,9.49,,4,4,DSGN,13920,,173094.93,1.5,0.88,2.38,469566.32
gmna,Make,2026,Actual,P00072822,50,Process Planning,D3I450440,FTD_OTHER_DIE_PREP_7-9_FSD,DASH,9.49,,1,1,DIE-PREP,4000.5,,190412.47,1.23,0.97,2.19,432575.86
gmna,Make,2026,Actual,P00072809,62,Process Planning,D3I450440,FTD_OTHER_DIE_PREP_7-9_FSD,DASH,9.49,,1,1,DIE-PREP,4960.62,,155378.56,2.42,0.79,3.21,633217.14
gmna,Make,2026,Actual,P00072816,62,Process Planning,D3I450440,FTD_OTHER_DIE_PREP_7-9_FSD,DASH,9.49,,1,1,DIE-PREP,4960.62,,173094.93,1.5,0.88,2.38,469566.32
gmna,Make,2026,Actual,P00072806,1954,Total,D3M350140,FTD_OTHER_V1_7-9_FSD,DASH,9.49,,1,1,V1,156339.54,,155378.56,2.42,0.79,3.21,633217.14
gmna,Make,2026,Actual,P00072806,1954,V1,D3M350140,FTD_OTHER_V1_7-9_FSD,DASH,9.49,,1,1,V1,156339.54,,155378.56,2.42,0.79,3.21,633217.14
gmna,Make,2026,Actual,P00072825,281.4,V2,D3J350340,FTD_OTHER_V2_7-9_FSD,DASH,9.49,,1,1,V2,22514.814,,105800.57,1.17,0.54,1.71,337091.86
gmna,Make,2026,Actual,P00072819,373.7,V2,D3J350340,FTD_OTHER_V2_7-9_FSD,DASH,9.49,,1,1,V2,29899.737,,190412.47,1.23,0.97,2.19,432575.86
gmna,Make,2026,Actual,P00072813,1112.6,V2,D3J350340,FTD_OTHER_V2_7-9_FSD,DASH,9.49,,1,1,V2,89019.126,,173094.93,1.5,0.88,2.38,469566.32
gmna,Make,2026,Actual,P00073412,237.1,Iteration,D3D200461,NEW_FTD_OTHER_DD_9-11_FSD,DASH,9.49,,2,2,DD,18970.371,,,,,,
gmna,Make,2026,Actual,P00073412,2739.5,Iteration,D3D200461,NEW_FTD_OTHER_DD_9-11_FSD,DASH,9.49,,2,2,DD,219187.395,,,,,,
gmna,Make,2026,Actual,P00073412,1015.8,Iteration,D3D200461,NEW_FTD_OTHER_DD_9-11_FSD,DASH,9.49,,2,2,DD,81274.158,,,,,,
gmna,Make,2026,Actual,P00073412,3295.3,Iteration,D3D200461,NEW_FTD_OTHER_DD_9-11_FSD,DASH,9.49,,2,2,DD,263656.953,,,,,,
gmna,Make,2026,Actual,P00073412,478,Iteration,D3D200461,NEW_FTD_OTHER_DD_9-11_FSD,DASH,9.49,,2,2,DD,38244.78,,,,,,
gmna,Make,2026,Actual,P00073412,1039.8,V6,D3D200461,NEW_FTD_OTHER_DD_9-11_FSD,DASH,9.49,,3,3,DD,83194.398,,,,,,
gmna,Make,2026,Actual,P00077159,1081.5,Iteration,D3D200481,NEW_FTD_OTHER_DD_11-14_FSD,HOOD OTR,16.93,,2,2,DD,86530.815,,,,,,
gmna,Make,2026,Actual,P00072813,1112.6,Total,D3J350340,FTD_OTHER_V2_7-9_FSD,DASH,9.49,,1,1,V2,89019.126,,173094.93,1.5,0.88,2.38,469566.32
gmna,Make,2026,Actual,P00072817,447.2,Total,D2Y450700,FTD_DSGN_DIE_FSD,DASH,9.49,,3,3,DSGN,34444.952,,173094.93,1.5,0.88,2.38,469566.32
gmna,Make,2026,Actual,P00072823,425.5,Total,D2Y450700,FTD_DSGN_DIE_FSD,DASH,9.49,,3,3,DSGN,32540.815,,190412.47,1.23,0.97,2.19,432575.86
gmna,Make,2026,Actual,P00072826,365.4,Subassembly,D3N300140,FTD_OTHER_DAS_7-9_FSD,DASH,9.49,,1,1,DAS,29235.654,,105800.57,1.17,0.54,1.71,337091.86
gmna,Make,2026,Actual,P00072820,603.7,Subassembly,D3N300140,FTD_OTHER_DAS_7-9_FSD,DASH,9.49,,1,1,DAS,48302.037,,190412.47,1.23,0.97,2.19,432575.86
gmna,Make,2026,Actual,P00072807,646,Subassembly,D3N300140,FTD_OTHER_DAS_7-9_FSD,DASH,9.49,,1,1,DAS,51686.46,,155378.56,2.42,0.79,3.21,633217.14
gmna,Make,2026,Actual,P00072830,92,Total,D2Y450710,FTD_DSGN_P2_UPDATE_FSD,DASH,9.49,,4,4,DSGN,7360,,105800.57,1.17,0.54,1.71,337091.86
gmna,Make,2026,Actual,P00072822,114,Total,D3I450440,FTD_OTHER_DIE_PREP_7-9_FSD,DASH,9.49,,6,6,DIE-PREP,9121.14,,190412.47,1.23,0.97,2.19,432575.86
gmna,Make,2026,Actual,P00077318,1350.3,Iteration,D3D200481,NEW_FTD_OTHER_DD_11-14_FSD,LIFTGATE OTR,23.03,20,2,2,DD,108037.503,,,,,,
gmna,Make,2026,Actual,P00072824,180.9,Total,D2Y450710,FTD_DSGN_P2_UPDATE_FSD,DASH,9.49,,4,4,DSGN,14472,,190412.47,1.23,0.97,2.19,432575.86
gmna,Make,2026,Actual,P00072825,281.4,Total,D3J350340,FTD_OTHER_V2_7-9_FSD,DASH,9.49,,1,1,V2,22514.814,,105800.57,1.17,0.54,1.71,337091.86
gmna,Make,2026,Actual,P00072810,287.5,Total,D2Y450700,FTD_DSGN_DIE_FSD,DASH,9.49,,3,3,DSGN,21737.875,,155378.56,2.42,0.79,3.21,633217.14
gmna,Make,2026,Actual,P00072809,291,Total,D3I450440,FTD_OTHER_DIE_PREP_7-9_FSD,DASH,9.49,,6,6,DIE-PREP,23282.91,,155378.56,2.42,0.79,3.21,633217.14
gmna,Make,2026,Actual,P00072828,302.1,Total,D3I450440,FTD_OTHER_DIE_PREP_7-9_FSD,DASH,9.49,,6,6,DIE-PREP,24171.021,,105800.57,1.17,0.54,1.71,337091.86
gmna,Make,2026,Actual,P00072829,314,Total,D2Y450700,FTD_DSGN_DIE_FSD,DASH,9.49,,3,3,DSGN,23785.44,,105800.57,1.17,0.54,1.71,337091.86
gmna,Make,2026,Actual,P00072819,373.7,Total,D3J350340,FTD_OTHER_V2_7-9_FSD,DASH,9.49,,1,1,V2,29899.737,,190412.47,1.23,0.97,2.19,432575.86
gmna,Make,2026,Actual,P00072818,174,Total,D2Y450710,FTD_DSGN_P2_UPDATE_FSD,DASH,9.49,,4,4,DSGN,13920,,173094.93,1.5,0.88,2.38,469566.32
gmna,Make,2026,Actual,P00077318,902,V6,D3D200481,NEW_FTD_OTHER_DD_11-14_FSD,LIFTGATE OTR,23.03,20,2,2,DD,72169.02,,,,,,
gmna,Make,2026,Actual,P00077159,1594.9,Iteration,D3D200481,NEW_FTD_OTHER_DD_11-14_FSD,HOOD OTR,16.93,,2,2,DD,127607.949,,,,,,
gmna,Make,2026,Actual,P00076206,228,Assembly,D3N300160,FTD_OTHER_DAS_9-11_FSD,ROOF,6.67,7.73,1,1,DAS,18242.28,,74000.35,0.78,0.38,1.15,227629.35
gmna,Make,2026,Actual,P00076056,501.5,Assembly,D3N300160,FTD_OTHER_DAS_9-11_FSD,ROOF,6.67,7.73,1,1,DAS,40125.015,,81737.36,1.34,0.41,1.76,346623.33
gmna,Make,2026,Actual,P00076212,80,Design,D2Y450710.1,FTD Design-UPD,ROOF,6.67,7.73,4,4,DSGN,6400,,74000.35,0.78,0.38,1.15,227629.35
gmna,Make,2027,Actual,P00077756,1541.7,Assembly,D3N300160,FTD_OTHER_DAS_9-11_FSD,FRONT FLOOR,7.22,6.54,1,1,DAS,123351.417,,182434.88,2.42,0.93,3.34,658752.22
gmna,Make,2027,Actual,P00073423,143.5,Iteration,D3D200590,NEW_FTD_FENDER_DD_12-14_FSD,FENDER OTR,13.09,16.62,2,2,DD,11481.435,,,,,,
gmna,Make,2027,Actual,P00078008,251.5,V2,D3J350360,FTD_OTHER_V2_9-11_FSD,HOOD INR,7.72,9.55,1,1,V2,20122.515,,86084.6,1.28,0.44,1.72,339448.84
gmna,Make,2027,Actual,P00082306,85.5,V6,D3D200401,NEW_FTD_OTHER_DD_3-5_FSD,F/END PNL,,2.66,3,3,DD,6840.855,,,,,,
gmna,Make,2027,Actual,P00082306,1,Iteration,D3D200401,NEW_FTD_OTHER_DD_3-5_FSD,F/END PNL,,2.66,2,2,DD,80.01,,,,,,
gmna,Make,2027,Actual,P00082306,1,Iteration,D3D200401,NEW_FTD_OTHER_DD_3-5_FSD,F/END PNL,,2.66,2,2,DD,80.01,,,,,,
gmna,Make,2027,Actual,P00077972,441.5,Assembly,D3N300160,FTD_OTHER_DAS_9-11_FSD,DASH,4.97,5.24,1,1,DAS,35324.415,,54767.85,1.04,0.28,1.32,259983.12
gmna,Make,2027,Actual,P00077778,253.5,Design,D2Y450700,FTD_DSGN_DIE_FSD,FRONT FLOOR,7.22,6.54,3,3,DSGN,20280,,98957.02,1.45,0.5,1.95,384127.07
gmna,Make,2027,Actual,P00077765,346.4,Subassembly,D3N300160,FTD_OTHER_DAS_9-11_FSD,FRONT FLOOR,7.22,6.54,1,1,DAS,27715.464,,106189.23,1.39,0.54,1.93,380371.23
gmna,Make,2027,Actual,P00077773,272,Subassembly,D3N300160,FTD_OTHER_DAS_9-11_FSD,FRONT FLOOR,7.22,6.54,1,1,DAS,21762.72,,98957.02,1.45,0.5,1.95,384127.07
gmna,Make,2027,Actual,P00077768,72,Process Planning,D3I450460,FTD_OTHER_DIE_PREP_9-11_FSD,FRONT FLOOR,7.22,6.54,1,1,DIE-PREP,5760.72,,106189.23,1.39,0.54,1.93,380371.23
gmna,Make,2027,Actual,P00077776,66.5,Process Planning,D3I450460,FTD_OTHER_DIE_PREP_9-11_FSD,FRONT FLOOR,7.22,6.54,1,1,DIE-PREP,5320.665,,98957.02,1.45,0.5,1.95,384127.07
gmna,Make,2027,Actual,P00077758,40,Process Planning,D3I450460,FTD_OTHER_DIE_PREP_9-11_FSD,FRONT FLOOR,7.22,6.54,1,1,DIE-PREP,3200.4,,182434.88,2.42,0.93,3.34,658752.22
gmna,Make,2027,Actual,P00077758,385.6,Patterns,D3I450460,FTD_OTHER_DIE_PREP_9-11_FSD,FRONT FLOOR,7.22,6.54,4,4,DIE-PREP,30851.856,,182434.88,2.42,0.93,3.34,658752.22
gmna,Make,2027,Actual,P00077765,389.4,Initial Machining,D3N300160,FTD_OTHER_DAS_9-11_FSD,FRONT FLOOR,7.22,6.54,1,1,DAS,31155.894,,106189.23,1.39,0.54,1.93,380371.23
gmna,Make,2027,Actual,P00077773,331.9,Initial Machining,D3N300160,FTD_OTHER_DAS_9-11_FSD,FRONT FLOOR,7.22,6.54,1,1,DAS,26555.319,,98957.02,1.45,0.5,1.95,384127.07
gmna,Make,2027,Actual,P00077756,300.8,Final Machining,D3N300160,FTD_OTHER_DAS_9-11_FSD,FRONT FLOOR,7.22,6.54,1,1,DAS,24067.008,,182434.88,2.42,0.93,3.34,658752.22
gmna,Make,2027,Actual,P00077773,215.8,Final Machining,D3N300160,FTD_OTHER_DAS_9-11_FSD,FRONT FLOOR,7.22,6.54,1,1,DAS,17266.158,,98957.02,1.45,0.5,1.95,384127.07
gmna,Make,2027,Actual,P00077770,310,Design,D2Y450700,FTD_DSGN_DIE_FSD,FRONT FLOOR,7.22,6.54,3,3,DSGN,24800,,106189.23,1.39,0.54,1.93,380371.23
gmna,Make,2027,Actual,P00077763,261.5,Design,D2Y450700,FTD_DSGN_DIE_FSD,FRONT FLOOR,7.22,6.54,3,3,DSGN,20920,,182434.88,2.42,0.93,3.34,658752.22
gmna,Make,2027,Actual,P00077756,641.3,Initial Machining,D3N300160,FTD_OTHER_DAS_9-11_FSD,FRONT FLOOR,7.22,6.54,1,1,DAS,51310.413,,182434.88,2.42,0.93,3.34,658752.22
gmna,Make,2027,Actual,P00078880,80.5,Subassembly,D3N300160,FTD_OTHER_DAS_9-11_FSD,DASH,4.97,5.24,1,1,COMPONENT,6440.805,,71402.52,0.78,0.36,1.15,225807.46
gmna,Make,2027,Actual,P00077980,85.7,Subassembly,D3N300160,FTD_OTHER_DAS_9-11_FSD,DASH,4.97,5.24,1,1,DAS,6856.857,,70368.38,0.93,0.36,1.29,254506.83
gmna,Make,2027,Actual,P00077996,202,Subassembly,D3N300160,FTD_OTHER_DAS_9-11_FSD,DASH,4.97,5.24,1,1,DAS,16162.02,,82866.58,0.79,0.42,1.21,239150.9
gmna,Make,2027,Actual,P00077988,290,Subassembly,D3N300160,FTD_OTHER_DAS_9-11_FSD,DASH,4.97,5.24,1,1,DAS,23202.9,,71402.52,0.78,0.36,1.15,225807.46
gmna,Make,2027,Actual,P00077986,76,Total,D2Y450710.1,FTD Design-UPD,DASH,4.97,5.24,4,4,DSGN,6080,,70368.38,0.93,0.36,1.29,254506.83
gmna,Make,2027,Actual,P00077994,77,Total,D2Y450710.1,FTD Design-UPD,DASH,4.97,5.24,4,4,DSGN,6160,,71402.52,0.78,0.36,1.15,225807.46
gmna,Make,2027,Actual,P00078880,80.5,Total,D3N300160,FTD_OTHER_DAS_9-11_FSD,DASH,4.97,5.24,1,1,COMPONENT,6440.805,,71402.52,0.78,0.36,1.15,225807.46
gmna,Make,2027,Actual,P00077995,105.5,Total,D3J350360,FTD_OTHER_V2_9-11_FSD,DASH,4.97,5.24,1,1,V2,8441.055,,82866.58,0.79,0.42,1.21,239150.9
gmna,Make,2027,Actual,P00077979,137.2,Total,D3J350360,FTD_OTHER_V2_9-11_FSD,DASH,4.97,5.24,1,1,V2,10977.372,,70368.38,0.93,0.36,1.29,254506.83
gmna,Make,2027,Actual,P00077987,154.6,Total,D3J350360,FTD_OTHER_V2_9-11_FSD,DASH,4.97,5.24,1,1,V2,12369.546,,71402.52,0.78,0.36,1.15,225807.46
gmna,Make,2027,Actual,P00077975,178.5,Total,D3I450460,FTD_OTHER_DIE_PREP_9-11_FSD,DASH,4.97,5.24,6,6,DIE-PREP,14281.785,,54767.85,1.04,0.28,1.32,259983.12
gmna,Make,2027,Actual,P00077978,76,Total,D2Y450710.1,FTD Design-UPD,DASH,4.97,5.24,4,4,DSGN,6080,,54767.85,1.04,0.28,1.32,259983.12
gmna,Make,2027,Actual,P00077999,49,Process Planning,D3I450460,FTD_OTHER_DIE_PREP_9-11_FSD,DASH,4.97,5.24,1,1,DIE-PREP,3920.49,,82866.58,0.79,0.42,1.21,239150.9
gmna,Make,2027,Actual,P00077977,258,Design,D2Y450700,FTD_DSGN_DIE_FSD,DASH,4.97,5.24,3,3,DSGN,20640,,54767.85,1.04,0.28,1.32,259983.12
gmna,Make,2027,Actual,P00078001,348.1,Design,D2Y450700,FTD_DSGN_DIE_FSD,DASH,4.97,5.24,3,3,DSGN,27848,,82866.58,0.79,0.42,1.21,239150.9
gmna,Make,2027,Actual,P00077975,162.5,Patterns,D3I450460,FTD_OTHER_DIE_PREP_9-11_FSD,DASH,4.97,5.24,5,5,DIE-PREP,13001.625,,54767.85,1.04,0.28,1.32,259983.12
gmna,Make,2027,Actual,P00077975,16,Process Planning,D3I450460,FTD_OTHER_DIE_PREP_9-11_FSD,DASH,4.97,5.24,1,1,DIE-PREP,1280.16,,54767.85,1.04,0.28,1.32,259983.12
gmna,Make,2027,Actual,P00077983,42.7,Process Planning,D3I450460,FTD_OTHER_DIE_PREP_9-11_FSD,DASH,4.97,5.24,1,1,DIE-PREP,3416.427,,70368.38,0.93,0.36,1.29,254506.83
gmna,Make,2027,Actual,P00073423,4550.3,Iteration,D3D200590,NEW_FTD_FENDER_DD_12-14_FSD,FENDER OTR,13.09,16.62,5,5,DD,364069.503,,,,,,
gmna,Make,2027,Actual,P00077977,258,Total,D2Y450700,FTD_DSGN_DIE_FSD,DASH,4.97,5.24,3,3,DSGN,20640,,54767.85,1.04,0.28,1.32,259983.12
gmna,Make,2027,Actual,P00077933,265.7,Subassembly,D3N300160,FTD_OTHER_DAS_9-11_FSD,HOOD INR,7.72,9.55,1,1,DAS,21258.657,,86084.6,1.28,0.44,1.72,339448.84
gmna,Make,2027,Actual,P00077928,43,Process Planning,D3I450460,FTD_OTHER_DIE_PREP_9-11_FSD,HOOD INR,7.72,9.55,1,1,DIE-PREP,3440.43,,101305.79,1.75,0.51,2.26,446541.15
gmna,Make,2027,Actual,P00077936,19.5,Process Planning,D3I450460,FTD_OTHER_DIE_PREP_9-11_FSD,HOOD INR,7.72,9.55,1,1,DIE-PREP,1560.195,,86084.6,1.28,0.44,1.72,339448.84
gmna,Make,2027,Actual,P00077944,16.9,Process Planning,D3I450460,FTD_OTHER_DIE_PREP_9-11_FSD,HOOD INR,7.72,9.55,1,1,DIE-PREP,1352.169,,130029.82,1.19,0.66,1.85,364739.96
gmna,Make,2027,Actual,P00077952,14,Process Planning,D3I450460,FTD_OTHER_DIE_PREP_9-11_FSD,HOOD INR,7.72,9.55,1,1,DIE-PREP,1120.14,,103419.06,1.37,0.52,1.89,372927.4
gmna,Make,2027,Actual,P00077952,313.3,Patterns,D3I450460,FTD_OTHER_DIE_PREP_9-11_FSD,HOOD INR,7.72,9.55,5,5,DIE-PREP,25067.133,,103419.06,1.37,0.52,1.89,372927.4
gmna,Make,2027,Actual,P00077949,381.9,Subassembly,D3N300160,FTD_OTHER_DAS_9-11_FSD,HOOD INR,7.72,9.55,1,1,DAS,30555.819,,103419.06,1.37,0.52,1.89,372927.4
gmna,Make,2027,Actual,P00077944,277.4,Patterns,D3I450460,FTD_OTHER_DIE_PREP_9-11_FSD,HOOD INR,7.72,9.55,5,5,DIE-PREP,22194.774,,130029.82,1.19,0.66,1.85,364739.96
gmna,Make,2027,Actual,P00077936,173.1,Patterns,D3I450460,FTD_OTHER_DIE_PREP_9-11_FSD,HOOD INR,7.72,9.55,5,5,DIE-PREP,13849.731,,86084.6,1.28,0.44,1.72,339448.84
gmna,Make,2027,Actual,P00077938,479.5,Design,D2Y450700,FTD_DSGN_DIE_FSD,HOOD INR,7.72,9.55,3,3,DSGN,38360,,86084.6,1.28,0.44,1.72,339448.84
gmna,Make,2027,Actual,P00077946,453.5,Design,D2Y450700,FTD_DSGN_DIE_FSD,HOOD INR,7.72,9.55,3,3,DSGN,36280,,130029.82,1.19,0.66,1.85,364739.96
gmna,Make,2027,Actual,P00077954,362.1,Design,D2Y450700,FTD_DSGN_DIE_FSD,HOOD INR,7.72,9.55,3,3,DSGN,28968,,103419.06,1.37,0.52,1.89,372927.4
gmna,Make,2027,Actual,P00077930,339.1,Design,D2Y450700,FTD_DSGN_DIE_FSD,HOOD INR,7.72,9.55,3,3,DSGN,27128,,101305.79,1.75,0.51,2.26,446541.15
gmna,Make,2027,Actual,P00077928,271.5,Patterns,D3I450460,FTD_OTHER_DIE_PREP_9-11_FSD,HOOD INR,7.72,9.55,5,5,DIE-PREP,21722.715,,101305.79,1.75,0.51,2.26,446541.15
gmna,Make,2027,Actual,P00077949,1161.3,Total,D3N300160,FTD_OTHER_DAS_9-11_FSD,HOOD INR,7.72,9.55,4,4,DAS,92915.613,,103419.06,1.37,0.52,1.89,372927.4
gmna,Make,2027,Actual,P00077925,888.9,Total,D3N300160,FTD_OTHER_DAS_9-11_FSD,HOOD INR,7.72,9.55,4,4,DAS,71120.889,,101305.79,1.75,0.51,2.26,446541.15
gmna,Make,2027,Actual,P00077933,812.6,Total,D3N300160,FTD_OTHER_DAS_9-11_FSD,HOOD INR,7.72,9.55,4,4,DAS,65016.126,,86084.6,1.28,0.44,1.72,339448.84
gmna,Make,2027,Actual,P00077938,479.5,Total,D2Y450700,FTD_DSGN_DIE_FSD,HOOD INR,7.72,9.55,3,3,DSGN,38360,,86084.6,1.28,0.44,1.72,339448.84
gmna,Make,2027,Actual,P00077946,453.5,Total,D2Y450700,FTD_DSGN_DIE_FSD,HOOD INR,7.72,9.55,3,3,DSGN,36280,,130029.82,1.19,0.66,1.85,364739.96
gmna,Make,2027,Actual,P00077954,362.1,Total,D2Y450700,FTD_DSGN_DIE_FSD,HOOD INR,7.72,9.55,3,3,DSGN,28968,,103419.06,1.37,0.52,1.89,372927.4
gmna,Make,2027,Actual,P00077930,339.1,Total,D2Y450700,FTD_DSGN_DIE_FSD,HOOD INR,7.72,9.55,3,3,DSGN,27128,,101305.79,1.75,0.51,2.26,446541.15
gmna,Make,2027,Actual,P00077928,314.5,Total,D3I450460,FTD_OTHER_DIE_PREP_9-11_FSD,HOOD INR,7.72,9.55,6,6,DIE-PREP,25163.145,,101305.79,1.75,0.51,2.26,446541.15
gmna,Make,2027,Actual,P00077944,294.3,Total,D3I450460,FTD_OTHER_DIE_PREP_9-11_FSD,HOOD INR,7.72,9.55,6,6,DIE-PREP,23546.943,,130029.82,1.19,0.66,1.85,364739.96
gmna,Make,2027,Actual,P00078008,251.5,Total,D3J350360,FTD_OTHER_V2_9-11_FSD,HOOD INR,7.72,9.55,1,1,V2,20122.515,,86084.6,1.28,0.44,1.72,339448.84
gmna,Make,2027,Actual,P00077936,192.6,Total,D3I450460,FTD_OTHER_DIE_PREP_9-11_FSD,HOOD INR,7.72,9.55,6,6,DIE-PREP,15409.926,,86084.6,1.28,0.44,1.72,339448.84
gmna,Make,2027,Actual,P00077952,327.3,Total,D3I450460,FTD_OTHER_DIE_PREP_9-11_FSD,HOOD INR,7.72,9.55,6,6,DIE-PREP,26187.273,,103419.06,1.37,0.52,1.89,372927.4
gmna,Make,2027,Actual,P00077754,2043.6,Iteration,D3D200421,NEW_FTD_OTHER_DD_5-7_FSD,FRONT FLOOR,7.22,6.54,3,3,DD,163508.436,,,,,,
gmna,Make,2027,Actual,P00077754,205.4,Iteration,D3D200421,NEW_FTD_OTHER_DD_5-7_FSD,FRONT FLOOR,7.22,6.54,2,2,DD,16434.054,,,,,,
gmna,Make,2027,Actual,P00077764,853,V2,D3J350360,FTD_OTHER_V2_9-11_FSD,FRONT FLOOR,7.22,6.54,1,1,V2,68248.53,,106189.23,1.39,0.54,1.93,380371.23
gmna,Make,2027,Actual,P00077772,334,V2,D3J350360,FTD_OTHER_V2_9-11_FSD,FRONT FLOOR,7.22,6.54,1,1,V2,26723.34,,98957.02,1.45,0.5,1.95,384127.07
gmna,Make,2027,Actual,P00077755,1261.5,V1,D3M350160,FTD_OTHER_V1_9-11_FSD,FRONT FLOOR,7.22,6.54,1,1,V1,100932.615,,182434.88,2.42,0.93,3.34,658752.22
gmna,Make,2027,Actual,P00077754,217.5,Iteration,D3D200421,NEW_FTD_OTHER_DD_5-7_FSD,FRONT FLOOR,7.22,6.54,2,2,DD,17402.175,,,,,,
gmna,Make,2027,Actual,P00077764,853,Total,D3J350360,FTD_OTHER_V2_9-11_FSD,FRONT FLOOR,7.22,6.54,1,1,V2,68248.53,,106189.23,1.39,0.54,1.93,380371.23
gmna,Make,2027,Actual,P00077776,538.5,Total,D3I450460,FTD_OTHER_DIE_PREP_9-11_FSD,FRONT FLOOR,7.22,6.54,6,6,DIE-PREP,43085.385,,98957.02,1.45,0.5,1.95,384127.07
gmna,Make,2027,Actual,P00077758,425.6,Total,D3I450460,FTD_OTHER_DIE_PREP_9-11_FSD,FRONT FLOOR,7.22,6.54,5,5,DIE-PREP,34052.256,,182434.88,2.42,0.93,3.34,658752.22
gmna,Make,2027,Actual,P00077772,334,Total,D3J350360,FTD_OTHER_V2_9-11_FSD,FRONT FLOOR,7.22,6.54,1,1,V2,26723.34,,98957.02,1.45,0.5,1.95,384127.07
gmna,Make,2027,Actual,P00077770,310,Total,D2Y450700,FTD_DSGN_DIE_FSD,FRONT FLOOR,7.22,6.54,3,3,DSGN,24800,,106189.23,1.39,0.54,1.93,380371.23
gmna,Make,2027,Actual,P00077763,261.5,Total,D2Y450700,FTD_DSGN_DIE_FSD,FRONT FLOOR,7.22,6.54,3,3,DSGN,20920,,182434.88,2.42,0.93,3.34,658752.22
gmna,Make,2027,Actual,P00077778,253.5,Total,D2Y450700,FTD_DSGN_DIE_FSD,FRONT FLOOR,7.22,6.54,3,3,DSGN,20280,,98957.02,1.45,0.5,1.95,384127.07
gmna,Make,2027,Actual,P00077755,1261.5,Total,D3M350160,FTD_OTHER_V1_9-11_FSD,FRONT FLOOR,7.22,6.54,1,1,V1,100932.615,,182434.88,2.42,0.93,3.34,658752.22
gmna,Make,2027,Actual,P00077754,108,Iteration,D3D200421,NEW_FTD_OTHER_DD_5-7_FSD,FRONT FLOOR,7.22,6.54,5,5,DD,8641.08,,,,,,
gmna,Make,2027,Actual,P00078378,1465,V6,D3D200461,NEW_FTD_OTHER_DD_9-11_FSD,HOOD INR,8.15,8.5,3,3,REPLACED,117214.65,,,,,,
gmna,Make,2027,Actual,P00077925,878.9,Assembly,D3N300160,FTD_OTHER_DAS_9-11_FSD,HOOD INR,7.72,9.55,1,1,DAS,70320.789,,101305.79,1.75,0.51,2.26,446541.15
gmna,Make,2027,Actual,P00077949,751.4,Assembly,D3N300160,FTD_OTHER_DAS_9-11_FSD,HOOD INR,7.72,9.55,1,1,DAS,60119.514,,103419.06,1.37,0.52,1.89,372927.4
gmna,Make,2027,Actual,P00077933,530.9,Assembly,D3N300160,FTD_OTHER_DAS_9-11_FSD,HOOD INR,7.72,9.55,1,1,DAS,42477.309,,86084.6,1.28,0.44,1.72,339448.84
gmna,Make,2027,Actual,P00081327,97.4,Iteration,D5Z450790,FTD_RW_DESIGN_PROCESSPLANNING,HOOD INR,7.72,9.55,2,2,IT1,7792.974,,,,,,
gmna,Make,2027,Actual,P00077879,524.9,Iteration,D3D200461,NEW_FTD_OTHER_DD_9-11_FSD,HOOD INR,7.72,9.55,2,2,DD,41997.249,,,,,,
gmna,Make,2027,Actual,P00077879,3242.501,Iteration,D3D200461,NEW_FTD_OTHER_DD_9-11_FSD,HOOD INR,7.72,9.55,3,3,DD,259432.505,,,,,,
gmna,Make,2027,Actual,P00077879,116.5,Iteration,D3D200461,NEW_FTD_OTHER_DD_9-11_FSD,HOOD INR,7.72,9.55,2,2,DD,9321.165,,,,,,
gmna,Make,2027,Actual,P00077754,827.7,V6,D3D200421,NEW_FTD_OTHER_DD_5-7_FSD,FRONT FLOOR,7.22,6.54,2,2,DD,66224.277,,,,,,
gmna,Make,2027,Actual,P00077879,370.7,Iteration,D3D200461,NEW_FTD_OTHER_DD_9-11_FSD,HOOD INR,7.72,9.55,5,5,DD,29659.707,,,,,,
gmna,Make,2027,Actual,P00077879,1581.5,V6,D3D200461,NEW_FTD_OTHER_DD_9-11_FSD,HOOD INR,7.72,9.55,3,3,DD,126535.815,,,,,,
gmna,Make,2027,Actual,P00078378,182.5,Iteration,D3D200461,NEW_FTD_OTHER_DD_9-11_FSD,HOOD INR,8.15,8.5,2,2,REPLACED,14601.825,,,,,,
gmna,Make,2027,Actual,P00078378,2334.1,Iteration,D3D200461,NEW_FTD_OTHER_DD_9-11_FSD,HOOD INR,8.15,8.5,3,3,REPLACED,186751.341,,,,,,
gmna,Make,2027,Actual,P00078378,141,Iteration,D3D200461,NEW_FTD_OTHER_DD_9-11_FSD,HOOD INR,8.15,8.5,2,2,REPLACED,11281.41,,,,,,
gmna,Make,2027,Actual,P00078378,272.6,Iteration,D3D200461,NEW_FTD_OTHER_DD_9-11_FSD,HOOD INR,8.15,8.5,5,5,REPLACED,21810.726,,,,,,
gmna,Make,2027,Actual,P00078378,70,Iteration,D3D200461,NEW_FTD_OTHER_DD_9-11_FSD,HOOD INR,8.15,8.5,2,2,REPLACED,5600.7,,,,,,
gmna,Make,2027,Actual,P00084348,206,V6,D3D200461,NEW_FTD_OTHER_DD_9-11_FSD,HOOD INR,8.15,8.5,3,0,DD,16482.06,,,,,,
gmna,Make,2027,Actual,P00077879,115.5,Iteration,D3D200461,NEW_FTD_OTHER_DD_9-11_FSD,HOOD INR,7.72,9.55,2,2,DD,9241.155,,,,,,
gmna,Make,2027,Actual,P00078001,348.1,Total,D2Y450700,FTD_DSGN_DIE_FSD,DASH,4.97,5.24,3,3,DSGN,27848,,82866.58,0.79,0.42,1.21,239150.9
gmna,Make,2027,Actual,P00077993,364.9,Total,D2Y450700,FTD_DSGN_DIE_FSD,DASH,4.97,5.24,3,3,DSGN,29192,,71402.52,0.78,0.36,1.15,225807.46
gmna,Make,2027,Actual,P00075539,322.1,Total,D2Y450700,FTD_DSGN_DIE_FSD,FENDER OTR,13.09,16.62,3,3,DSGN,25768,,127710.26,2.16,0.65,2.81,553708.72
gmna,Make,2027,Actual,P00075557,331.5,Total,D2Y450700,FTD_DSGN_DIE_FSD,FENDER OTR,13.09,16.62,3,3,DSGN,26520,,249411.79,2.18,1.26,3.44,679286.04
gmna,Make,2027,Actual,P00075545,411.5,Total,D2Y450700,FTD_DSGN_DIE_FSD,FENDER OTR,13.09,16.62,3,3,DSGN,32920,,194545.13,2.2,0.99,3.18,628009.18
gmna,Make,2027,Actual,P00075551,476.3,Total,D2Y450700,FTD_DSGN_DIE_FSD,FENDER OTR,13.09,16.62,3,3,DSGN,38104,,202846.9,2.64,1.03,3.66,722594.91
gmna,Make,2027,Actual,P00075547,510.4,Total,D3J350460,FTD_FENDER_V2_12-14_FSD,FENDER OTR,13.09,16.62,1,1,V2,40837.104,,202846.9,2.64,1.03,3.66,722594.91
gmna,Make,2027,Actual,P00075538,531.1,Total,D3I450560,FTD_FENDER_DIE_PREP_12-14_FSD,FENDER OTR,13.09,16.62,6,6,DIE-PREP,42493.311,,127710.26,2.16,0.65,2.81,553708.72
gmna,Make,2027,Actual,P00075536,813.6,Total,D3N300260,FTD_FENDER_DAS_12-14_FSD,FENDER OTR,13.09,16.62,4,4,DAS,65096.136,,127710.26,2.16,0.65,2.81,553708.72
gmna,Make,2027,Actual,P00077892,300.1,Patterns,D3I450460,FTD_OTHER_DIE_PREP_9-11_FSD,HOOD OTR,9.02,10.5,5,5,DIE-PREP,24011.001,,101763.48,1.28,0.52,1.8,354076.59
gmna,Make,2027,Actual,P00077900,303.5,Patterns,D3I450460,FTD_OTHER_DIE_PREP_9-11_FSD,HOOD OTR,9.02,10.5,5,5,DIE-PREP,24283.035,,87480.18,1.1,0.44,1.55,305356.39
gmna,Make,2027,Actual,P00077884,306.8,Patterns,D3I450460,FTD_OTHER_DIE_PREP_9-11_FSD,HOOD OTR,9.02,10.5,5,5,DIE-PREP,24547.068,,116087.72,1.96,0.59,2.54,501781.72
gmna,Make,2027,Actual,P00077900,36,Process Planning,D3I450460,FTD_OTHER_DIE_PREP_9-11_FSD,HOOD OTR,9.02,10.5,1,1,DIE-PREP,2880.36,,87480.18,1.1,0.44,1.55,305356.39
gmna,Make,2027,Actual,P00077892,41.5,Process Planning,D3I450460,FTD_OTHER_DIE_PREP_9-11_FSD,HOOD OTR,9.02,10.5,1,1,DIE-PREP,3320.415,,101763.48,1.28,0.52,1.8,354076.59
gmna,Make,2027,Actual,P00077884,49,Process Planning,D3I450460,FTD_OTHER_DIE_PREP_9-11_FSD,HOOD OTR,9.02,10.5,1,1,DIE-PREP,3920.49,,116087.72,1.96,0.59,2.54,501781.72
gmna,Make,2027,Actual,P00077897,157,Subassembly,D3N300160,FTD_OTHER_DAS_9-11_FSD,HOOD OTR,9.02,10.5,1,1,DAS,12561.57,,87480.18,1.1,0.44,1.55,305356.39
gmna,Make,2027,Actual,P00075553,635.3,Total,D3J350460,FTD_FENDER_V2_12-14_FSD,FENDER OTR,13.09,16.62,1,1,V2,50830.353,,249411.79,2.18,1.26,3.44,679286.04
gmna,Make,2027,Actual,P00075538,44,Process Planning,D3I450560,FTD_FENDER_DIE_PREP_12-14_FSD,FENDER OTR,13.09,16.62,1,1,DIE-PREP,3520.44,,127710.26,2.16,0.65,2.81,553708.72
gmna,Make,2027,Actual,P00076838,584.2,V2,D3J350460,FTD_FENDER_V2_12-14_FSD,FENDER OTR,12.47,16.1,1,1,V2,46741.842,,165361.69,2.09,0.84,2.93,578365.41
gmna,Make,2027,Actual,P00078055,758.8,Iteration,D3D200590,NEW_FTD_FENDER_DD_12-14_FSD,FENDER OTR,12.47,16.1,2,2,DD,60711.588,,,,,,
gmna,Make,2027,Actual,P00078055,7340.2,Iteration,D3D200590,NEW_FTD_FENDER_DD_12-14_FSD,FENDER OTR,12.47,16.1,3,3,DD,587289.402,,,,,,
gmna,Make,2027,Actual,P00078055,703.4,Iteration,D3D200590,NEW_FTD_FENDER_DD_12-14_FSD,FENDER OTR,12.47,16.1,2,2,DD,56279.034,,,,,,
gmna,Make,2027,Actual,P00078055,4709.8,Iteration,D3D200590,NEW_FTD_FENDER_DD_12-14_FSD,FENDER OTR,12.47,16.1,5,5,DD,376831.098,,,,,,
gmna,Make,2027,Actual,P00078055,577.1,Iteration,D3D200590,NEW_FTD_FENDER_DD_12-14_FSD,FENDER OTR,12.47,16.1,2,2,DD,46173.771,,,,,,
gmna,Make,2027,Actual,P00078055,3372.4,V6,D3D200590,NEW_FTD_FENDER_DD_12-14_FSD,FENDER OTR,12.47,16.1,3,3,DD,269825.724,,,,,,
gmna,Make,2027,Actual,P00075542,726.1,Assembly,D3N300260,FTD_FENDER_DAS_12-14_FSD,FENDER OTR,13.09,16.62,1,1,DAS,58095.261,,194545.13,2.2,0.99,3.18,628009.18
gmna,Make,2027,Actual,P00075536,769.1,Assembly,D3N300260,FTD_FENDER_DAS_12-14_FSD,FENDER OTR,13.09,16.62,1,1,DAS,61535.691,,127710.26,2.16,0.65,2.81,553708.72
gmna,Make,2027,Actual,P00075539,322.1,Design,D2Y450700,FTD_DSGN_DIE_FSD,FENDER OTR,13.09,16.62,3,3,DSGN,25768,,127710.26,2.16,0.65,2.81,553708.72
gmna,Make,2027,Actual,P00075557,331.5,Design,D2Y450700,FTD_DSGN_DIE_FSD,FENDER OTR,13.09,16.62,3,3,DSGN,26520,,249411.79,2.18,1.26,3.44,679286.04
gmna,Make,2027,Actual,P00075545,411.5,Design,D2Y450700,FTD_DSGN_DIE_FSD,FENDER OTR,13.09,16.62,3,3,DSGN,32920,,194545.13,2.2,0.99,3.18,628009.18
gmna,Make,2027,Actual,P00075551,476.3,Design,D2Y450700,FTD_DSGN_DIE_FSD,FENDER OTR,13.09,16.62,3,3,DSGN,38104,,202846.9,2.64,1.03,3.66,722594.91
gmna,Make,2027,Actual,P00075542,667.4,Final Machining,D3N300260,FTD_FENDER_DAS_12-14_FSD,FENDER OTR,13.09,16.62,1,1,DAS,53398.674,,194545.13,2.2,0.99,3.18,628009.18
gmna,Make,2027,Actual,P00075538,487.1,Patterns,D3I450560,FTD_FENDER_DIE_PREP_12-14_FSD,FENDER OTR,13.09,16.62,5,5,DIE-PREP,38972.871,,127710.26,2.16,0.65,2.81,553708.72
gmna,Make,2027,Actual,P00075544,25,Process Planning,D3I450560,FTD_FENDER_DIE_PREP_12-14_FSD,FENDER OTR,13.09,16.62,1,1,DIE-PREP,2000.25,,194545.13,2.2,0.99,3.18,628009.18
gmna,Make,2027,Actual,P00078346,64,Iteration,D3D200461,NEW_FTD_OTHER_DD_9-11_FSD,HOOD OTR,9.18,10.48,5,1,DD,5120.64,,,,,,
gmna,Make,2027,Actual,P00078346,958.1,V6,D3D200461,NEW_FTD_OTHER_DD_9-11_FSD,HOOD OTR,9.18,10.48,3,1,DD,76657.581,,,,,,
gmna,Make,2027,Actual,P00078740,323.9,Iteration,D3D200421,NEW_FTD_OTHER_DD_5-7_FSD,DASH,4.97,5.24,2,2,DD,25915.239,,,,,,
gmna,Make,2027,Actual,P00078740,2180.8,Iteration,D3D200421,NEW_FTD_OTHER_DD_5-7_FSD,DASH,4.97,5.24,3,3,DD,174485.808,,,,,,
gmna,Make,2027,Actual,P00078740,88,Iteration,D3D200421,NEW_FTD_OTHER_DD_5-7_FSD,DASH,4.97,5.24,2,2,DD,7040.88,,,,,,
gmna,Make,2027,Actual,P00078740,497.4,Iteration,D3D200421,NEW_FTD_OTHER_DD_5-7_FSD,DASH,4.97,5.24,5,5,DD,39796.974,,,,,,
gmna,Make,2027,Actual,P00073423,1935.9,V6,D3D200590,NEW_FTD_FENDER_DD_12-14_FSD,FENDER OTR,13.09,16.62,3,3,DD,154891.359,,,,,,
gmna,Make,2027,Actual,P00073423,295.1,Iteration,D3D200590,NEW_FTD_FENDER_DD_12-14_FSD,FENDER OTR,13.09,16.62,2,2,DD,23610.951,,,,,,
gmna,Make,2027,Actual,P00082297,1,Iteration,D3D200401,NEW_FTD_OTHER_DD_3-5_FSD,F/END PNL,,2.66,2,2,DD,80.01,,,,,,
gmna,Make,2027,Actual,P00082297,1,Iteration,D3D200401,NEW_FTD_OTHER_DD_3-5_FSD,F/END PNL,,2.66,2,2,DD,80.01,,,,,,
gmna,Make,2027,Actual,P00082297,1,Iteration,D3D200401,NEW_FTD_OTHER_DD_3-5_FSD,F/END PNL,,2.66,2,2,DD,80.01,,,,,,
gmna,Make,2027,Actual,P00082297,74,V6,D3D200401,NEW_FTD_OTHER_DD_3-5_FSD,F/END PNL,,2.66,3,3,DD,5920.74,,,,,,
gmna,Make,2027,Actual,P00082306,1,Iteration,D3D200401,NEW_FTD_OTHER_DD_3-5_FSD,F/END PNL,,2.66,2,2,DD,80.01,,,,,,
gmna,Make,2027,Actual,P00078740,693,V6,D3D200421,NEW_FTD_OTHER_DD_5-7_FSD,DASH,4.97,5.24,3,3,DD,55446.93,,,,,,
gmna,Make,2027,Actual,P00075542,1409.5,Total,D3N300260,FTD_FENDER_DAS_12-14_FSD,FENDER OTR,13.09,16.62,3,3,DAS,112774.095,,194545.13,2.2,0.99,3.18,628009.18
gmna,Make,2027,Actual,P00075541,1428.1,Total,D3J350460,FTD_FENDER_V2_12-14_FSD,FENDER OTR,13.09,16.62,1,1,V2,114262.281,,194545.13,2.2,0.99,3.18,628009.18
gmna,Make,2027,Actual,P00075535,2060.8,V1,D3M350260,FTD_FENDER_V1_12-14_FSD,FENDER OTR,13.09,16.62,1,1,V1,164884.608,,127710.26,2.16,0.65,2.81,553708.72
gmna,Make,2027,Actual,P00075547,510.4,V2,D3J350460,FTD_FENDER_V2_12-14_FSD,FENDER OTR,13.09,16.62,1,1,V2,40837.104,,202846.9,2.64,1.03,3.66,722594.91
gmna,Make,2027,Actual,P00075553,635.3,V2,D3J350460,FTD_FENDER_V2_12-14_FSD,FENDER OTR,13.09,16.62,1,1,V2,50830.353,,249411.79,2.18,1.26,3.44,679286.04
gmna,Make,2027,Actual,P00075541,1428.1,V2,D3J350460,FTD_FENDER_V2_12-14_FSD,FENDER OTR,13.09,16.62,1,1,V2,114262.281,,194545.13,2.2,0.99,3.18,628009.18
gmna,Make,2027,Actual,P00073423,614.3,Iteration,D3D200590,NEW_FTD_FENDER_DD_12-14_FSD,FENDER OTR,13.09,16.62,2,2,DD,49150.143,,,,,,
gmna,Make,2027,Actual,P00073423,4259.9,Iteration,D3D200590,NEW_FTD_FENDER_DD_12-14_FSD,FENDER OTR,13.09,16.62,3,3,DD,340834.599,,,,,,
gmna,Make,2027,Actual,P00078346,221.5,Iteration,D3D200461,NEW_FTD_OTHER_DD_9-11_FSD,HOOD OTR,9.18,10.48,2,2,DD,17722.215,,,,,,
gmna,Make,2027,Actual,P00076830,1808.5,V1,D3M350260,FTD_FENDER_V1_12-14_FSD,FENDER OTR,12.47,16.1,1,1,V1,144698.085,,125315.32,2.03,0.64,2.66,525064.7
gmna,Make,2027,Actual,P00078346,2315.9,Iteration,D3D200461,NEW_FTD_OTHER_DD_9-11_FSD,HOOD OTR,9.18,10.48,3,3,DD,185295.159,,,,,,
gmna,Make,2027,Actual,P00077878,2505.9,V6,D3D200461,NEW_FTD_OTHER_DD_9-11_FSD,HOOD OTR,9.02,10.5,3,3,DD,200497.059,,,,,,
gmna,Make,2027,Actual,P00077903,80.9,Total,D2Y450710.1,FTD Design-UPD,HOOD OTR,9.02,10.5,4,4,DSGN,6472,,87480.18,1.1,0.44,1.55,305356.39
gmna,Make,2027,Actual,P00077897,157,Total,D3N300160,FTD_OTHER_DAS_9-11_FSD,HOOD OTR,9.02,10.5,1,1,DAS,12561.57,,87480.18,1.1,0.44,1.55,305356.39
gmna,Make,2027,Actual,P00077900,339.5,Total,D3I450460,FTD_OTHER_DIE_PREP_9-11_FSD,HOOD OTR,9.02,10.5,6,6,DIE-PREP,27163.395,,87480.18,1.1,0.44,1.55,305356.39
gmna,Make,2027,Actual,P00077892,341.6,Total,D3I450460,FTD_OTHER_DIE_PREP_9-11_FSD,HOOD OTR,9.02,10.5,6,6,DIE-PREP,27331.416,,101763.48,1.28,0.52,1.8,354076.59
gmna,Make,2027,Actual,P00077886,348.1,Total,D2Y450700,FTD_DSGN_DIE_FSD,HOOD OTR,9.02,10.5,3,3,DSGN,27848,,116087.72,1.96,0.59,2.54,501781.72
gmna,Make,2027,Actual,P00077884,355.8,Total,D3I450460,FTD_OTHER_DIE_PREP_9-11_FSD,HOOD OTR,9.02,10.5,6,6,DIE-PREP,28467.558,,116087.72,1.96,0.59,2.54,501781.72
gmna,Make,2027,Actual,P00077894,438.5,Total,D2Y450700,FTD_DSGN_DIE_FSD,HOOD OTR,9.02,10.5,3,3,DSGN,35080,,101763.48,1.28,0.52,1.8,354076.59
gmna,Make,2027,Actual,P00077902,513,Total,D2Y450700,FTD_DSGN_DIE_FSD,HOOD OTR,9.02,10.5,3,3,DSGN,41040,,87480.18,1.1,0.44,1.55,305356.39
gmna,Make,2027,Actual,P00077910,520,Total,D2Y450700,FTD_DSGN_DIE_FSD,HOOD OTR,9.02,10.5,3,3,DSGN,41600,,193386.5,2.15,0.98,3.13,617948.85
gmna,Make,2027,Actual,P00077904,654.5,Total,D3J350360,FTD_OTHER_V2_9-11_FSD,HOOD OTR,9.02,10.5,1,1,V2,52366.545,,193386.5,2.15,0.98,3.13,617948.85
gmna,Make,2027,Actual,P00077881,769.4,Total,D3N300160,FTD_OTHER_DAS_9-11_FSD,HOOD OTR,9.02,10.5,4,4,DAS,61559.694,,116087.72,1.96,0.59,2.54,501781.72
gmna,Make,2027,Actual,P00077987,154.6,V2,D3J350360,FTD_OTHER_V2_9-11_FSD,DASH,4.97,5.24,1,1,V2,12369.546,,71402.52,0.78,0.36,1.15,225807.46
gmna,Make,2027,Actual,P00077880,1903.1,V1,D3M350160,FTD_OTHER_V1_9-11_FSD,HOOD OTR,9.02,10.5,1,1,V1,152267.031,,116087.72,1.96,0.59,2.54,501781.72
gmna,Make,2027,Actual,P00077904,654.5,V2,D3J350360,FTD_OTHER_V2_9-11_FSD,HOOD OTR,9.02,10.5,1,1,V2,52366.545,,193386.5,2.15,0.98,3.13,617948.85
gmna,Make,2027,Actual,P00081318,108,Iteration,D5Z450790,FTD_RW_DESIGN_PROCESSPLANNING,HOOD OTR,9.02,10.5,2,2,ENG-EWO-TS,8641.08,,,,,,
gmna,Make,2027,Actual,P00077878,825.5,Iteration,D3D200461,NEW_FTD_OTHER_DD_9-11_FSD,HOOD OTR,9.02,10.5,2,2,DD,66048.255,,,,,,
gmna,Make,2027,Actual,P00077878,2732.9,Iteration,D3D200461,NEW_FTD_OTHER_DD_9-11_FSD,HOOD OTR,9.02,10.5,3,3,DD,218659.329,,,,,,
gmna,Make,2027,Actual,P00077878,246.5,Iteration,D3D200461,NEW_FTD_OTHER_DD_9-11_FSD,HOOD OTR,9.02,10.5,2,2,DD,19722.465,,,,,,
gmna,Make,2027,Actual,P00077878,1021.8,Iteration,D3D200461,NEW_FTD_OTHER_DD_9-11_FSD,HOOD OTR,9.02,10.5,5,5,DD,81754.218,,,,,,
gmna,Make,2027,Actual,P00077878,721.9,Iteration,D3D200461,NEW_FTD_OTHER_DD_9-11_FSD,HOOD OTR,9.02,10.5,2,2,DD,57759.219,,,,,,
gmna,Make,2027,Actual,P00078346,183.6,Iteration,D3D200461,NEW_FTD_OTHER_DD_9-11_FSD,HOOD OTR,9.18,10.48,2,2,DD,14689.836,,,,,,
gmna,Make,2027,Actual,P00077999,359.1,Total,D3I450460,FTD_OTHER_DIE_PREP_9-11_FSD,DASH,4.97,5.24,6,6,DIE-PREP,28731.591,,82866.58,0.79,0.42,1.21,239150.9
gmna,Make,2027,Actual,P00076844,385.4,Design,D2Y450700,FTD_DSGN_DIE_FSD,FENDER OTR,12.47,16.1,3,3,DSGN,30832,,165361.69,2.09,0.84,2.93,578365.41
gmna,Make,2027,Actual,P00076860,433.7,Design,D2Y450700,FTD_DSGN_DIE_FSD,FENDER OTR,12.47,16.1,3,3,DSGN,34696,,237313.75,2.1,1.2,3.3,651221.39
gmna,Make,2027,Actual,P00076852,467.9,Design,D2Y450700,FTD_DSGN_DIE_FSD,FENDER OTR,12.47,16.1,3,3,DSGN,37432,,224549.92,2.44,1.14,3.58,706119
gmna,Make,2027,Actual,P00076834,24.5,Process Planning,D3I450560,FTD_FENDER_DIE_PREP_12-14_FSD,FENDER OTR,12.47,16.1,1,1,DIE-PREP,1960.245,,125315.32,2.03,0.64,2.66,525064.7
gmna,Make,2027,Actual,P00076831,146,Subassembly,D3N300260,FTD_FENDER_DAS_12-14_FSD,FENDER OTR,12.47,16.1,1,1,DAS,11681.46,,125315.32,2.03,0.64,2.66,525064.7
gmna,Make,2027,Actual,P00076836,317.5,Design,D2Y450700,FTD_DSGN_DIE_FSD,FENDER OTR,12.47,16.1,3,3,DSGN,25400,,125315.32,2.03,0.64,2.66,525064.7
gmna,Make,2027,Actual,P00076836,317.5,Total,D2Y450700,FTD_DSGN_DIE_FSD,FENDER OTR,12.47,16.1,3,3,DSGN,25400,,125315.32,2.03,0.64,2.66,525064.7
gmna,Make,2027,Actual,P00076844,385.4,Total,D2Y450700,FTD_DSGN_DIE_FSD,FENDER OTR,12.47,16.1,3,3,DSGN,30832,,165361.69,2.09,0.84,2.93,578365.41
gmna,Make,2027,Actual,P00076860,433.7,Total,D2Y450700,FTD_DSGN_DIE_FSD,FENDER OTR,12.47,16.1,3,3,DSGN,34696,,237313.75,2.1,1.2,3.3,651221.39
gmna,Make,2027,Actual,P00076852,467.9,Total,D2Y450700,FTD_DSGN_DIE_FSD,FENDER OTR,12.47,16.1,3,3,DSGN,37432,,224549.92,2.44,1.14,3.58,706119
gmna,Make,2027,Actual,P00076834,552.9,Total,D3I450560,FTD_FENDER_DIE_PREP_12-14_FSD,FENDER OTR,12.47,16.1,6,6,DIE-PREP,44237.529,,125315.32,2.03,0.64,2.66,525064.7
gmna,Make,2027,Actual,P00076830,1808.5,Total,D3M350260,FTD_FENDER_V1_12-14_FSD,FENDER OTR,12.47,16.1,1,1,V1,144698.085,,125315.32,2.03,0.64,2.66,525064.7
gmna,Make,2027,Actual,P00077991,378.7,Total,D3I450460,FTD_OTHER_DIE_PREP_9-11_FSD,DASH,4.97,5.24,6,6,DIE-PREP,30299.787,,71402.52,0.78,0.36,1.15,225807.46
gmna,Make,2027,Actual,P00077985,399,Total,D2Y450700,FTD_DSGN_DIE_FSD,DASH,4.97,5.24,3,3,DSGN,31920,,70368.38,0.93,0.36,1.29,254506.83
gmna,Make,2027,Actual,P00077972,461.5,Total,D3N300160,FTD_OTHER_DAS_9-11_FSD,DASH,4.97,5.24,4,4,DAS,36924.615,,54767.85,1.04,0.28,1.32,259983.12
gmna,Make,2027,Actual,P00077983,503.2,Total,D3I450460,FTD_OTHER_DIE_PREP_9-11_FSD,DASH,4.97,5.24,6,6,DIE-PREP,40261.032,,70368.38,0.93,0.36,1.29,254506.83
gmna,Make,2027,Actual,P00077971,579.3,Total,D3M350160,FTD_OTHER_V1_9-11_FSD,DASH,4.97,5.24,1,1,V1,46349.793,,54767.85,1.04,0.28,1.32,259983.12
gmna,Make,2027,Actual,P00077996,863.4,Total,D3N300160,FTD_OTHER_DAS_9-11_FSD,DASH,4.97,5.24,4,4,DAS,69080.634,,82866.58,0.79,0.42,1.21,239150.9
gmna,Make,2027,Actual,P00077980,865.8,Total,D3N300160,FTD_OTHER_DAS_9-11_FSD,DASH,4.97,5.24,4,4,DAS,69272.658,,70368.38,0.93,0.36,1.29,254506.83
gmna,Make,2027,Actual,P00077971,579.3,V1,D3M350160,FTD_OTHER_V1_9-11_FSD,DASH,4.97,5.24,1,1,V1,46349.793,,54767.85,1.04,0.28,1.32,259983.12
gmna,Make,2027,Actual,P00077995,105.5,V2,D3J350360,FTD_OTHER_V2_9-11_FSD,DASH,4.97,5.24,1,1,V2,8441.055,,82866.58,0.79,0.42,1.21,239150.9
gmna,Make,2027,Actual,P00077979,137.2,V2,D3J350360,FTD_OTHER_V2_9-11_FSD,DASH,4.97,5.24,1,1,V2,10977.372,,70368.38,0.93,0.36,1.29,254506.83
gmna,Make,2027,Actual,P00077881,769.4,Assembly,D3N300160,FTD_OTHER_DAS_9-11_FSD,HOOD OTR,9.02,10.5,1,1,DAS,61559.694,,116087.72,1.96,0.59,2.54,501781.72
gmna,Make,2027,Actual,P00077886,348.1,Design,D2Y450700,FTD_DSGN_DIE_FSD,HOOD OTR,9.02,10.5,3,3,DSGN,27848,,116087.72,1.96,0.59,2.54,501781.72
gmna,Make,2027,Actual,P00077894,438.5,Design,D2Y450700,FTD_DSGN_DIE_FSD,HOOD OTR,9.02,10.5,3,3,DSGN,35080,,101763.48,1.28,0.52,1.8,354076.59
gmna,Make,2027,Actual,P00077910,520,Design,D2Y450700,FTD_DSGN_DIE_FSD,HOOD OTR,9.02,10.5,3,3,DSGN,41600,,193386.5,2.15,0.98,3.13,617948.85
gmna,Make,2027,Actual,P00076831,851.6,Assembly,D3N300260,FTD_FENDER_DAS_12-14_FSD,FENDER OTR,12.47,16.1,1,1,DAS,68136.516,,125315.32,2.03,0.64,2.66,525064.7
gmna,Make,2027,Actual,P00076838,584.2,Total,D3J350460,FTD_FENDER_V2_12-14_FSD,FENDER OTR,12.47,16.1,1,1,V2,46741.842,,165361.69,2.09,0.84,2.93,578365.41
gmna,Make,2027,Actual,P00076831,1033.6,Total,D3N300260,FTD_FENDER_DAS_12-14_FSD,FENDER OTR,12.47,16.1,4,4,DAS,82698.336,,125315.32,2.03,0.64,2.66,525064.7
gmna,Make,2029,Actual,P00078146,106.3,Iteration,D3D200421,NEW_FTD_OTHER_DD_5-7_FSD,FRONT FLOOR,6.72,7.41,3,3,REPLACED,8505.063,,,,,,
gmna,Make,2029,Actual,P00078190,543.7,Assembly,D3N300160,FTD_OTHER_DAS_9-11_FSD,FRONT FLOOR,6.72,7.41,1,1,DAS,43501.437,,74587.16,1.02,0.38,1.4,275269.24
gmna,Make,2029,Actual,P00078172,580.6,Assembly,D3N300160,FTD_OTHER_DAS_9-11_FSD,FRONT FLOOR,6.72,7.41,1,1,DAS,46453.806,,70523.55,0.99,0.36,1.35,265507.29
gmna,Make,2029,Actual,P00078178,76,Total,D2Y450710.1,FTD Design-UPD,FRONT FLOOR,6.72,7.41,4,4,DSGN,6080,,70523.55,0.99,0.36,1.35,265507.29
gmna,Make,2029,Actual,P00078196,76,Total,D2Y450710.1,FTD Design-UPD,FRONT FLOOR,6.72,7.41,4,4,DSGN,6080,,74587.16,1.02,0.38,1.4,275269.24
gmna,Make,2029,Actual,P00078183,266.9,Total,D3I450460,FTD_OTHER_DIE_PREP_9-11_FSD,FRONT FLOOR,6.72,7.41,6,6,DIE-PREP,21354.669,,83549.93,0.98,0.42,1.4,276546.62
gmna,Make,2029,Actual,P00078193,278.9,Total,D3I450460,FTD_OTHER_DIE_PREP_9-11_FSD,FRONT FLOOR,6.72,7.41,6,6,DIE-PREP,22314.789,,74587.16,1.02,0.38,1.4,275269.24
gmna,Make,2029,Actual,P00078169,281,Total,D2Y450700,FTD_DSGN_DIE_FSD,FRONT FLOOR,6.72,7.41,3,3,DSGN,22480,,124051.52,1.94,0.63,2.57,507069.77
gmna,Make,2029,Actual,P00078175,292.7,Total,D3I450460,FTD_OTHER_DIE_PREP_9-11_FSD,FRONT FLOOR,6.72,7.41,6,6,DIE-PREP,23418.927,,70523.55,0.99,0.36,1.35,265507.29
gmna,Make,2029,Actual,P00078185,303,Total,D2Y450700,FTD_DSGN_DIE_FSD,FRONT FLOOR,6.72,7.41,3,3,DSGN,24240,,83549.93,0.98,0.42,1.4,276546.62
gmna,Make,2029,Actual,P00078197,305.1,Total,D2Y450700,FTD_DSGN_DIE_FSD,FRONT FLOOR,6.72,7.41,3,3,DSGN,24408,,74587.16,1.02,0.38,1.4,275269.24
gmna,Make,2029,Actual,P00078177,318,Total,D2Y450700,FTD_DSGN_DIE_FSD,FRONT FLOOR,6.72,7.41,3,3,DSGN,25440,,70523.55,0.99,0.36,1.35,265507.29
gmna,Make,2029,Actual,P00078167,447.5,Total,D3I450460,FTD_OTHER_DIE_PREP_9-11_FSD,FRONT FLOOR,6.72,7.41,6,6,DIE-PREP,35804.475,,124051.52,1.94,0.63,2.57,507069.77
gmna,Make,2029,Actual,P00078189,533.6,Total,D3J350360,FTD_OTHER_V2_9-11_FSD,FRONT FLOOR,6.72,7.41,1,1,V2,42693.336,,74587.16,1.02,0.38,1.4,275269.24
gmna,Make,2029,Actual,P00078171,621.7,Total,D3J350360,FTD_OTHER_V2_9-11_FSD,FRONT FLOOR,6.72,7.41,1,1,V2,49742.217,,70523.55,0.99,0.36,1.35,265507.29
gmna,Make,2029,Actual,P00078163,771.6,Total,D3M350160,FTD_OTHER_V1_9-11_FSD,FRONT FLOOR,6.72,7.41,1,1,V1,61735.716,,124051.52,1.94,0.63,2.57,507069.77
gmna,Make,2029,Actual,P00078164,1422,Total,D3N300160,FTD_OTHER_DAS_9-11_FSD,FRONT FLOOR,6.72,7.41,4,4,DAS,113774.22,,124051.52,1.94,0.63,2.57,507069.77
gmna,Make,2029,Actual,P00078163,771.6,V1,D3M350160,FTD_OTHER_V1_9-11_FSD,FRONT FLOOR,6.72,7.41,1,1,V1,61735.716,,124051.52,1.94,0.63,2.57,507069.77
gmna,Make,2029,Actual,P00078189,533.6,V2,D3J350360,FTD_OTHER_V2_9-11_FSD,FRONT FLOOR,6.72,7.41,1,1,V2,42693.336,,74587.16,1.02,0.38,1.4,275269.24
gmna,Make,2029,Actual,P00078171,621.7,V2,D3J350360,FTD_OTHER_V2_9-11_FSD,FRONT FLOOR,6.72,7.41,1,1,V2,49742.217,,70523.55,0.99,0.36,1.35,265507.29
gmna,Make,2029,Actual,P00081176,1008.7,V6,D3D200421,NEW_FTD_OTHER_DD_5-7_FSD,FRONT FLOOR,6.72,7.41,3,3,DD,80706.087,,,,,,
gmna,Make,2029,Actual,P00081176,89.5,Iteration,D3D200421,NEW_FTD_OTHER_DD_5-7_FSD,FRONT FLOOR,6.72,7.41,2,2,DD,7160.895,,,,,,
gmna,Make,2029,Actual,P00078179,648.3,V2,D3J350360,FTD_OTHER_V2_9-11_FSD,FRONT FLOOR,6.72,7.41,1,1,V2,51870.483,,83549.93,0.98,0.42,1.4,276546.62
gmna,Make,2029,Actual,P00078179,648.3,Total,D3J350360,FTD_OTHER_V2_9-11_FSD,FRONT FLOOR,6.72,7.41,1,1,V2,51870.483,,83549.93,0.98,0.42,1.4,276546.62
gmna,Make,2029,Actual,P00081176,104.5,Iteration,D3D200421,NEW_FTD_OTHER_DD_5-7_FSD,FRONT FLOOR,6.72,7.41,2,2,DD,8361.045,,,,,,
gmna,Make,2029,Actual,P00078164,165.8,Subassembly,D3N300160,FTD_OTHER_DAS_9-11_FSD,FRONT FLOOR,6.72,7.41,1,1,DAS,13265.658,,124051.52,1.94,0.63,2.57,507069.77
gmna,Make,2029,Actual,P00078164,797.8,Assembly,D3N300160,FTD_OTHER_DAS_9-11_FSD,FRONT FLOOR,6.72,7.41,1,1,DAS,63831.978,,124051.52,1.94,0.63,2.57,507069.77
gmna,Make,2029,Actual,P00078169,281,Design,D2Y450700,FTD_DSGN_DIE_FSD,FRONT FLOOR,6.72,7.41,3,3,DSGN,22480,,124051.52,1.94,0.63,2.57,507069.77
gmna,Make,2029,Actual,P00078185,303,Design,D2Y450700,FTD_DSGN_DIE_FSD,FRONT FLOOR,6.72,7.41,3,3,DSGN,24240,,83549.93,0.98,0.42,1.4,276546.62
gmna,Make,2029,Actual,P00078197,305.1,Design,D2Y450700,FTD_DSGN_DIE_FSD,FRONT FLOOR,6.72,7.41,3,3,DSGN,24408,,74587.16,1.02,0.38,1.4,275269.24
gmna,Make,2029,Actual,P00078177,318,Design,D2Y450700,FTD_DSGN_DIE_FSD,FRONT FLOOR,6.72,7.41,3,3,DSGN,25440,,70523.55,0.99,0.36,1.35,265507.29
gmna,Make,2029,Actual,P00078190,318,Final Machining,D3N300160,FTD_OTHER_DAS_9-11_FSD,FRONT FLOOR,6.72,7.41,1,1,DAS,25443.18,,74587.16,1.02,0.38,1.4,275269.24
gmna,Make,2029,Actual,P00078180,318.4,Final Machining,D3N300160,FTD_OTHER_DAS_9-11_FSD,FRONT FLOOR,6.72,7.41,1,1,DAS,25475.184,,83549.93,0.98,0.42,1.4,276546.62
gmna,Make,2029,Actual,P00078190,239.1,Subassembly,D3N300160,FTD_OTHER_DAS_9-11_FSD,FRONT FLOOR,6.72,7.41,1,1,DAS,19130.391,,74587.16,1.02,0.38,1.4,275269.24
gmna,Make,2029,Actual,P00078172,329.2,Final Machining,D3N300160,FTD_OTHER_DAS_9-11_FSD,FRONT FLOOR,6.72,7.41,1,1,DAS,26339.292,,70523.55,0.99,0.36,1.35,265507.29
gmna,Make,2029,Actual,P00078172,244.5,Initial Machining,D3N300160,FTD_OTHER_DAS_9-11_FSD,FRONT FLOOR,6.72,7.41,1,1,DAS,19562.445,,70523.55,0.99,0.36,1.35,265507.29
gmna,Make,2029,Actual,P00078183,236.9,Patterns,D3I450460,FTD_OTHER_DIE_PREP_9-11_FSD,FRONT FLOOR,6.72,7.41,5,5,DIE-PREP,18954.369,,83549.93,0.98,0.42,1.4,276546.62
gmna,Make,2029,Actual,P00078193,245.9,Patterns,D3I450460,FTD_OTHER_DIE_PREP_9-11_FSD,FRONT FLOOR,6.72,7.41,5,5,DIE-PREP,19674.459,,74587.16,1.02,0.38,1.4,275269.24
gmna,Make,2029,Actual,P00078167,422.5,Patterns,D3I450460,FTD_OTHER_DIE_PREP_9-11_FSD,FRONT FLOOR,6.72,7.41,5,5,DIE-PREP,33804.225,,124051.52,1.94,0.63,2.57,507069.77
gmna,Make,2029,Actual,P00078175,21,Process Planning,D3I450460,FTD_OTHER_DIE_PREP_9-11_FSD,FRONT FLOOR,6.72,7.41,1,1,DIE-PREP,1680.21,,70523.55,0.99,0.36,1.35,265507.29
gmna,Make,2029,Actual,P00078167,25,Process Planning,D3I450460,FTD_OTHER_DIE_PREP_9-11_FSD,FRONT FLOOR,6.72,7.41,1,1,DIE-PREP,2000.25,,124051.52,1.94,0.63,2.57,507069.77
gmna,Make,2029,Actual,P00078183,30,Process Planning,D3I450460,FTD_OTHER_DIE_PREP_9-11_FSD,FRONT FLOOR,6.72,7.41,1,1,DIE-PREP,2400.3,,83549.93,0.98,0.42,1.4,276546.62
gmna,Make,2029,Actual,P00078193,33,Process Planning,D3I450460,FTD_OTHER_DIE_PREP_9-11_FSD,FRONT FLOOR,6.72,7.41,1,1,DIE-PREP,2640.33,,74587.16,1.02,0.38,1.4,275269.24
gmna,Make,2029,Actual,P00078180,112.9,Subassembly,D3N300160,FTD_OTHER_DAS_9-11_FSD,FRONT FLOOR,6.72,7.41,1,1,DAS,9033.129,,83549.93,0.98,0.42,1.4,276546.62
gmna,Make,2029,Actual,P00078172,156.3,Subassembly,D3N300160,FTD_OTHER_DAS_9-11_FSD,FRONT FLOOR,6.72,7.41,1,1,DAS,12505.563,,70523.55,0.99,0.36,1.35,265507.29
gmna,Make,2029,Actual,P00078164,458.4,Final Machining,D3N300160,FTD_OTHER_DAS_9-11_FSD,FRONT FLOOR,6.72,7.41,1,1,DAS,36676.584,,124051.52,1.94,0.63,2.57,507069.77
gmna,Make,2029,Actual,P00081176,1601.3,Iteration,D3D200421,NEW_FTD_OTHER_DD_5-7_FSD,FRONT FLOOR,6.72,7.41,3,3,DD,128120.013,,,,,,
